﻿4469486915015206,Sat Feb 08 00:16:21 +0800 2020,期待真相与正义的到来，为英雄正名！,6114948343,3590,岁月金世,7,21,m
4469487426728457,Sat Feb 08 00:18:23 +0800 2020,期待真相！！！,1878608300,1409,欢喜坨0314,176,266,f
4469488235695098,Sat Feb 08 00:21:37 +0800 2020,理性、等待真相和正义,3761663432,1102,-风卷红旗-,167,88,m
4469488059813683,Sat Feb 08 00:20:54 +0800 2020,期待最后的结果，正义一定不会缺席,7132220753,881,柠檬有点甜yn,1166,1166,f
4469489435194450,Sat Feb 08 00:26:23 +0800 2020,相信我们的党和国家会给人民一个交代,2968625817,784,利维e,15,77,f
4469488122318899,Sat Feb 08 00:21:10 +0800 2020,"向李医生致敬，一路走好<span class=""url-icon""><img alt=[蜡烛] src=""https://h5.sinaimg.cn/m/emoticon/icon/others/o_lazhu-6209fc6e73.png"" 
                style=""width:1em; height:1em;"" /></span><span class=""url-icon""><img alt=[蜡烛] src=""https://h5.sinaimg.cn/m/emoticon/icon/others/o_lazhu-6209fc6e73.png"" 
                style=""width:1em; height:1em;"" /></span>",7068507143,592,SINCERE42810,90,1,f
4469486097266015,Sat Feb 08 00:13:06 +0800 2020,我相信政府一定会还李医生一个公道！,1024325417,537,知足常乐ddm,631,808,f
4469487540109134,Sat Feb 08 00:18:51 +0800 2020,共同期待结果！,1870702291,326,不愿早起,237,463,m
4469490353590975,Sat Feb 08 00:30:02 +0800 2020,支持中央决定，期待调查结果。,6811449768,309,梦飞KEON,156,71,f
4469488450148370,Sat Feb 08 00:22:27 +0800 2020,感谢李文亮医生所做的一切   希望我们能尽快战胜疫情   加油,5126942108,253,日央是映呀,49,38,f
4469489322096348,Sat Feb 08 00:25:55 +0800 2020,期望公开公正透明的调查！,1684430132,275,ZenGXZ0,397,322,m
4469487866715546,Sat Feb 08 00:20:09 +0800 2020,相信国家[加油],3833841308,209,-哎喵吖-,148,283,f
4469486550033977,Sat Feb 08 00:14:54 +0800 2020,医者仁心,6443070818,142,卫清012,155,142,m
4469489397920786,Sat Feb 08 00:26:14 +0800 2020,"英雄永被铭记<span class=""url-icon""><img alt=[心] src=""https://h5.sinaimg.cn/m/emoticon/icon/others/l_xin-6912791858.png"" 
                style=""width:1em; height:1em;"" /></span>",6001935503,106,Wa_ng琦,720,371,f
4469488013783941,Sat Feb 08 00:20:43 +0800 2020,正义永远在[加油],3833841308,100,-哎喵吖-,148,283,f
4469486163584258,Sat Feb 08 00:13:22 +0800 2020,彻底调查,5652042759,107,sondero,224,142,f
4469487787341100,Sat Feb 08 00:19:50 +0800 2020,英雄走好,1954598664,75,RebeccaaaLauuu,344,813,f
4469490178319538,Sat Feb 08 00:29:19 +0800 2020,谢谢您守护人民，一路好走[蠟燭],6001935503,74,Wa_ng琦,720,371,f
4469490114885023,Sat Feb 08 00:29:05 +0800 2020,我相信我的国家 因为我爱它,3537503323,60,一米五七的长颈鹿,55,172,f
4469490169306885,Sat Feb 08 00:29:18 +0800 2020,还好人一个公道,3458256822,67,syyh-xml,44,84,m
4469488214604731,Sat Feb 08 00:21:32 +0800 2020,期待结果！,6004738888,52,ciwbcts,324,59,m
4469489167043137,Sat Feb 08 00:25:18 +0800 2020,疫情早日解决，国民生活早日回归正轨！晚安各位，早点睡,7030459090,37,快乐的小迪呀,203,157,m
4469490278616313,Sat Feb 08 00:29:44 +0800 2020,期待一个真相,1934704325,35,邹小超人,122,138,f
4469489770568704,Sat Feb 08 00:27:43 +0800 2020,"期待真相，还一个公道<span class=""url-icon""><img alt=[鲜花] src=""https://h5.sinaimg.cn/m/emoticon/icon/others/w_xianhua-6efa26efdf.png"" 
                style=""width:1em; height:1em;"" /></span>",2450645880,30,居小竞,141,43,f
4469534599455079,Sat Feb 08 03:25:51 +0800 2020,"这样的人值得上教科书<span class=""url-icon""><img alt=[作揖] src=""https://h5.sinaimg.cn/m/emoticon/icon/others/h_zuoyi-cb12e18fd5.png"" 
                style=""width:1em; height:1em;"" /></span><span class=""url-icon""><img alt=[作揖] src=""https://h5.sinaimg.cn/m/emoticon/icon/others/h_zuoyi-cb12e18fd5.png"" 
                style=""width:1em; height:1em;"" /></span><span class=""url-icon""><img alt=[作揖] src=""https://h5.sinaimg.cn/m/emoticon/icon/others/h_zuoyi-cb12e18fd5.png"" 
                style=""width:1em; height:1em;"" /></span>",5652253519,23,执迷璞悟,169,690,m
4469490093854311,Sat Feb 08 00:29:00 +0800 2020,我们共同期待！,6003242311,19,一路上有你活在当下,924,10575,m
4469487799962815,Sat Feb 08 00:19:53 +0800 2020,"<span class=""url-icon""><img alt=[good] src=""https://h5.sinaimg.cn/m/emoticon/icon/others/h_good-644bcfa993.png"" 
                style=""width:1em; height:1em;"" /></span><span class=""url-icon""><img alt=[good] src=""https://h5.sinaimg.cn/m/emoticon/icon/others/h_good-644bcfa993.png"" 
                style=""width:1em; height:1em;"" /></span><span class=""url-icon""><img alt=[good] src=""https://h5.sinaimg.cn/m/emoticon/icon/others/h_good-644bcfa993.png"" 
                style=""width:1em; height:1em;"" /></span>",2203296841,10,徐家大包,461,185,m
4469486319556951,Sat Feb 08 00:13:59 +0800 2020,[加油][加油][加油],3122710742,17,0坚强硕鼠0,767,942,m
4469489716613391,Sat Feb 08 00:27:29 +0800 2020,加油吧,1816909062,10,Super肥毛毛,634,493,f
4469553792422586,Sat Feb 08 04:42:07 +0800 2020,全面调查，期待真相🙏,1777098495,15,命中桃心,846,406,f
4469490034960510,Sat Feb 08 00:28:45 +0800 2020,等待,5183064764,11,巧克力甜甜甜,162,73,f
4469573946595280,Sat Feb 08 06:02:12 +0800 2020,正义必将战胜邪恶！,6963284416,18,溪水54835,278,373,m
4469533941664922,Sat Feb 08 03:23:14 +0800 2020,"向李医生致敬，一路走好<span class=""url-icon""><img alt=[蜡烛] src=""https://h5.sinaimg.cn/m/emoticon/icon/others/o_lazhu-6209fc6e73.png"" 
                style=""width:1em; height:1em;"" /></span><span class=""url-icon""><img alt=[蜡烛] src=""https://h5.sinaimg.cn/m/emoticon/icon/others/o_lazhu-6209fc6e73.png"" 
                style=""width:1em; height:1em;"" /></span><span class=""url-icon""><img alt=[蜡烛] src=""https://h5.sinaimg.cn/m/emoticon/icon/others/o_lazhu-6209fc6e73.png"" 
                style=""width:1em; height:1em;"" /></span>",6785988968,15,许风飘弋,898,134,f
4469489124851759,Sat Feb 08 00:25:08 +0800 2020,期待调查结果尽快出来，还他清白,6472734499,22,堆雪人啦,103,0,f
4469486356643574,Sat Feb 08 00:14:08 +0800 2020,一路走好🙏🙏🙏,2586847802,12,Tony的感觉,735,566,m
4469489426694082,Sat Feb 08 00:26:21 +0800 2020,"李医生走好<span class=""url-icon""><img alt=[蜡烛] src=""https://h5.sinaimg.cn/m/emoticon/icon/others/o_lazhu-6209fc6e73.png"" 
                style=""width:1em; height:1em;"" /></span>",3792993742,13,RIM黑莓的一些事一些情,1009,1078,m
4469487669785991,Sat Feb 08 00:19:22 +0800 2020,致敬,1946123051,11,刘雷palmking,1768,1246,m
4469558595780092,Sat Feb 08 05:01:11 +0800 2020,李医生，谢谢您！您用生命告诉了我们，什么是真英雄。一路走好！,6890125234,12,丹宁柏椅,51,4,m
4469552865549007,Sat Feb 08 04:38:26 +0800 2020,邪不压正，还英雄一个清白！,5817281779,14,枸杞麻麻,3473,748,f
4469565687975710,Sat Feb 08 05:29:23 +0800 2020,期待结果,5387733926,5,偷了月亮的猫L,263,355,f
4469524214760725,Sat Feb 08 02:44:35 +0800 2020,期望公开公正透明的调查！,5744814735,7,我的名字叫阿杰1,176,133,m
4469540123170115,Sat Feb 08 03:47:48 +0800 2020,理性等待结果！！,1866371514,5,_y小超人u_,204,9155,f
4469489385300939,Sat Feb 08 00:26:11 +0800 2020,"<span class=""url-icon""><img alt=[心] src=""https://h5.sinaimg.cn/m/emoticon/icon/others/l_xin-6912791858.png"" 
                style=""width:1em; height:1em;"" /></span><span class=""url-icon""><img alt=[心] src=""https://h5.sinaimg.cn/m/emoticon/icon/others/l_xin-6912791858.png"" 
                style=""width:1em; height:1em;"" /></span><span class=""url-icon""><img alt=[心] src=""https://h5.sinaimg.cn/m/emoticon/icon/others/l_xin-6912791858.png"" 
                style=""width:1em; height:1em;"" /></span><span class=""url-icon""><img alt=[抱抱] src=""https://h5.sinaimg.cn/m/emoticon/icon/default/d_baobao-b928ba5761.png"" 
                style=""width:1em; height:1em;"" /></span>",1692539731,6,李康有为,1387,267560,m
4469556544428148,Sat Feb 08 04:53:03 +0800 2020,全国人民的心声，期待！,3260406920,7,吴堡薛招文,1829,1268,m
4469552497156081,Sat Feb 08 04:36:58 +0800 2020,向前一线的医生敬礼,6614984653,5,风清俩手空空,579,919,f
4469539871936006,Sat Feb 08 03:46:47 +0800 2020,期待真相，英雄走好,5527716376,3,G蘑菇朵朵ing,355,75,f
4469489918176971,Sat Feb 08 00:28:18 +0800 2020,"<span class=""url-icon""><img alt=[作揖] src=""https://h5.sinaimg.cn/m/emoticon/icon/others/h_zuoyi-cb12e18fd5.png"" 
                style=""width:1em; height:1em;"" /></span>",3214394753,3,閑雲野鶴食薯條飲奶茶,254,155,f
4469547593470095,Sat Feb 08 04:17:29 +0800 2020,有的人流芳千古，千千万万的人记住了他的名字！,3908087317,8,后江水手,146,143,m
4469542271203288,Sat Feb 08 03:56:19 +0800 2020,相信世界很美好🙏,5693897736,3,今天蔚蔚有钱长高了嘛,247,785,m
4469524189079978,Sat Feb 08 02:44:29 +0800 2020,🙏🙏🙏向李医生致敬,2655901151,1,子期大大,178,153,f
4469489444236059,Sat Feb 08 00:26:24 +0800 2020,共同期待,1666401594,3,liUUUUli,315,172,f
4469557446132210,Sat Feb 08 04:56:37 +0800 2020,医者仁心！,6535436535,1,纳禄图勋,130,135,m
4469530363179304,Sat Feb 08 03:09:00 +0800 2020,中国加油！,6153391442,0,吱吱芷芷,311,448,f
4469526861661493,Sat Feb 08 02:55:06 +0800 2020,一定要彻查到底,5837539367,3,明天会比今天更好_,54,20,f
4469489838489758,Sat Feb 08 00:27:59 +0800 2020,一路走好🙏🙏🙏,5516875643,4,小黄人DUbai,332,356,m
4469571211408162,Sat Feb 08 05:51:20 +0800 2020,正义最终没有缺席！,7356551634,3,老茶馆杂货铺,1732,55,m
4469489981041495,Sat Feb 08 00:28:33 +0800 2020,期待真相,5575837021,5,涨停龙,256,264,m
4469561007030608,Sat Feb 08 05:10:46 +0800 2020,"李医生一路走好！<span class=""url-icon""><img alt=[蜡烛] src=""https://h5.sinaimg.cn/m/emoticon/icon/others/o_lazhu-6209fc6e73.png"" 
                style=""width:1em; height:1em;"" /></span><span class=""url-icon""><img alt=[蜡烛] src=""https://h5.sinaimg.cn/m/emoticon/icon/others/o_lazhu-6209fc6e73.png"" 
                style=""width:1em; height:1em;"" /></span><span class=""url-icon""><img alt=[蜡烛] src=""https://h5.sinaimg.cn/m/emoticon/icon/others/o_lazhu-6209fc6e73.png"" 
                style=""width:1em; height:1em;"" /></span>",2460092324,0,玉儿0111,1954,2857246,f
4469549124148154,Sat Feb 08 04:23:33 +0800 2020,"英雄永被铭记<span class=""url-icon""><img alt=[蜡烛] src=""https://h5.sinaimg.cn/m/emoticon/icon/others/o_lazhu-6209fc6e73.png"" 
                style=""width:1em; height:1em;"" /></span><span class=""url-icon""><img alt=[蜡烛] src=""https://h5.sinaimg.cn/m/emoticon/icon/others/o_lazhu-6209fc6e73.png"" 
                style=""width:1em; height:1em;"" /></span><span class=""url-icon""><img alt=[蜡烛] src=""https://h5.sinaimg.cn/m/emoticon/icon/others/o_lazhu-6209fc6e73.png"" 
                style=""width:1em; height:1em;"" /></span>",5523035376,0,chip·wl_斌,180,2718,m
4469540421139492,Sat Feb 08 03:48:58 +0800 2020,我相信国家,3906497094,0,别烦靓金金,184,439,f
4469527906004903,Sat Feb 08 02:59:14 +0800 2020,期待真相，,6928474467,0,爱吃肉的瘦子1986,47,3,f
4469550727161074,Sat Feb 08 04:29:56 +0800 2020,相信国家，等待结果,5311229247,3,萌萌哒吃瓜兔,54,172,f
4469540190552156,Sat Feb 08 03:48:03 +0800 2020,等待真实的调查结果,2314559514,4,-米来,449,332,f
4469572612352505,Sat Feb 08 05:56:54 +0800 2020,一路走好！,5866150267,1,zzzz陌生人zzzz,538,142,f
4469563468590193,Sat Feb 08 05:20:34 +0800 2020,说得真好,1830561717,1,玩皮的男孩,1433,245,m
4469572604080086,Sat Feb 08 05:56:52 +0800 2020,期待真相,43617152,1,流浪-风尘,231,99,m
4469558889272498,Sat Feb 08 05:02:21 +0800 2020,"向李医生致敬，一路走好<span class=""url-icon""><img alt=[蜡烛] src=""https://h5.sinaimg.cn/m/emoticon/icon/others/o_lazhu-6209fc6e73.png"" 
                style=""width:1em; height:1em;"" /></span><span class=""url-icon""><img alt=[蜡烛] src=""https://h5.sinaimg.cn/m/emoticon/icon/others/o_lazhu-6209fc6e73.png"" 
                style=""width:1em; height:1em;"" /></span>",5850770665,1,韵ghsjzbj,274,166,f
4469553108882549,Sat Feb 08 04:39:24 +0800 2020,向英雄致敬！一路走好！,3102692595,1,虞舜后代,82,6,m
4469551117207757,Sat Feb 08 04:31:29 +0800 2020,医者仁心,5363772105,0,小方圆脸,126,63,f
4469547123954778,Sat Feb 08 04:15:37 +0800 2020,坚决拥护党中央的决定！,6030100514,0,倦了0226,453,9534,m
4469543156265189,Sat Feb 08 03:59:51 +0800 2020,"正义不会缺席<span class=""url-icon""><img alt=[赞] src=""https://h5.sinaimg.cn/m/emoticon/icon/others/h_zan-e3d1e596da.png"" 
                style=""width:1em; height:1em;"" /></span><span class=""url-icon""><img alt=[赞] src=""https://h5.sinaimg.cn/m/emoticon/icon/others/h_zan-e3d1e596da.png"" 
                style=""width:1em; height:1em;"" /></span><span class=""url-icon""><img alt=[赞] src=""https://h5.sinaimg.cn/m/emoticon/icon/others/h_zan-e3d1e596da.png"" 
                style=""width:1em; height:1em;"" /></span>",6453788329,0,yueyue2018kj,1261,218,f
4469542078510385,Sat Feb 08 03:55:33 +0800 2020,期待结果,2887298210,0,yoeyooo,1266,181,m
4469533374499729,Sat Feb 08 03:20:58 +0800 2020,期待真相！,5819428088,0,jianhua要开心,467,51,f
4469532388865009,Sat Feb 08 03:17:04 +0800 2020,"希望美好的明天马上到来<span class=""url-icon""><img alt=[抱抱] src=""https://h5.sinaimg.cn/m/emoticon/icon/default/d_baobao-b928ba5761.png"" 
                style=""width:1em; height:1em;"" /></span>",5598835141,0,一只耳的123456,634,99,f
4469532225762313,Sat Feb 08 03:16:25 +0800 2020,🙏🙏🙏,2040663257,0,小古王妈妈,1716,1359,f
4469531898415039,Sat Feb 08 03:15:06 +0800 2020,"严查<span class=""url-icon""><img alt=[感冒] src=""https://h5.sinaimg.cn/m/emoticon/icon/default/d_ganmao-d66b25d11a.png"" 
                style=""width:1em; height:1em;"" /></span><span class=""url-icon""><img alt=[感冒] src=""https://h5.sinaimg.cn/m/emoticon/icon/default/d_ganmao-d66b25d11a.png"" 
                style=""width:1em; height:1em;"" /></span>",5652775622,0,丢了桔梗的笨犬,139,210,m
4469531856433992,Sat Feb 08 03:14:57 +0800 2020,一定要討回公道,5369886033,1,sallychoo520,84,150,f
4469531563023615,Sat Feb 08 03:13:47 +0800 2020,你是英雄！正义的化身，世间因为有你而觉得光亮！,1294813491,0,Aimila宝儿,838,203,f
4469527985000026,Sat Feb 08 02:59:34 +0800 2020,加油！,1736446973,0,我叫黄伟伦,393,279,m
4469526126752126,Sat Feb 08 02:52:10 +0800 2020,为李医生正名,2250285647,0,18boyWs,219,185,m
4469522612254621,Sat Feb 08 02:38:13 +0800 2020,"<span class=""url-icon""><img alt=[蜡烛] src=""https://h5.sinaimg.cn/m/emoticon/icon/others/o_lazhu-6209fc6e73.png"" 
                style=""width:1em; height:1em;"" /></span><span class=""url-icon""><img alt=[给你小心心] src=""https://h5.sinaimg.cn/m/emoticon/icon/others/qixi2018_xiaoxinxin-afb8c6ea83.png"" 
                style=""width:1em; height:1em;"" /></span><span class=""url-icon""><img alt=[泪] src=""https://h5.sinaimg.cn/m/emoticon/icon/default/d_lei-1b4b02f8b1.png"" 
                style=""width:1em; height:1em;"" /></span>致敬此悼文<span class=""url-icon""><img alt=[给力] src=""https://h5.sinaimg.cn/m/emoticon/icon/others/f_geili-7e99751314.png"" 
                style=""width:1em; height:1em;"" /></span>",1360821454,0,沉默的天阶,1126,276,m
4469521593515146,Sat Feb 08 02:34:09 +0800 2020,一路走好,1852448737,0,mingkaii,506,196,f
4469490354080685,Sat Feb 08 00:30:01 +0800 2020,"<span class=""url-icon""><img alt=[赞] src=""https://h5.sinaimg.cn/m/emoticon/icon/others/h_zan-e3d1e596da.png"" 
                style=""width:1em; height:1em;"" /></span>",2877127510,0,我要我早睡,745,238,f
4469489879849153,Sat Feb 08 00:28:09 +0800 2020,期待结果,3178509555,4,凡小泥,961,291,f
4469489628850262,Sat Feb 08 00:27:08 +0800 2020,希望疫情快点过去,2914072673,2,潘静娴pjx,531,210,f
4469489267769703,Sat Feb 08 00:25:43 +0800 2020,期待结果,6035887799,0,梦想正实现,724,596,f
4469489255136230,Sat Feb 08 00:25:39 +0800 2020,期待真相早一些到来！,5595880407,2,Mo菲是飞,156,253,f
4469489120635826,Sat Feb 08 00:25:07 +0800 2020,期待真相,6070918308,0,123895s,741,37,f
4469531629996430,Sat Feb 08 03:14:03 +0800 2020,相信党，相信政府，一定会给文亮一个交代,2200301777,1,水木洋平AT_SHA,166,128,m
4469571681702845,Sat Feb 08 05:53:12 +0800 2020,拭目以待。,6596270460,0,天使老爸201807,33,7,m
4469558717121679,Sat Feb 08 05:01:40 +0800 2020,期待真相与正义的到来，为英雄正名！,1709007971,0,小之麻cheryl,239,394,f
4469557685402584,Sat Feb 08 04:57:35 +0800 2020,忍不住哭了，期待真相！,2240214411,0,StarMoon要愤斗了,234,216,m
4469557584230664,Sat Feb 08 04:57:11 +0800 2020,彻查此事。,5360075699,0,oubihao,180,69,m
4469547375958929,Sat Feb 08 04:16:37 +0800 2020,一路走好🙏,5020758441,0,嘉航嘉航嘉航,165,132,m
4469538949641106,Sat Feb 08 03:43:08 +0800 2020,医者仁心，愿天堂没有新型病毒,6424651264,0,夢若浮陳,461,208,m
4469533173998198,Sat Feb 08 03:20:11 +0800 2020,相信党和政府会给李文亮医生一个交代。,2514983197,1,途牛侵害员工利益,139,203,m
4469523266150847,Sat Feb 08 02:40:49 +0800 2020,期待真相,3179461322,0,洵一碗陈年老酒,337,449,f
4469522595110787,Sat Feb 08 02:38:09 +0800 2020,期待真相与正义的到来，为英雄正名！！,7315368462,0,是小香姐啊,239,7,f
4469489804712361,Sat Feb 08 00:27:51 +0800 2020,期待正义公道！,3924754477,2,Chszztygwa,313,150,f
4469488181259280,Sat Feb 08 00:21:24 +0800 2020,严查到底！！！,5529130684,21,永远乐观向5529130684,372,177,m
4469486113335882,Sat Feb 08 00:13:11 +0800 2020,请严查,6529094432,11,可璽可鹤呀,106,6,f
4469490123457684,Sat Feb 08 00:29:07 +0800 2020,中国需要这样正能量的医生,6001855566,13,曾坤201608,201,24,f
4469489029014728,Sat Feb 08 00:24:46 +0800 2020,致敬英雄！,1294064904,5,猪卷尾,165,71,f
4469557047737949,Sat Feb 08 04:55:03 +0800 2020,期待 公正的结果，不要让好人寒心。,6882683607,1,芊浅全,31,0,f
4469544129109742,Sat Feb 08 04:03:43 +0800 2020,致敬敢讲真话的英雄！一路走好！,6165861599,1,回味6165861599,81,13,m
4469526261110703,Sat Feb 08 02:52:43 +0800 2020,期待调查结果,6405378429,1,原学for,1210,241,m
4469561153906294,Sat Feb 08 05:11:22 +0800 2020,期待真相，期待早日战胜疫情,1965237267,1,i记得常微笑,625,1459,f
4469550646949440,Sat Feb 08 04:29:37 +0800 2020,正义永远不会缺席，相信国家相信党,6653762573,0,贵族阳光灬96959,14,10,m
4469548688809675,Sat Feb 08 04:21:50 +0800 2020,合格医生,5255571239,0,春晖爱美丽,68,11,m
4469542212824194,Sat Feb 08 03:56:06 +0800 2020,我们的英雄！加油武汉加油中国！,5136964887,0,大鹏长翅72660,80,30,m
4469540979628786,Sat Feb 08 03:51:12 +0800 2020,期待结果,6990339664,1,果留夷,24,0,f
4469528547096751,Sat Feb 08 03:01:48 +0800 2020,善良的人，走好,5166279120,1,vurtne的昵称,100,18,m
4469524537333105,Sat Feb 08 02:45:51 +0800 2020,理性等待，相信国家，期盼公开公正的结果。,5726397468,2,北张营小队,33,2,m
