﻿4489336151628455,Thu Apr 02 18:50:08 +0800 2020,致敬！,2667849637,14690,孟小宝Ning,731,150,f
4489337548714242,Thu Apr 02 18:55:42 +0800 2020,致敬英雄,5547272984,7751,鹬鱼,498,72,f
4489337540774075,Thu Apr 02 18:55:39 +0800 2020,"致敬英雄！<span class=""url-icon""><img alt=[蜡烛] src=""https://h5.sinaimg.cn/m/emoticon/icon/others/o_lazhu-6209fc6e73.png"" 
                style=""width:1em; height:1em;"" /></span>",2698121002,5527,啊铂铂和小莞尔,609,346,f
4489337540261483,Thu Apr 02 18:55:39 +0800 2020,致敬英雄,6036400264,3271,荷尽残菊,264,32,m
4489337536553277,Thu Apr 02 18:55:38 +0800 2020,致敬,6437756757,2275,爽心悦目4423,19,1,f
4489337527436450,Thu Apr 02 18:55:37 +0800 2020,向英雄致敬！,5826054037,1904,xcq我,207,56,f
4489337780034350,Thu Apr 02 18:56:37 +0800 2020,"致敬英雄，铭记于心<span class=""url-icon""><img alt=[心] src=""https://h5.sinaimg.cn/m/emoticon/icon/others/l_xin-6912791858.png"" 
                style=""width:1em; height:1em;"" /></span><span class=""url-icon""><img alt=[心] src=""https://h5.sinaimg.cn/m/emoticon/icon/others/l_xin-6912791858.png"" 
                style=""width:1em; height:1em;"" /></span><span class=""url-icon""><img alt=[悲伤] src=""https://h5.sinaimg.cn/m/emoticon/icon/default/d_beishang-f8d6de06c8.png"" 
                style=""width:1em; height:1em;"" /></span><span class=""url-icon""><img alt=[悲伤] src=""https://h5.sinaimg.cn/m/emoticon/icon/default/d_beishang-f8d6de06c8.png"" 
                style=""width:1em; height:1em;"" /></span>",6926142387,1691,龙哥户部巷的酸梅汤,2311,377,f
4489337783434460,Thu Apr 02 18:56:37 +0800 2020,致敬,3616483113,747,是你的小占吖,617,1135,m
4489337531658615,Thu Apr 02 18:55:38 +0800 2020,"致敬！！！<span class=""url-icon""><img alt=[泪] src=""https://h5.sinaimg.cn/m/emoticon/icon/default/d_lei-1b4b02f8b1.png"" 
                style=""width:1em; height:1em;"" /></span><span class=""url-icon""><img alt=[泪] src=""https://h5.sinaimg.cn/m/emoticon/icon/default/d_lei-1b4b02f8b1.png"" 
                style=""width:1em; height:1em;"" /></span><span class=""url-icon""><img alt=[泪] src=""https://h5.sinaimg.cn/m/emoticon/icon/default/d_lei-1b4b02f8b1.png"" 
                style=""width:1em; height:1em;"" /></span>",6312876791,634,WIRiiiiiiipopo333,127,30,m
4489337796424057,Thu Apr 02 18:56:40 +0800 2020,致敬！,5715128334,506,乔洛_EXO,159,106,f
4489338056597739,Thu Apr 02 18:57:42 +0800 2020,"致敬！送别英雄！<span class=""url-icon""><img alt=[蜡烛] src=""https://h5.sinaimg.cn/m/emoticon/icon/others/o_lazhu-6209fc6e73.png"" 
                style=""width:1em; height:1em;"" /></span><span class=""url-icon""><img alt=[蜡烛] src=""https://h5.sinaimg.cn/m/emoticon/icon/others/o_lazhu-6209fc6e73.png"" 
                style=""width:1em; height:1em;"" /></span>",5826234617,513,我在人间捡破烂啊,55,15,f
4489338076976241,Thu Apr 02 18:57:48 +0800 2020,"致敬<span class=""url-icon""><img alt=[心] src=""https://h5.sinaimg.cn/m/emoticon/icon/others/l_xin-6912791858.png"" 
                style=""width:1em; height:1em;"" /></span>",3031187067,369,z_嗲嗲额宝宝,386,265,f
4489338076977070,Thu Apr 02 18:57:48 +0800 2020,致敬英雄,5019347389,334,上官紫凌YY,411,101,f
4489338073506232,Thu Apr 02 18:57:47 +0800 2020,致敬,1839861283,280,图图的巧克力呐,357,2203,m
4489338299722316,Thu Apr 02 18:58:41 +0800 2020,致敬！,3768428897,250,蔓蔓油菜花,655,102,f
4489338291731975,Thu Apr 02 18:58:39 +0800 2020,"致敬英雄！<span class=""url-icon""><img alt=[蜡烛] src=""https://h5.sinaimg.cn/m/emoticon/icon/others/o_lazhu-6209fc6e73.png"" 
                style=""width:1em; height:1em;"" /></span>",5778622601,240,你是我的小棉袄hanhan,273,28,f
4489338303934121,Thu Apr 02 18:58:42 +0800 2020,"感谢你们！致敬<span class=""url-icon""><img alt=[心] src=""https://h5.sinaimg.cn/m/emoticon/icon/others/l_xin-6912791858.png"" 
                style=""width:1em; height:1em;"" /></span>",1766281397,239,XxLoVesjk,254,2752,f
4489338077410602,Thu Apr 02 18:57:48 +0800 2020,致敬,5717395960,200,陌颜陌失,137,200,f
4489338299909576,Thu Apr 02 18:58:41 +0800 2020,致敬,2996244670,168,简单_ZYL,112,117,f
4489338303798455,Thu Apr 02 18:58:42 +0800 2020,致敬！,6306099452,156,该微博名,534,227,f
4489338069292560,Thu Apr 02 18:57:46 +0800 2020,致敬英雄,1931527631,159,annasophia_robb,127,58,m
