﻿4484277477421696,Thu Mar 19 19:48:47 +0800 2020,"相信中央的调查，李文亮医生走好<span class=""url-icon""><img alt=[蜡烛] src=""https://h5.sinaimg.cn/m/emoticon/icon/others/o_lazhu-6209fc6e73.png"" 
                style=""width:1em; height:1em;"" /></span>",5311264927,1398,一路上有你ZL,189,1862,m
4484277499046545,Thu Mar 19 19:48:51 +0800 2020,说了抢救很长时间，最终死亡时间肯定是抢救无效才宣布的,5357939573,1022,花幻柳hahaha,92,106,m
4484278018981755,Thu Mar 19 19:50:55 +0800 2020,落地有声其实就是进步！期待更大的进步！,5662388888,878,青橙cz,757,969,m
4484278743823606,Thu Mar 19 19:53:48 +0800 2020,很欣慰调查事实清晰，没有被舆论绑架,2882056561,543,那年的梦想是什么,422,320,f
4484277481641701,Thu Mar 19 19:48:48 +0800 2020,一路走好，英雄,2092111705,451,慷慷不爽,473,11971,m
4484277477176395,Thu Mar 19 19:48:47 +0800 2020,公开 透明,2197849135,422,呂秀才,175,113647,m
4484277595055331,Thu Mar 19 19:49:15 +0800 2020,支持国家决策，相信国家。,5403378368,386,如是青山俏,237,263,f
4484277443967435,Thu Mar 19 19:48:38 +0800 2020,"逝者安息生者坚强绽放重生<span class=""url-icon""><img alt=[心] src=""https://h5.sinaimg.cn/m/emoticon/icon/others/l_xin-6912791858.png"" 
                style=""width:1em; height:1em;"" /></span>",6405005578,221,文艺复兴bo,152,90756,m
4484278027265808,Thu Mar 19 19:50:58 +0800 2020,希望能让李医生家人满意，让群众们满意。,2501550420,207,Sneakerhead_Xun,252,255,m
4484278106836632,Thu Mar 19 19:51:16 +0800 2020,"你来过，我记得，便是永远<span class=""url-icon""><img alt=[心] src=""https://h5.sinaimg.cn/m/emoticon/icon/others/l_xin-6912791858.png"" 
                style=""width:1em; height:1em;"" /></span>",2967973445,188,最懂事的听众,261,12,m
4484277695729973,Thu Mar 19 19:49:38 +0800 2020,"李医生一路走好<span class=""url-icon""><img alt=[蜡烛] src=""https://h5.sinaimg.cn/m/emoticon/icon/others/o_lazhu-6209fc6e73.png"" 
                style=""width:1em; height:1em;"" /></span><span class=""url-icon""><img alt=[蜡烛] src=""https://h5.sinaimg.cn/m/emoticon/icon/others/o_lazhu-6209fc6e73.png"" 
                style=""width:1em; height:1em;"" /></span><span class=""url-icon""><img alt=[蜡烛] src=""https://h5.sinaimg.cn/m/emoticon/icon/others/o_lazhu-6209fc6e73.png"" 
                style=""width:1em; height:1em;"" /></span>",6884781723,148,莫名我就不喜欢,254,34,f
4484278224058624,Thu Mar 19 19:51:44 +0800 2020,"致敬，李医生一路走好<span class=""url-icon""><img alt=[蜡烛] src=""https://h5.sinaimg.cn/m/emoticon/icon/others/o_lazhu-6209fc6e73.png"" 
                style=""width:1em; height:1em;"" /></span><span class=""url-icon""><img alt=[蜡烛] src=""https://h5.sinaimg.cn/m/emoticon/icon/others/o_lazhu-6209fc6e73.png"" 
                style=""width:1em; height:1em;"" /></span><span class=""url-icon""><img alt=[蜡烛] src=""https://h5.sinaimg.cn/m/emoticon/icon/others/o_lazhu-6209fc6e73.png"" 
                style=""width:1em; height:1em;"" /></span>",3871927316,134,执念是滑雪双综你警我匪,298,648,f
4484278195071643,Thu Mar 19 19:51:37 +0800 2020,支持调查组调查结果，相信调查组对这件事情的重视。,6787473703,127,开开兴兴快快乐乐-,203,10,m
4484278689467196,Thu Mar 19 19:53:36 +0800 2020,支持调查结果，支持把不规范的规范起来。,2645770324,84,茗茶HCF,53,271,m
4484277486190908,Thu Mar 19 19:48:48 +0800 2020,"<span class=""url-icon""><img alt=[蜡烛] src=""https://h5.sinaimg.cn/m/emoticon/icon/others/o_lazhu-6209fc6e73.png"" 
                style=""width:1em; height:1em;"" /></span><span class=""url-icon""><img alt=[蜡烛] src=""https://h5.sinaimg.cn/m/emoticon/icon/others/o_lazhu-6209fc6e73.png"" 
                style=""width:1em; height:1em;"" /></span><span class=""url-icon""><img alt=[蜡烛] src=""https://h5.sinaimg.cn/m/emoticon/icon/others/o_lazhu-6209fc6e73.png"" 
                style=""width:1em; height:1em;"" /></span>",2540427215,77,疯子2货拖延症,247,98,f
4484278081192603,Thu Mar 19 19:51:10 +0800 2020,相信调查结果！,3248036930,66,zu海洋,92,3327,m
4484278031190557,Thu Mar 19 19:50:59 +0800 2020,"<span class=""url-icon""><img alt=[蜡烛] src=""https://h5.sinaimg.cn/m/emoticon/icon/others/o_lazhu-6209fc6e73.png"" 
                style=""width:1em; height:1em;"" /></span>一路走好",5537099417,60,黒衣骑士-,65,101,m
4484278567796055,Thu Mar 19 19:53:07 +0800 2020,"致敬李文亮医生<span class=""url-icon""><img alt=[蜡烛] src=""https://h5.sinaimg.cn/m/emoticon/icon/others/o_lazhu-6209fc6e73.png"" 
                style=""width:1em; height:1em;"" /></span><span class=""url-icon""><img alt=[蜡烛] src=""https://h5.sinaimg.cn/m/emoticon/icon/others/o_lazhu-6209fc6e73.png"" 
                style=""width:1em; height:1em;"" /></span><span class=""url-icon""><img alt=[蜡烛] src=""https://h5.sinaimg.cn/m/emoticon/icon/others/o_lazhu-6209fc6e73.png"" 
                style=""width:1em; height:1em;"" /></span>。支持国家的决定",6087985084,60,楊海燕HooinYoung,26,634,f
4484278202981534,Thu Mar 19 19:51:40 +0800 2020,"致敬英雄<span class=""url-icon""><img alt=[蜡烛] src=""https://h5.sinaimg.cn/m/emoticon/icon/others/o_lazhu-6209fc6e73.png"" 
                style=""width:1em; height:1em;"" /></span><span class=""url-icon""><img alt=[蜡烛] src=""https://h5.sinaimg.cn/m/emoticon/icon/others/o_lazhu-6209fc6e73.png"" 
                style=""width:1em; height:1em;"" /></span><span class=""url-icon""><img alt=[蜡烛] src=""https://h5.sinaimg.cn/m/emoticon/icon/others/o_lazhu-6209fc6e73.png"" 
                style=""width:1em; height:1em;"" /></span>",6364721682,43,Troseven_,59,227,f
4484278018820941,Thu Mar 19 19:50:56 +0800 2020,致敬！,3717932881,35,咕咕钥哦,271,84,m
4484278694102959,Thu Mar 19 19:53:37 +0800 2020,"相信中央，李医生一路走好<span class=""url-icon""><img alt=[蜡烛] src=""https://h5.sinaimg.cn/m/emoticon/icon/others/o_lazhu-6209fc6e73.png"" 
                style=""width:1em; height:1em;"" /></span>",5666544549,39,行山至渊,943,240,f
4484278673443770,Thu Mar 19 19:53:31 +0800 2020,相信国家的调查   一路走好,1860187474,39,童年无忌Naivy,138,157,f
4484278194545073,Thu Mar 19 19:51:38 +0800 2020,相信国家，一路走好,2906813013,27,真挺俊,331,592,f
4484278575960809,Thu Mar 19 19:53:08 +0800 2020,李文亮医生，等到这一天了，你可以放心了,3166046934,19,菲离_,675,355,f
4484279595913700,Thu Mar 19 19:57:12 +0800 2020,相信国家调查🙏🙏🙏,5881985057,23,逆袭的东东,268,406,m
4484278035868699,Thu Mar 19 19:51:00 +0800 2020,一路走好,5496687701,18,青山不负平生约,504,1348,f
4484277499054410,Thu Mar 19 19:48:52 +0800 2020,走好吧,6591082305,18,月亮星星都在哪儿,226,41,f
4484279537165165,Thu Mar 19 19:56:58 +0800 2020,"相信国家，支持国家决定<span class=""url-icon""><img alt=[作揖] src=""https://h5.sinaimg.cn/m/emoticon/icon/others/h_zuoyi-cb12e18fd5.png"" 
                style=""width:1em; height:1em;"" /></span>李文亮医生一路走好<span class=""url-icon""><img alt=[蜡烛] src=""https://h5.sinaimg.cn/m/emoticon/icon/others/o_lazhu-6209fc6e73.png"" 
                style=""width:1em; height:1em;"" /></span>",6065768124,20,繁花如若水三千,752,3452,m
4484278605481560,Thu Mar 19 19:53:16 +0800 2020,"李医生走好<span class=""url-icon""><img alt=[点亮平安灯] src=""https://h5.sinaimg.cn/m/emoticon/icon/others/cx_dianliangpingan-da91c26b1a.png"" 
                style=""width:1em; height:1em;"" /></span><span class=""url-icon""><img alt=[点亮平安灯] src=""https://h5.sinaimg.cn/m/emoticon/icon/others/cx_dianliangpingan-da91c26b1a.png"" 
                style=""width:1em; height:1em;"" /></span><span class=""url-icon""><img alt=[点亮平安灯] src=""https://h5.sinaimg.cn/m/emoticon/icon/others/cx_dianliangpingan-da91c26b1a.png"" 
                style=""width:1em; height:1em;"" /></span><span class=""url-icon""><img alt=[蜡烛] src=""https://h5.sinaimg.cn/m/emoticon/icon/others/o_lazhu-6209fc6e73.png"" 
                style=""width:1em; height:1em;"" /></span><span class=""url-icon""><img alt=[蜡烛] src=""https://h5.sinaimg.cn/m/emoticon/icon/others/o_lazhu-6209fc6e73.png"" 
                style=""width:1em; height:1em;"" /></span><span class=""url-icon""><img alt=[蜡烛] src=""https://h5.sinaimg.cn/m/emoticon/icon/others/o_lazhu-6209fc6e73.png"" 
                style=""width:1em; height:1em;"" /></span>",3525231854,9,我是谢明浩,1583,148,m
4484277611751344,Thu Mar 19 19:49:18 +0800 2020,安息吧,1800048245,8,吴志营,104,168,m
4484278551084914,Thu Mar 19 19:53:02 +0800 2020,"致敬英雄<span class=""url-icon""><img alt=[心] src=""https://h5.sinaimg.cn/m/emoticon/icon/others/l_xin-6912791858.png"" 
                style=""width:1em; height:1em;"" /></span>",6213103268,5,雨雪霏霏0603,384,66,f
4484278157182948,Thu Mar 19 19:51:29 +0800 2020,"李文亮医生走好<span class=""url-icon""><img alt=[蜡烛] src=""https://h5.sinaimg.cn/m/emoticon/icon/others/o_lazhu-6209fc6e73.png"" 
                style=""width:1em; height:1em;"" /></span><span class=""url-icon""><img alt=[蜡烛] src=""https://h5.sinaimg.cn/m/emoticon/icon/others/o_lazhu-6209fc6e73.png"" 
                style=""width:1em; height:1em;"" /></span><span class=""url-icon""><img alt=[蜡烛] src=""https://h5.sinaimg.cn/m/emoticon/icon/others/o_lazhu-6209fc6e73.png"" 
                style=""width:1em; height:1em;"" /></span>",5253586046,11,梨葭柠呀,701,540,f
4484279642156837,Thu Mar 19 19:57:23 +0800 2020,一路走好,2290955205,5,hei鹥,162,574,m
4484278790517276,Thu Mar 19 19:53:58 +0800 2020,"李文亮医生，一路走好<span class=""url-icon""><img alt=[蜡烛] src=""https://h5.sinaimg.cn/m/emoticon/icon/others/o_lazhu-6209fc6e73.png"" 
                style=""width:1em; height:1em;"" /></span><span class=""url-icon""><img alt=[蜡烛] src=""https://h5.sinaimg.cn/m/emoticon/icon/others/o_lazhu-6209fc6e73.png"" 
                style=""width:1em; height:1em;"" /></span><span class=""url-icon""><img alt=[蜡烛] src=""https://h5.sinaimg.cn/m/emoticon/icon/others/o_lazhu-6209fc6e73.png"" 
                style=""width:1em; height:1em;"" /></span>",2427746261,6,MaiusChopin,406,1688,m
4484279537160550,Thu Mar 19 19:56:58 +0800 2020,国家爱人民，一定相信国家，李医生走好[蠟燭],5613909480,8,Shirley的Shirley,773,418,f
4484278207203698,Thu Mar 19 19:51:41 +0800 2020,"一路走好<span class=""url-icon""><img alt=[蜡烛] src=""https://h5.sinaimg.cn/m/emoticon/icon/others/o_lazhu-6209fc6e73.png"" 
                style=""width:1em; height:1em;"" /></span>",2616266104,6,真的蓬蓬,139,20457,f
4484278182695200,Thu Mar 19 19:51:35 +0800 2020,"安息<span class=""url-icon""><img alt=[蜡烛] src=""https://h5.sinaimg.cn/m/emoticon/icon/others/o_lazhu-6209fc6e73.png"" 
                style=""width:1em; height:1em;"" /></span>",5963468573,3,Cazecy,206,142,f
4484278585034285,Thu Mar 19 19:53:10 +0800 2020,"一路走好<span class=""url-icon""><img alt=[蜡烛] src=""https://h5.sinaimg.cn/m/emoticon/icon/others/o_lazhu-6209fc6e73.png"" 
                style=""width:1em; height:1em;"" /></span>",6160932193,1,城南花未谢依旧待君来,148,43,m
4484279645953971,Thu Mar 19 19:57:24 +0800 2020,"相信中央的调查，李文亮医生走好<span class=""url-icon""><img alt=[蜡烛] src=""https://h5.sinaimg.cn/m/emoticon/icon/others/o_lazhu-6209fc6e73.png"" 
                style=""width:1em; height:1em;"" /></span>",1826046354,7,清晨网事,243,77,m
4484279625559860,Thu Mar 19 19:57:19 +0800 2020,致敬李文亮医生❤️,5869852985,2,草莓莓醋包包_,454,51,f
4484278572176632,Thu Mar 19 19:53:08 +0800 2020,"安心，安息<span class=""url-icon""><img alt=[蜡烛] src=""https://h5.sinaimg.cn/m/emoticon/icon/others/o_lazhu-6209fc6e73.png"" 
                style=""width:1em; height:1em;"" /></span><span class=""url-icon""><img alt=[蜡烛] src=""https://h5.sinaimg.cn/m/emoticon/icon/others/o_lazhu-6209fc6e73.png"" 
                style=""width:1em; height:1em;"" /></span><span class=""url-icon""><img alt=[蜡烛] src=""https://h5.sinaimg.cn/m/emoticon/icon/others/o_lazhu-6209fc6e73.png"" 
                style=""width:1em; height:1em;"" /></span>",3248933165,1,拔丝橘子_,999,2135,f
4484278219854314,Thu Mar 19 19:51:44 +0800 2020,"一路走好<span class=""url-icon""><img alt=[蜡烛] src=""https://h5.sinaimg.cn/m/emoticon/icon/others/o_lazhu-6209fc6e73.png"" 
                style=""width:1em; height:1em;"" /></span><span class=""url-icon""><img alt=[蜡烛] src=""https://h5.sinaimg.cn/m/emoticon/icon/others/o_lazhu-6209fc6e73.png"" 
                style=""width:1em; height:1em;"" /></span><span class=""url-icon""><img alt=[蜡烛] src=""https://h5.sinaimg.cn/m/emoticon/icon/others/o_lazhu-6209fc6e73.png"" 
                style=""width:1em; height:1em;"" /></span>",6086588100,1,凉夏如故,97,50,f
4484278576617937,Thu Mar 19 19:53:09 +0800 2020,支持调查组,6235447092,5,清海幽兰君莫笑,67,4,m
4484278022759353,Thu Mar 19 19:50:57 +0800 2020,<a href='/n/平安武汉'>@平安武汉</a>,5585664701,3,158鲍晨,94,75,m
4484279663239864,Thu Mar 19 19:57:27 +0800 2020,"李文亮医生<span class=""url-icon""><img alt=[蜡烛] src=""https://h5.sinaimg.cn/m/emoticon/icon/others/o_lazhu-6209fc6e73.png"" 
                style=""width:1em; height:1em;"" /></span><span class=""url-icon""><img alt=[蜡烛] src=""https://h5.sinaimg.cn/m/emoticon/icon/others/o_lazhu-6209fc6e73.png"" 
                style=""width:1em; height:1em;"" /></span><span class=""url-icon""><img alt=[蜡烛] src=""https://h5.sinaimg.cn/m/emoticon/icon/others/o_lazhu-6209fc6e73.png"" 
                style=""width:1em; height:1em;"" /></span>",2491175597,1,短发长发都好看,319,417,f
4484279646386143,Thu Mar 19 19:57:22 +0800 2020,"相信国家，一路走好<span class=""url-icon""><img alt=[蜡烛] src=""https://h5.sinaimg.cn/m/emoticon/icon/others/o_lazhu-6209fc6e73.png"" 
                style=""width:1em; height:1em;"" /></span>",6335998868,3,张艺兴的漂亮Xback,99,273,f
4484278484402393,Thu Mar 19 19:52:46 +0800 2020,转发微博,1831455260,1,summer藕花深处,1338,319,f
4484278178252150,Thu Mar 19 19:51:34 +0800 2020,"相信国家，相信政府，一路走好<span class=""url-icon""><img alt=[蜡烛] src=""https://h5.sinaimg.cn/m/emoticon/icon/others/o_lazhu-6209fc6e73.png"" 
                style=""width:1em; height:1em;"" /></span><span class=""url-icon""><img alt=[蜡烛] src=""https://h5.sinaimg.cn/m/emoticon/icon/others/o_lazhu-6209fc6e73.png"" 
                style=""width:1em; height:1em;"" /></span><span class=""url-icon""><img alt=[蜡烛] src=""https://h5.sinaimg.cn/m/emoticon/icon/others/o_lazhu-6209fc6e73.png"" 
                style=""width:1em; height:1em;"" /></span>",6323512011,7,装死的萌萌兔,23,6,f
4484278173392314,Thu Mar 19 19:51:33 +0800 2020,安息吧！,5145786171,2,不惑之后再出发,196,429,f
4484278077596171,Thu Mar 19 19:51:10 +0800 2020,"<span class=""url-icon""><img alt=[蜡烛] src=""https://h5.sinaimg.cn/m/emoticon/icon/others/o_lazhu-6209fc6e73.png"" 
                style=""width:1em; height:1em;"" /></span><span class=""url-icon""><img alt=[蜡烛] src=""https://h5.sinaimg.cn/m/emoticon/icon/others/o_lazhu-6209fc6e73.png"" 
                style=""width:1em; height:1em;"" /></span><span class=""url-icon""><img alt=[蜡烛] src=""https://h5.sinaimg.cn/m/emoticon/icon/others/o_lazhu-6209fc6e73.png"" 
                style=""width:1em; height:1em;"" /></span><span class=""url-icon""><img alt=[蜡烛] src=""https://h5.sinaimg.cn/m/emoticon/icon/others/o_lazhu-6209fc6e73.png"" 
                style=""width:1em; height:1em;"" /></span><span class=""url-icon""><img alt=[蜡烛] src=""https://h5.sinaimg.cn/m/emoticon/icon/others/o_lazhu-6209fc6e73.png"" 
                style=""width:1em; height:1em;"" /></span><span class=""url-icon""><img alt=[蜡烛] src=""https://h5.sinaimg.cn/m/emoticon/icon/others/o_lazhu-6209fc6e73.png"" 
                style=""width:1em; height:1em;"" /></span>",5726298375,2,不将就毛毛a,52,45,f
4484277607550418,Thu Mar 19 19:49:17 +0800 2020,一路走好！,7213319919,2,Far-fetched885,249,221,m
4484278790772386,Thu Mar 19 19:54:00 +0800 2020,李医生一路走好,1761102977,1,柒瑾小兔,467,1063,f
4484278731783765,Thu Mar 19 19:53:46 +0800 2020,"一路走好<span class=""url-icon""><img alt=[蜡烛] src=""https://h5.sinaimg.cn/m/emoticon/icon/others/o_lazhu-6209fc6e73.png"" 
                style=""width:1em; height:1em;"" /></span>",6987826795,1,茶花千寻yu,109,53,f
4484278655806113,Thu Mar 19 19:53:27 +0800 2020,"走好<span class=""url-icon""><img alt=[蜡烛] src=""https://h5.sinaimg.cn/m/emoticon/icon/others/o_lazhu-6209fc6e73.png"" 
                style=""width:1em; height:1em;"" /></span><span class=""url-icon""><img alt=[蜡烛] src=""https://h5.sinaimg.cn/m/emoticon/icon/others/o_lazhu-6209fc6e73.png"" 
                style=""width:1em; height:1em;"" /></span><span class=""url-icon""><img alt=[蜡烛] src=""https://h5.sinaimg.cn/m/emoticon/icon/others/o_lazhu-6209fc6e73.png"" 
                style=""width:1em; height:1em;"" /></span>",5692009083,0,一只墩墩子,522,302,f
4484278132341854,Thu Mar 19 19:51:23 +0800 2020,一路走好,6421145443,0,快乐的solo,458,102,f
4484278106225461,Thu Mar 19 19:51:17 +0800 2020,"李医生走好<span class=""url-icon""><img alt=[蜡烛] src=""https://h5.sinaimg.cn/m/emoticon/icon/others/o_lazhu-6209fc6e73.png"" 
                style=""width:1em; height:1em;"" /></span><span class=""url-icon""><img alt=[蜡烛] src=""https://h5.sinaimg.cn/m/emoticon/icon/others/o_lazhu-6209fc6e73.png"" 
                style=""width:1em; height:1em;"" /></span>",5492419149,0,Peppermint_熙,434,4400,f
4484278257819545,Thu Mar 19 19:51:52 +0800 2020,"走好<span class=""url-icon""><img alt=[蜡烛] src=""https://h5.sinaimg.cn/m/emoticon/icon/others/o_lazhu-6209fc6e73.png"" 
                style=""width:1em; height:1em;"" /></span>",6609111931,0,略略略495,107,22,f
4484278157388296,Thu Mar 19 19:51:29 +0800 2020,致敬李文亮医生,5845544092,2,啊啊啊啊啊啊啊啊啊啊jiejie,274,84,m
4484279637809173,Thu Mar 19 19:57:22 +0800 2020,一路走好,6864546275,1,豬豬當道201811,67,25,m
4484279620931870,Thu Mar 19 19:57:17 +0800 2020,李医生一路走好🙏🙏🙏,7385880502,0,loverainingg,64,99,f
4484279603700806,Thu Mar 19 19:57:13 +0800 2020,"一路走好<span class=""url-icon""><img alt=[蜡烛] src=""https://h5.sinaimg.cn/m/emoticon/icon/others/o_lazhu-6209fc6e73.png"" 
                style=""width:1em; height:1em;"" /></span>",6912689292,1,藤江仓桧,122,24,f
4484278794165408,Thu Mar 19 19:54:01 +0800 2020,"李医生走好<span class=""url-icon""><img alt=[蜡烛] src=""https://h5.sinaimg.cn/m/emoticon/icon/others/o_lazhu-6209fc6e73.png"" 
                style=""width:1em; height:1em;"" /></span>",6019002146,0,不吃葱的四儿,694,239,f
4484278655810514,Thu Mar 19 19:53:27 +0800 2020,"<span class=""url-icon""><img alt=[蜡烛] src=""https://h5.sinaimg.cn/m/emoticon/icon/others/o_lazhu-6209fc6e73.png"" 
                style=""width:1em; height:1em;"" /></span><span class=""url-icon""><img alt=[蜡烛] src=""https://h5.sinaimg.cn/m/emoticon/icon/others/o_lazhu-6209fc6e73.png"" 
                style=""width:1em; height:1em;"" /></span><span class=""url-icon""><img alt=[蜡烛] src=""https://h5.sinaimg.cn/m/emoticon/icon/others/o_lazhu-6209fc6e73.png"" 
                style=""width:1em; height:1em;"" /></span>一路走好",6764627424,0,不曾湮灭,137,846,m
4484278618136402,Thu Mar 19 19:53:19 +0800 2020,"<span class=""url-icon""><img alt=[蜡烛] src=""https://h5.sinaimg.cn/m/emoticon/icon/others/o_lazhu-6209fc6e73.png"" 
                style=""width:1em; height:1em;"" /></span><span class=""url-icon""><img alt=[蜡烛] src=""https://h5.sinaimg.cn/m/emoticon/icon/others/o_lazhu-6209fc6e73.png"" 
                style=""width:1em; height:1em;"" /></span><span class=""url-icon""><img alt=[蜡烛] src=""https://h5.sinaimg.cn/m/emoticon/icon/others/o_lazhu-6209fc6e73.png"" 
                style=""width:1em; height:1em;"" /></span>",5577864838,0,SUN安徽省JUN,2738,644,m
4484278610073143,Thu Mar 19 19:53:17 +0800 2020,"<span class=""url-icon""><img alt=[蜡烛] src=""https://h5.sinaimg.cn/m/emoticon/icon/others/o_lazhu-6209fc6e73.png"" 
                style=""width:1em; height:1em;"" /></span>",1937090711,0,空空小巫,66,542,f
4484278597213653,Thu Mar 19 19:53:14 +0800 2020,"<span class=""url-icon""><img alt=[泪] src=""https://h5.sinaimg.cn/m/emoticon/icon/default/d_lei-1b4b02f8b1.png"" 
                style=""width:1em; height:1em;"" /></span>",5642705225,0,KarroyFlipped,294,153,f
4484278593461697,Thu Mar 19 19:53:12 +0800 2020,"一路走好<span class=""url-icon""><img alt=[蜡烛] src=""https://h5.sinaimg.cn/m/emoticon/icon/others/o_lazhu-6209fc6e73.png"" 
                style=""width:1em; height:1em;"" /></span><span class=""url-icon""><img alt=[蜡烛] src=""https://h5.sinaimg.cn/m/emoticon/icon/others/o_lazhu-6209fc6e73.png"" 
                style=""width:1em; height:1em;"" /></span>",6568884183,0,超级林某某,110,5,m
4484278593252509,Thu Mar 19 19:53:13 +0800 2020,"<span class=""url-icon""><img alt=[武汉加油] src=""https://h5.sinaimg.cn/m/emoticon/icon/others/cw_wuhanjiayou-0e0df8741a.png"" 
                style=""width:1em; height:1em;"" /></span>",2742297335,0,投机军,232,192,m
4484278543168986,Thu Mar 19 19:53:01 +0800 2020,"可惜，走好<span class=""url-icon""><img alt=[蜡烛] src=""https://h5.sinaimg.cn/m/emoticon/icon/others/o_lazhu-6209fc6e73.png"" 
                style=""width:1em; height:1em;"" /></span>",3637228377,0,Sala诸葛钢铁,206,219,f
4484278248992603,Thu Mar 19 19:51:51 +0800 2020,一路走好🕯️,2045564872,0,一茶-啊,405,141,f
4484278245430559,Thu Mar 19 19:51:50 +0800 2020,"一路走好<span class=""url-icon""><img alt=[蜡烛] src=""https://h5.sinaimg.cn/m/emoticon/icon/others/o_lazhu-6209fc6e73.png"" 
                style=""width:1em; height:1em;"" /></span>",6251828945,1,反游猫1314,328,96,m
4484278182159930,Thu Mar 19 19:51:35 +0800 2020,"<span class=""url-icon""><img alt=[蜡烛] src=""https://h5.sinaimg.cn/m/emoticon/icon/others/o_lazhu-6209fc6e73.png"" 
                style=""width:1em; height:1em;"" /></span><span class=""url-icon""><img alt=[蜡烛] src=""https://h5.sinaimg.cn/m/emoticon/icon/others/o_lazhu-6209fc6e73.png"" 
                style=""width:1em; height:1em;"" /></span><span class=""url-icon""><img alt=[蜡烛] src=""https://h5.sinaimg.cn/m/emoticon/icon/others/o_lazhu-6209fc6e73.png"" 
                style=""width:1em; height:1em;"" /></span>",6572720474,0,Kersen婕,65,98,f
4484278140269889,Thu Mar 19 19:51:25 +0800 2020,"<span class=""url-icon""><img alt=[蜡烛] src=""https://h5.sinaimg.cn/m/emoticon/icon/others/o_lazhu-6209fc6e73.png"" 
                style=""width:1em; height:1em;"" /></span><span class=""url-icon""><img alt=[蜡烛] src=""https://h5.sinaimg.cn/m/emoticon/icon/others/o_lazhu-6209fc6e73.png"" 
                style=""width:1em; height:1em;"" /></span><span class=""url-icon""><img alt=[伤心] src=""https://h5.sinaimg.cn/m/emoticon/icon/others/l_shangxin-934f730572.png"" 
                style=""width:1em; height:1em;"" /></span><span class=""url-icon""><img alt=[伤心] src=""https://h5.sinaimg.cn/m/emoticon/icon/others/l_shangxin-934f730572.png"" 
                style=""width:1em; height:1em;"" /></span>",1750774214,0,辰家小小希,133,291,f
4484278131490908,Thu Mar 19 19:51:22 +0800 2020,"<span class=""url-icon""><img alt=[泪] src=""https://h5.sinaimg.cn/m/emoticon/icon/default/d_lei-1b4b02f8b1.png"" 
                style=""width:1em; height:1em;"" /></span>",5965840962,2,京京44283,196,87,m
4484278115473296,Thu Mar 19 19:51:19 +0800 2020,一路走好,5404145509,1,晴天地铁,916,184,m
4484278761288677,Thu Mar 19 19:53:53 +0800 2020,"❤️逝者安息生者坚强绽放重生<span class=""url-icon""><img alt=[心] src=""https://h5.sinaimg.cn/m/emoticon/icon/others/l_xin-6912791858.png"" 
                style=""width:1em; height:1em;"" /></span>",3833796910,2,征霖-张磊,149,230,m
4484277675210494,Thu Mar 19 19:49:34 +0800 2020,相信国家！,1172673530,5,路杨杨,212,4496,m
4484278752266140,Thu Mar 19 19:53:51 +0800 2020,相信调查结果，正义不会迟到,1827873845,11,织云记,389,1128,f
4484277443713418,Thu Mar 19 19:48:38 +0800 2020,相信党！相信国家！,6120538731,10,小明真是小名,41,0,m
4484277649884646,Thu Mar 19 19:49:27 +0800 2020,"一路走好 <span class=""url-icon""><img alt=[蜡烛] src=""https://h5.sinaimg.cn/m/emoticon/icon/others/o_lazhu-6209fc6e73.png"" 
                style=""width:1em; height:1em;"" /></span>",3754924514,1,满满的肉松,199,94,f
4484278265586351,Thu Mar 19 19:51:55 +0800 2020,逝者安息，调查内容全面，希望李文亮家属坚强生活下去。,7374849756,7,荣耀9xpro56105,766,20,m
4484279637940794,Thu Mar 19 19:57:21 +0800 2020,"<span class=""url-icon""><img alt=[蜡烛] src=""https://h5.sinaimg.cn/m/emoticon/icon/others/o_lazhu-6209fc6e73.png"" 
                style=""width:1em; height:1em;"" /></span><span class=""url-icon""><img alt=[蜡烛] src=""https://h5.sinaimg.cn/m/emoticon/icon/others/o_lazhu-6209fc6e73.png"" 
                style=""width:1em; height:1em;"" /></span><span class=""url-icon""><img alt=[蜡烛] src=""https://h5.sinaimg.cn/m/emoticon/icon/others/o_lazhu-6209fc6e73.png"" 
                style=""width:1em; height:1em;"" /></span>",6116123713,2,丫丫的嘴好看,15,0,m
4484278760701325,Thu Mar 19 19:53:53 +0800 2020,"<span class=""url-icon""><img alt=[蜡烛] src=""https://h5.sinaimg.cn/m/emoticon/icon/others/o_lazhu-6209fc6e73.png"" 
                style=""width:1em; height:1em;"" /></span>",5421547672,1,lucycn60,17,62,f
4484278262047072,Thu Mar 19 19:51:54 +0800 2020,"致敬英雄，希望能给一个公正<span class=""url-icon""><img alt=[蜡烛] src=""https://h5.sinaimg.cn/m/emoticon/icon/others/o_lazhu-6209fc6e73.png"" 
                style=""width:1em; height:1em;"" /></span><span class=""url-icon""><img alt=[蜡烛] src=""https://h5.sinaimg.cn/m/emoticon/icon/others/o_lazhu-6209fc6e73.png"" 
                style=""width:1em; height:1em;"" /></span><span class=""url-icon""><img alt=[蜡烛] src=""https://h5.sinaimg.cn/m/emoticon/icon/others/o_lazhu-6209fc6e73.png"" 
                style=""width:1em; height:1em;"" /></span><span class=""url-icon""><img alt=[蜡烛] src=""https://h5.sinaimg.cn/m/emoticon/icon/others/o_lazhu-6209fc6e73.png"" 
                style=""width:1em; height:1em;"" /></span><span class=""url-icon""><img alt=[蜡烛] src=""https://h5.sinaimg.cn/m/emoticon/icon/others/o_lazhu-6209fc6e73.png"" 
                style=""width:1em; height:1em;"" /></span>",6001653946,0,所谓纯粹,14,0,m
4484277729006185,Thu Mar 19 19:49:47 +0800 2020,"<span class=""url-icon""><img alt=[蜡烛] src=""https://h5.sinaimg.cn/m/emoticon/icon/others/o_lazhu-6209fc6e73.png"" 
                style=""width:1em; height:1em;"" /></span><span class=""url-icon""><img alt=[蜡烛] src=""https://h5.sinaimg.cn/m/emoticon/icon/others/o_lazhu-6209fc6e73.png"" 
                style=""width:1em; height:1em;"" /></span>",6407627569,3,花花最可爱hhh,93,25,f
4484277615965316,Thu Mar 19 19:49:19 +0800 2020,"一路走好<span class=""url-icon""><img alt=[蜡烛] src=""https://h5.sinaimg.cn/m/emoticon/icon/others/o_lazhu-6209fc6e73.png"" 
                style=""width:1em; height:1em;"" /></span><span class=""url-icon""><img alt=[蜡烛] src=""https://h5.sinaimg.cn/m/emoticon/icon/others/o_lazhu-6209fc6e73.png"" 
                style=""width:1em; height:1em;"" /></span><span class=""url-icon""><img alt=[蜡烛] src=""https://h5.sinaimg.cn/m/emoticon/icon/others/o_lazhu-6209fc6e73.png"" 
                style=""width:1em; height:1em;"" /></span>",3197326270,3,淡淡的隐的世界,28,14,f
4484278777868041,Thu Mar 19 19:53:56 +0800 2020,"<span class=""url-icon""><img alt=[蜡烛] src=""https://h5.sinaimg.cn/m/emoticon/icon/others/o_lazhu-6209fc6e73.png"" 
                style=""width:1em; height:1em;"" /></span>",7048006496,1,崔粗腿的腿最粗,12,9,f
4484278630521294,Thu Mar 19 19:53:22 +0800 2020,"<span class=""url-icon""><img alt=[可怜] src=""https://h5.sinaimg.cn/m/emoticon/icon/default/d_kelian-3e00ccdc26.png"" 
                style=""width:1em; height:1em;"" /></span><span class=""url-icon""><img alt=[可怜] src=""https://h5.sinaimg.cn/m/emoticon/icon/default/d_kelian-3e00ccdc26.png"" 
                style=""width:1em; height:1em;"" /></span><span class=""url-icon""><img alt=[可怜] src=""https://h5.sinaimg.cn/m/emoticon/icon/default/d_kelian-3e00ccdc26.png"" 
                style=""width:1em; height:1em;"" /></span>",6350347847,4,彤心未泯6445,116,0,f
