﻿4469846287233910,Sun Feb 09 00:04:23 +0800 2020,武汉还有一个志愿者  看到那么多病人需要医生  因为交通暂停！ 医生又不方便上下班急得哭！他主动当志愿者去接送医生！ 不想医生太辛苦不想患者太绝望！但最后不幸感染！ 双肺发白病情严重去世了！他叫何辉！54岁！他是武汉所有和病毒进行肉搏，甚至命博的英雄之一。有太多无私奉献的人了！感恩！,1452023124,1990,瑶瑶yoyoyin,270,5534,f
4469840376663166,Sat Feb 08 23:40:54 +0800 2020,难忘李文亮,5789437381,1148,顶上去,40,1447,f
4469840502450451,Sat Feb 08 23:41:24 +0800 2020,"走好！天堂没有病痛！<span class=""url-icon""><img alt=[蜡烛] src=""https://h5.sinaimg.cn/m/emoticon/icon/others/o_lazhu-6209fc6e73.png"" 
                style=""width:1em; height:1em;"" /></span> 加油中国🇨🇳<span class=""url-icon""><img alt=[点亮平安灯] src=""https://h5.sinaimg.cn/m/emoticon/icon/others/cx_dianliangpingan-da91c26b1a.png"" 
                style=""width:1em; height:1em;"" /></span><span class=""url-icon""><img alt=[武汉加油] src=""https://h5.sinaimg.cn/m/emoticon/icon/others/cw_wuhanjiayou-0e0df8741a.png"" 
                style=""width:1em; height:1em;"" /></span>",2106430523,627,太极围城,43,37,f
4469840427846992,Sat Feb 08 23:41:06 +0800 2020,李文亮！！！！,2115260573,513,学习,400,6124302,f
4469840297800773,Sat Feb 08 23:40:34 +0800 2020,"你所站立的地方,就是你的中国；你怎样,中国便怎样；你是什么,中国便是什么；你若光明,中国便不再黑暗",6209653737,301,大岛由加利_,90,2157,f
4469840163561781,Sat Feb 08 23:40:03 +0800 2020,"逝者安息 缅怀<span class=""url-icon""><img alt=[心] src=""https://h5.sinaimg.cn/m/emoticon/icon/others/l_xin-6912791858.png"" 
                style=""width:1em; height:1em;"" /></span>",3094433924,146,每日甜份,367,2044649,f
4469840506662668,Sat Feb 08 23:41:25 +0800 2020,"山东省泰安市公安局泰山分局中队指导员李弦  泰安人民为您自豪<span class=""url-icon""><img alt=[心] src=""https://h5.sinaimg.cn/m/emoticon/icon/others/l_xin-6912791858.png"" 
                style=""width:1em; height:1em;"" /></span>🙏",3956353522,152,没错就是那个辣,589,804,f
4469840213649117,Sat Feb 08 23:40:14 +0800 2020,"永远缅怀 致敬<span class=""url-icon""><img alt=[心] src=""https://h5.sinaimg.cn/m/emoticon/icon/others/l_xin-6912791858.png"" 
                style=""width:1em; height:1em;"" /></span>",5474504494,97,可不可以不打烊,277,16819,f
4469840163561070,Sat Feb 08 23:40:03 +0800 2020,"人民不会忘记你们<span class=""url-icon""><img alt=[蜡烛] src=""https://h5.sinaimg.cn/m/emoticon/icon/others/o_lazhu-6209fc6e73.png"" 
                style=""width:1em; height:1em;"" /></span>",5311264927,76,一路上有你ZL,189,1862,m
4469840864056152,Sat Feb 08 23:42:50 +0800 2020,"致敬与缅怀所有在这场战疫中牺牲的伟大的平凡人<span class=""url-icon""><img alt=[鲜花] src=""https://h5.sinaimg.cn/m/emoticon/icon/others/w_xianhua-6efa26efdf.png"" 
                style=""width:1em; height:1em;"" /></span><span class=""url-icon""><img alt=[鲜花] src=""https://h5.sinaimg.cn/m/emoticon/icon/others/w_xianhua-6efa26efdf.png"" 
                style=""width:1em; height:1em;"" /></span><span class=""url-icon""><img alt=[蜡烛] src=""https://h5.sinaimg.cn/m/emoticon/icon/others/o_lazhu-6209fc6e73.png"" 
                style=""width:1em; height:1em;"" /></span><span class=""url-icon""><img alt=[蜡烛] src=""https://h5.sinaimg.cn/m/emoticon/icon/others/o_lazhu-6209fc6e73.png"" 
                style=""width:1em; height:1em;"" /></span><span class=""url-icon""><img alt=[心] src=""https://h5.sinaimg.cn/m/emoticon/icon/others/l_xin-6912791858.png"" 
                style=""width:1em; height:1em;"" /></span><span class=""url-icon""><img alt=[心] src=""https://h5.sinaimg.cn/m/emoticon/icon/others/l_xin-6912791858.png"" 
                style=""width:1em; height:1em;"" /></span>🙏🙏他们都是了不起的英雄～谢谢他们撑起了前方战场的天，让我们普通百姓得以在家安心躲避疫情～",5681420084,60,健乐大悦,255,64,m
4469840201202618,Sat Feb 08 23:40:12 +0800 2020,"致敬！缅怀！<span class=""url-icon""><img alt=[蜡烛] src=""https://h5.sinaimg.cn/m/emoticon/icon/others/o_lazhu-6209fc6e73.png"" 
                style=""width:1em; height:1em;"" /></span>",5780408064,41,可乐Make,140,183723,m
4469841345905277,Sat Feb 08 23:44:44 +0800 2020,"李文亮，我们永远不会忘记你<span class=""url-icon""><img alt=[蜡烛] src=""https://h5.sinaimg.cn/m/emoticon/icon/others/o_lazhu-6209fc6e73.png"" 
                style=""width:1em; height:1em;"" /></span><span class=""url-icon""><img alt=[蜡烛] src=""https://h5.sinaimg.cn/m/emoticon/icon/others/o_lazhu-6209fc6e73.png"" 
                style=""width:1em; height:1em;"" /></span><span class=""url-icon""><img alt=[蜡烛] src=""https://h5.sinaimg.cn/m/emoticon/icon/others/o_lazhu-6209fc6e73.png"" 
                style=""width:1em; height:1em;"" /></span>",6376419615,64,北京北漂的北京,345,150,f
4469840322177575,Sat Feb 08 23:40:41 +0800 2020,"永远在人民心中 致敬英雄<span class=""url-icon""><img alt=[蜡烛] src=""https://h5.sinaimg.cn/m/emoticon/icon/others/o_lazhu-6209fc6e73.png"" 
                style=""width:1em; height:1em;"" /></span>",2479413811,39,暖心吖ing,702,11163,f
4469840536835131,Sat Feb 08 23:41:32 +0800 2020,谢谢你们用生命换我们平安,6152964578,29,一朵折春风,350,196,m
4469840268117802,Sat Feb 08 23:40:28 +0800 2020,"致敬所有一线抗击疫情工作人员<span class=""url-icon""><img alt=[心] src=""https://h5.sinaimg.cn/m/emoticon/icon/others/l_xin-6912791858.png"" 
                style=""width:1em; height:1em;"" /></span>",5957836097,33,财神姐,482,3782690,f
4469842235554368,Sat Feb 08 23:48:17 +0800 2020,"看到李文亮医生忍不住<span class=""url-icon""><img alt=[悲伤] src=""https://h5.sinaimg.cn/m/emoticon/icon/default/d_beishang-f8d6de06c8.png"" 
                style=""width:1em; height:1em;"" /></span><span class=""url-icon""><img alt=[蜡烛] src=""https://h5.sinaimg.cn/m/emoticon/icon/others/o_lazhu-6209fc6e73.png"" 
                style=""width:1em; height:1em;"" /></span>坐等调查结果",6059427566,37,leolzl2016,199,48,m
4469841270403071,Sat Feb 08 23:44:26 +0800 2020,每一段朗诵都让人感动，热泪盈眶。我们普通人不能做什么，只能管好自己，不为国家添乱。武汉加油，湖北加油，中国加油！希望疫情早日结束，阳光普照大地！,6087985084,21,楊海燕HooinYoung,26,634,f
4469840251277133,Sat Feb 08 23:40:23 +0800 2020,"仙桃市9成防护服出口加工企业，因未获得药监局颁发的医疗器械生产许可证，而被当地指挥部生产组于2月4日下文要求停产至2月13日。<span class=""url-icon""><img alt=[感冒] src=""https://h5.sinaimg.cn/m/emoticon/icon/default/d_ganmao-d66b25d11a.png"" 
                style=""width:1em; height:1em;"" /></span><span class=""url-icon""><img alt=[感冒] src=""https://h5.sinaimg.cn/m/emoticon/icon/default/d_ganmao-d66b25d11a.png"" 
                style=""width:1em; height:1em;"" /></span>为什么啊，仙桃是无纺布产能大市啊！迷之操作啊？",6317134281,19,爱吐槽的刘战神,232,184139,m
4469841690099662,Sat Feb 08 23:46:07 +0800 2020,"缅怀所有抗疫牺牲的人<span class=""url-icon""><img alt=[蜡烛] src=""https://h5.sinaimg.cn/m/emoticon/icon/others/o_lazhu-6209fc6e73.png"" 
                style=""width:1em; height:1em;"" /></span>！致敬向所有付出的人致敬<span class=""url-icon""><img alt=[good] src=""https://h5.sinaimg.cn/m/emoticon/icon/others/h_good-644bcfa993.png"" 
                style=""width:1em; height:1em;"" /></span>，武汉加油<span class=""url-icon""><img alt=[武汉加油] src=""https://h5.sinaimg.cn/m/emoticon/icon/others/cw_wuhanjiayou-0e0df8741a.png"" 
                style=""width:1em; height:1em;"" /></span>中国🇨🇳加油(ง •̀_•́)ง！！？",6313321501,12,关九海的安德玛,188,169,f
4469840246802418,Sat Feb 08 23:40:23 +0800 2020,"有的人死了，但是他还活着<span class=""url-icon""><img alt=[心] src=""https://h5.sinaimg.cn/m/emoticon/icon/others/l_xin-6912791858.png"" 
                style=""width:1em; height:1em;"" /></span>致敬",5654569181,17,IS李易峰,24,82,f
4469853609937189,Sun Feb 09 00:33:28 +0800 2020,武汉精神卫生中心80名医患确诊新冠肺炎求证实,2951930352,11,红橙黄绿青蓝紫七个小矮人,219,82,m
4469840460614221,Sat Feb 08 23:41:14 +0800 2020,希望不要再有人倒下了🙏🙏🙏,2002268714,9,颜值发型,298,552592,m
4469840498648920,Sat Feb 08 23:41:22 +0800 2020,"致敬英雄，一路走好<span class=""url-icon""><img alt=[蜡烛] src=""https://h5.sinaimg.cn/m/emoticon/icon/others/o_lazhu-6209fc6e73.png"" 
                style=""width:1em; height:1em;"" /></span><span class=""url-icon""><img alt=[蜡烛] src=""https://h5.sinaimg.cn/m/emoticon/icon/others/o_lazhu-6209fc6e73.png"" 
                style=""width:1em; height:1em;"" /></span><span class=""url-icon""><img alt=[蜡烛] src=""https://h5.sinaimg.cn/m/emoticon/icon/others/o_lazhu-6209fc6e73.png"" 
                style=""width:1em; height:1em;"" /></span><span class=""url-icon""><img alt=[蜡烛] src=""https://h5.sinaimg.cn/m/emoticon/icon/others/o_lazhu-6209fc6e73.png"" 
                style=""width:1em; height:1em;"" /></span><span class=""url-icon""><img alt=[蜡烛] src=""https://h5.sinaimg.cn/m/emoticon/icon/others/o_lazhu-6209fc6e73.png"" 
                style=""width:1em; height:1em;"" /></span>",1818821761,8,子夜茶_,94,224,m
4469840829774382,Sat Feb 08 23:42:42 +0800 2020,"大家都在寻找正义<span class=""url-icon""><img alt=[心] src=""https://h5.sinaimg.cn/m/emoticon/icon/others/l_xin-6912791858.png"" 
                style=""width:1em; height:1em;"" /></span>",6164431998,10,余三少,328,4818,m
4469841727142868,Sat Feb 08 23:46:16 +0800 2020,愿天堂没有伤痛[淚]英雄们一路走好[蠟燭]中国加油！！！,6339388740,7,Royiiee_zzZ,250,313,f
4469840699536331,Sat Feb 08 23:42:10 +0800 2020,"致敬！路有点黑吗？💡那点个灯吧，一路走好<span class=""url-icon""><img alt=[蜡烛] src=""https://h5.sinaimg.cn/m/emoticon/icon/others/o_lazhu-6209fc6e73.png"" 
                style=""width:1em; height:1em;"" /></span>",5919495882,7,别惹容嬷嬷,817,1794,f
4469850023763715,Sun Feb 09 00:19:14 +0800 2020,我不知道他们是谁 如果没有这次病毒肆虐 他们的名字也只是汉字的一种组合 而此刻  我试着猜想他们是谁  长夜将至 我从今开始守望 至死方休 我将不戴王冠 不争荣宠 我将尽忠职守 生死于斯  他们是 Night's Watch  如欲不幸 我的守望至死方休 于斯结束  敬重！！！,1797814514,7,长胖要黑酷没有小动作,101,223,m
4469874330210692,Sun Feb 09 01:55:48 +0800 2020,//<a href='/n/瑶瑶yoyoyin'>@瑶瑶yoyoyin</a>:武汉有一个志愿者  看到那么多病人需要医生  因交通暂停医生又不方便上下班急得哭！他主动当志愿者去接送医生！ 不想医生太辛苦不想患者太绝望！但最后不幸感染！ 双肺发白病情严重去世了！他叫何辉！54岁！他是武汉所有和病毒进行肉搏，甚至命博的英雄之一。太多无私奉献的人！感恩！,1847914815,8,你给了我惊鸿,892,2003,f
4469841710885591,Sat Feb 08 23:46:12 +0800 2020,"看见黑白色的照片，一秒泪目，原来他们真的离我们远去了<span class=""url-icon""><img alt=[蜡烛] src=""https://h5.sinaimg.cn/m/emoticon/icon/others/o_lazhu-6209fc6e73.png"" 
                style=""width:1em; height:1em;"" /></span><span class=""url-icon""><img alt=[悲伤] src=""https://h5.sinaimg.cn/m/emoticon/icon/default/d_beishang-f8d6de06c8.png"" 
                style=""width:1em; height:1em;"" /></span>感谢您们的付出，愿极乐世界不再有悲伤和无奈<span class=""url-icon""><img alt=[心] src=""https://h5.sinaimg.cn/m/emoticon/icon/others/l_xin-6912791858.png"" 
                style=""width:1em; height:1em;"" /></span><span class=""url-icon""><img alt=[心] src=""https://h5.sinaimg.cn/m/emoticon/icon/others/l_xin-6912791858.png"" 
                style=""width:1em; height:1em;"" /></span><span class=""url-icon""><img alt=[心] src=""https://h5.sinaimg.cn/m/emoticon/icon/others/l_xin-6912791858.png"" 
                style=""width:1em; height:1em;"" /></span>",5586854236,6,可儿是狮子座,46,26,f
4469840653481981,Sat Feb 08 23:41:59 +0800 2020,"一路走好<span class=""url-icon""><img alt=[蜡烛] src=""https://h5.sinaimg.cn/m/emoticon/icon/others/o_lazhu-6209fc6e73.png"" 
                style=""width:1em; height:1em;"" /></span>",6346324006,3,咸蛋黄啵啵小奶鹅,979,3804,f
4470444587411199,Mon Feb 10 15:41:49 +0800 2020,"永远缅怀人民的英雄们<span class=""url-icon""><img alt=[心] src=""https://h5.sinaimg.cn/m/emoticon/icon/others/l_xin-6912791858.png"" 
                style=""width:1em; height:1em;"" /></span>致敬",5564771728,2,小杨人呢,310,101,f
4469855836860474,Sun Feb 09 00:42:20 +0800 2020,"<span class=""url-icon""><img alt=[蜡烛] src=""https://h5.sinaimg.cn/m/emoticon/icon/others/o_lazhu-6209fc6e73.png"" 
                style=""width:1em; height:1em;"" /></span>",6241608684,3,宇哥不是哥1128,156,360,f
4469846395482981,Sun Feb 09 00:04:48 +0800 2020,你什么样，中国就什么样，❤️加油中国🇨🇳,5150263444,4,枫辰双鱼星,327,38,f
4469845049289207,Sat Feb 08 23:59:27 +0800 2020,"即使已不在身边，却已活在每个人心里，元宵送别英雄，愿所有的牺牲能换来更多的团圆<span class=""url-icon""><img alt=[心] src=""https://h5.sinaimg.cn/m/emoticon/icon/others/l_xin-6912791858.png"" 
                style=""width:1em; height:1em;"" /></span>🙏",2772170427,3,东方小葵,867,12939,f
4469843938040438,Sat Feb 08 23:55:03 +0800 2020,致敬 平凡而伟大,6568579772,2,温婉居家di肖夫人,217,4530,f
4469841320907416,Sat Feb 08 23:44:38 +0800 2020,"祖国和人民不会忘记您，英雄，一路走好<span class=""url-icon""><img alt=[心] src=""https://h5.sinaimg.cn/m/emoticon/icon/others/l_xin-6912791858.png"" 
                style=""width:1em; height:1em;"" /></span><span class=""url-icon""><img alt=[心] src=""https://h5.sinaimg.cn/m/emoticon/icon/others/l_xin-6912791858.png"" 
                style=""width:1em; height:1em;"" /></span>",5485598287,8,旅行喵喵酱,1399,29816,m
4469840892672303,Sat Feb 08 23:42:56 +0800 2020,汝州🙏,6351573167,3,安好EmperorA,127,22394,m
4469840804904000,Sat Feb 08 23:42:35 +0800 2020,致敬,5681814200,3,深拥未栀_0920,694,172,f
4469840708602703,Sat Feb 08 23:42:13 +0800 2020,"<span class=""url-icon""><img alt=[蜡烛] src=""https://h5.sinaimg.cn/m/emoticon/icon/others/o_lazhu-6209fc6e73.png"" 
                style=""width:1em; height:1em;"" /></span>",5462747391,2,七七服了,401,536,f
4469840528082403,Sat Feb 08 23:41:29 +0800 2020,"<span class=""url-icon""><img alt=[蜡烛] src=""https://h5.sinaimg.cn/m/emoticon/icon/others/o_lazhu-6209fc6e73.png"" 
                style=""width:1em; height:1em;"" /></span><span class=""url-icon""><img alt=[蜡烛] src=""https://h5.sinaimg.cn/m/emoticon/icon/others/o_lazhu-6209fc6e73.png"" 
                style=""width:1em; height:1em;"" /></span><span class=""url-icon""><img alt=[蜡烛] src=""https://h5.sinaimg.cn/m/emoticon/icon/others/o_lazhu-6209fc6e73.png"" 
                style=""width:1em; height:1em;"" /></span><span class=""url-icon""><img alt=[蜡烛] src=""https://h5.sinaimg.cn/m/emoticon/icon/others/o_lazhu-6209fc6e73.png"" 
                style=""width:1em; height:1em;"" /></span>向英雄致敬，为了更好地前行<span class=""url-icon""><img alt=[武汉加油] src=""https://h5.sinaimg.cn/m/emoticon/icon/others/cw_wuhanjiayou-0e0df8741a.png"" 
                style=""width:1em; height:1em;"" /></span><span class=""url-icon""><img alt=[武汉加油] src=""https://h5.sinaimg.cn/m/emoticon/icon/others/cw_wuhanjiayou-0e0df8741a.png"" 
                style=""width:1em; height:1em;"" /></span><span class=""url-icon""><img alt=[武汉加油] src=""https://h5.sinaimg.cn/m/emoticon/icon/others/cw_wuhanjiayou-0e0df8741a.png"" 
                style=""width:1em; height:1em;"" /></span>",2099824673,2,天涯不在,3609,191,m
4469840444435374,Sat Feb 08 23:41:10 +0800 2020,"永远不会忘记你们<span class=""url-icon""><img alt=[心] src=""https://h5.sinaimg.cn/m/emoticon/icon/others/l_xin-6912791858.png"" 
                style=""width:1em; height:1em;"" /></span><span class=""url-icon""><img alt=[心] src=""https://h5.sinaimg.cn/m/emoticon/icon/others/l_xin-6912791858.png"" 
                style=""width:1em; height:1em;"" /></span><span class=""url-icon""><img alt=[心] src=""https://h5.sinaimg.cn/m/emoticon/icon/others/l_xin-6912791858.png"" 
                style=""width:1em; height:1em;"" /></span><span class=""url-icon""><img alt=[蜡烛] src=""https://h5.sinaimg.cn/m/emoticon/icon/others/o_lazhu-6209fc6e73.png"" 
                style=""width:1em; height:1em;"" /></span><span class=""url-icon""><img alt=[蜡烛] src=""https://h5.sinaimg.cn/m/emoticon/icon/others/o_lazhu-6209fc6e73.png"" 
                style=""width:1em; height:1em;"" /></span><span class=""url-icon""><img alt=[蜡烛] src=""https://h5.sinaimg.cn/m/emoticon/icon/others/o_lazhu-6209fc6e73.png"" 
                style=""width:1em; height:1em;"" /></span>",2981921510,2,啵的腰果虾仁,1378,1051,f
4469840293372698,Sat Feb 08 23:40:33 +0800 2020,致敬，缅怀,5621687545,2,带我奔向那片有你的天空·,296,2594,f
4469840213661097,Sat Feb 08 23:40:15 +0800 2020,"走好<span class=""url-icon""><img alt=[蜡烛] src=""https://h5.sinaimg.cn/m/emoticon/icon/others/o_lazhu-6209fc6e73.png"" 
                style=""width:1em; height:1em;"" /></span><span class=""url-icon""><img alt=[蜡烛] src=""https://h5.sinaimg.cn/m/emoticon/icon/others/o_lazhu-6209fc6e73.png"" 
                style=""width:1em; height:1em;"" /></span>",5047445452,2,德伟戴,472,1608,m
4469840205234418,Sat Feb 08 23:40:13 +0800 2020,都会好起来！一定会！我相信！,5948733930,3,西陆Autumn,230,460,f
4469840196535982,Sat Feb 08 23:40:11 +0800 2020,致敬！！！,2479413811,2,暖心吖ing,702,11163,f
4469840196988562,Sat Feb 08 23:40:11 +0800 2020,"致敬英雄<span class=""url-icon""><img alt=[蜡烛] src=""https://h5.sinaimg.cn/m/emoticon/icon/others/o_lazhu-6209fc6e73.png"" 
                style=""width:1em; height:1em;"" /></span><span class=""url-icon""><img alt=[蜡烛] src=""https://h5.sinaimg.cn/m/emoticon/icon/others/o_lazhu-6209fc6e73.png"" 
                style=""width:1em; height:1em;"" /></span><span class=""url-icon""><img alt=[蜡烛] src=""https://h5.sinaimg.cn/m/emoticon/icon/others/o_lazhu-6209fc6e73.png"" 
                style=""width:1em; height:1em;"" /></span>",5283336367,2,大西北的灯芯,92,124,f
4469840187957128,Sat Feb 08 23:40:09 +0800 2020,"致敬<span class=""url-icon""><img alt=[心] src=""https://h5.sinaimg.cn/m/emoticon/icon/others/l_xin-6912791858.png"" 
                style=""width:1em; height:1em;"" /></span>缅怀<span class=""url-icon""><img alt=[蜡烛] src=""https://h5.sinaimg.cn/m/emoticon/icon/others/o_lazhu-6209fc6e73.png"" 
                style=""width:1em; height:1em;"" /></span>",6228385853,3,不是火星的薪火,320,950,f
4469840179982404,Sat Feb 08 23:40:07 +0800 2020,"怀念，<span class=""url-icon""><img alt=[蜡烛] src=""https://h5.sinaimg.cn/m/emoticon/icon/others/o_lazhu-6209fc6e73.png"" 
                style=""width:1em; height:1em;"" /></span><span class=""url-icon""><img alt=[蜡烛] src=""https://h5.sinaimg.cn/m/emoticon/icon/others/o_lazhu-6209fc6e73.png"" 
                style=""width:1em; height:1em;"" /></span><span class=""url-icon""><img alt=[蜡烛] src=""https://h5.sinaimg.cn/m/emoticon/icon/others/o_lazhu-6209fc6e73.png"" 
                style=""width:1em; height:1em;"" /></span>",6313321501,2,关九海的安德玛,188,169,f
4469840138284064,Sat Feb 08 23:39:57 +0800 2020,永远缅怀,6963177882,2,邓同学Hearing,612,15870,f
4469840179980855,Sat Feb 08 23:40:07 +0800 2020,"走好，英雄，谢谢您<span class=""url-icon""><img alt=[蜡烛] src=""https://h5.sinaimg.cn/m/emoticon/icon/others/o_lazhu-6209fc6e73.png"" 
                style=""width:1em; height:1em;"" /></span>",6029792345,2,我养了头pig,86,123,m
4469985206678628,Sun Feb 09 09:16:24 +0800 2020,别搞这些形式主义，多把领导领的一箱箱的口罩给一线的医务工作者才是必须的。,1965003345,5,余右右右,406,291,f
4469843573122899,Sat Feb 08 23:53:36 +0800 2020,"<span class=""url-icon""><img alt=[蜡烛] src=""https://h5.sinaimg.cn/m/emoticon/icon/others/o_lazhu-6209fc6e73.png"" 
                style=""width:1em; height:1em;"" /></span><span class=""url-icon""><img alt=[蜡烛] src=""https://h5.sinaimg.cn/m/emoticon/icon/others/o_lazhu-6209fc6e73.png"" 
                style=""width:1em; height:1em;"" /></span><span class=""url-icon""><img alt=[蜡烛] src=""https://h5.sinaimg.cn/m/emoticon/icon/others/o_lazhu-6209fc6e73.png"" 
                style=""width:1em; height:1em;"" /></span>历史永远铭记你",2611584385,2,又又_lloooong,2164,1771,f
4469840528085592,Sat Feb 08 23:41:30 +0800 2020,为死去的人默哀，为在一线奋斗的医护人员加油,5428664092,3,刺猬Poe,444,1019988,m
4469840292699109,Sat Feb 08 23:40:34 +0800 2020,"<span class=""url-icon""><img alt=[心] src=""https://h5.sinaimg.cn/m/emoticon/icon/others/l_xin-6912791858.png"" 
                style=""width:1em; height:1em;"" /></span><span class=""url-icon""><img alt=[心] src=""https://h5.sinaimg.cn/m/emoticon/icon/others/l_xin-6912791858.png"" 
                style=""width:1em; height:1em;"" /></span><span class=""url-icon""><img alt=[心] src=""https://h5.sinaimg.cn/m/emoticon/icon/others/l_xin-6912791858.png"" 
                style=""width:1em; height:1em;"" /></span>",6589520854,2,猫猫不许舔嘴喏,266,206,f
4470543954779644,Mon Feb 10 22:16:40 +0800 2020,"致敬！缅怀！谢谢你们，愿天堂无病痛…<span class=""url-icon""><img alt=[蜡烛] src=""https://h5.sinaimg.cn/m/emoticon/icon/others/o_lazhu-6209fc6e73.png"" 
                style=""width:1em; height:1em;"" /></span>",5802952077,1,麦兜兜米红豆,673,247,f
4470525797168716,Mon Feb 10 21:04:31 +0800 2020,"<span class=""url-icon""><img alt=[蜡烛] src=""https://h5.sinaimg.cn/m/emoticon/icon/others/o_lazhu-6209fc6e73.png"" 
                style=""width:1em; height:1em;"" /></span><span class=""url-icon""><img alt=[蜡烛] src=""https://h5.sinaimg.cn/m/emoticon/icon/others/o_lazhu-6209fc6e73.png"" 
                style=""width:1em; height:1em;"" /></span><span class=""url-icon""><img alt=[蜡烛] src=""https://h5.sinaimg.cn/m/emoticon/icon/others/o_lazhu-6209fc6e73.png"" 
                style=""width:1em; height:1em;"" /></span><span class=""url-icon""><img alt=[鲜花] src=""https://h5.sinaimg.cn/m/emoticon/icon/others/w_xianhua-6efa26efdf.png"" 
                style=""width:1em; height:1em;"" /></span><span class=""url-icon""><img alt=[鲜花] src=""https://h5.sinaimg.cn/m/emoticon/icon/others/w_xianhua-6efa26efdf.png"" 
                style=""width:1em; height:1em;"" /></span><span class=""url-icon""><img alt=[鲜花] src=""https://h5.sinaimg.cn/m/emoticon/icon/others/w_xianhua-6efa26efdf.png"" 
                style=""width:1em; height:1em;"" /></span>🙏🙏🙏",6088541286,1,猫小奢,5267,1777,f
4470404032873831,Mon Feb 10 13:00:40 +0800 2020,吾之荣誉及忠诚.,5554394548,1,--Dexter-,36,2468,f
4470030446586294,Sun Feb 09 12:16:10 +0800 2020,"走好，天堂没有病痛<span class=""url-icon""><img alt=[蜡烛] src=""https://h5.sinaimg.cn/m/emoticon/icon/others/o_lazhu-6209fc6e73.png"" 
                style=""width:1em; height:1em;"" /></span>",6996485381,1,yoyo梅个你,264,2207,f
4470010951453111,Sun Feb 09 10:58:41 +0800 2020,湖北省政府全体以死谢罪吧,1946376440,1,清烟_尽忆禛心,732,929,f
4469872119895925,Sun Feb 09 01:47:01 +0800 2020,不要脸,5603915187,1,想要說聲愛你卻被吹散在風裡,334,10577,m
4469851286631315,Sun Feb 09 00:24:15 +0800 2020,"缅怀！致敬<span class=""url-icon""><img alt=[心] src=""https://h5.sinaimg.cn/m/emoticon/icon/others/l_xin-6912791858.png"" 
                style=""width:1em; height:1em;"" /></span>",6233488157,1,哎呦嗷呜嗷呜呜www,179,49,f
4469841794828557,Sat Feb 08 23:46:32 +0800 2020,走好🎈,6074654804,1,陌影彡Y,243,304,f
4469840183739646,Sat Feb 08 23:40:07 +0800 2020,"一路走好<span class=""url-icon""><img alt=[伤心] src=""https://h5.sinaimg.cn/m/emoticon/icon/others/l_shangxin-934f730572.png"" 
                style=""width:1em; height:1em;"" /></span>",6239157592,1,黑貓貓zZ,21,1227,m
4469840179688241,Sat Feb 08 23:40:07 +0800 2020,致敬,5292106506,0,落叶泛秋声-,200,8326,f
4469840120985583,Sat Feb 08 23:39:52 +0800 2020,致敬！！！,5748614466,1,万千山水藏于心,222,10688,f
4470222604322342,Mon Feb 10 00:59:44 +0800 2020,"真的很难过很难过<span class=""url-icon""><img alt=[悲伤] src=""https://h5.sinaimg.cn/m/emoticon/icon/default/d_beishang-f8d6de06c8.png"" 
                style=""width:1em; height:1em;"" /></span><span class=""url-icon""><img alt=[失望] src=""https://h5.sinaimg.cn/m/emoticon/icon/default/d_shiwang-7925938d93.png"" 
                style=""width:1em; height:1em;"" /></span>",1761293051,1,呢呢影,720,922,f
4469859825903933,Sun Feb 09 00:58:11 +0800 2020,战斗是真的要死人的！究竟是谁吃的野生动物也不想继续问了，只希望疫情尽快结束吧,1952461641,1,麦可先森,163,434,m
4469848903925319,Sun Feb 09 00:14:46 +0800 2020,"川美教授老先生<span class=""url-icon""><img alt=[泪] src=""https://h5.sinaimg.cn/m/emoticon/icon/default/d_lei-1b4b02f8b1.png"" 
                style=""width:1em; height:1em;"" /></span><span class=""url-icon""><img alt=[泪] src=""https://h5.sinaimg.cn/m/emoticon/icon/default/d_lei-1b4b02f8b1.png"" 
                style=""width:1em; height:1em;"" /></span><span class=""url-icon""><img alt=[泪] src=""https://h5.sinaimg.cn/m/emoticon/icon/default/d_lei-1b4b02f8b1.png"" 
                style=""width:1em; height:1em;"" /></span>",5716123489,1,_你盘_,406,272,f
4469845477159398,Sun Feb 09 00:01:10 +0800 2020,水有源，树有根，英雄人民会铭记，罪魁祸首谁来惩处？！！,6863099782,1,水至刚而无形,103,652,m
4469842621049023,Sat Feb 08 23:49:49 +0800 2020,致敬英雄！逝者安息，願疫情早日消散，國泰民安！武漢加油，中國🇨🇳加油~,1738528044,1,普羅旺斯的紫晶淚,482,981,f
4469841643617771,Sat Feb 08 23:45:55 +0800 2020,"我看到了，有他，谢谢。<span class=""url-icon""><img alt=[蜡烛] src=""https://h5.sinaimg.cn/m/emoticon/icon/others/o_lazhu-6209fc6e73.png"" 
                style=""width:1em; height:1em;"" /></span>",2153437987,2,卡比巴拉的海与风,105,183,f
4469995809871450,Sun Feb 09 09:58:31 +0800 2020,这些人都是给武汉政府填坑的……,2088775955,3,大连潜力股不悔爱无悔,3777,286,f
4470890244573859,Tue Feb 11 21:12:42 +0800 2020,"<span class=""url-icon""><img alt=[蜡烛] src=""https://h5.sinaimg.cn/m/emoticon/icon/others/o_lazhu-6209fc6e73.png"" 
                style=""width:1em; height:1em;"" /></span>一路平安好走勇士們",3891330534,1,Abigale6325,479,258,f
4470618784976189,Tue Feb 11 03:14:00 +0800 2020,英雄走好！武汉加油！中国加油！,5253813054,1,追着时间看着路,158,41,m
4470133017567256,Sun Feb 09 19:03:44 +0800 2020,"<span class=""url-icon""><img alt=[蜡烛] src=""https://h5.sinaimg.cn/m/emoticon/icon/others/o_lazhu-6209fc6e73.png"" 
                style=""width:1em; height:1em;"" /></span><span class=""url-icon""><img alt=[给你小心心] src=""https://h5.sinaimg.cn/m/emoticon/icon/others/qixi2018_xiaoxinxin-afb8c6ea83.png"" 
                style=""width:1em; height:1em;"" /></span>离别是清冷的<span class=""url-icon""><img alt=[给你小心心] src=""https://h5.sinaimg.cn/m/emoticon/icon/others/qixi2018_xiaoxinxin-afb8c6ea83.png"" 
                style=""width:1em; height:1em;"" /></span><span class=""url-icon""><img alt=[蜡烛] src=""https://h5.sinaimg.cn/m/emoticon/icon/others/o_lazhu-6209fc6e73.png"" 
                style=""width:1em; height:1em;"" /></span>我们究竟还要牺牲多少名好同志<span class=""url-icon""><img alt=[摊手] src=""https://h5.sinaimg.cn/m/emoticon/icon/default/d_tanshou-3abaa4ed77.png"" 
                style=""width:1em; height:1em;"" /></span>希望做好消毒工作，做好隔离防护工作，希望人数再也不要增加啦🙏",1360821454,1,沉默的天阶,1126,276,m
4470012561883658,Sun Feb 09 11:05:06 +0800 2020,致敬！,6374424816,1,ZWLXLL,65,37,f
4470001924899272,Sun Feb 09 10:22:50 +0800 2020,这次防疫失去生命的较多的职业：警察，村支书，医生。,3841023738,1,冷寂_68,23,33,f
4470001253229595,Sun Feb 09 10:20:10 +0800 2020,英雄一路走好，在你们的守护下我们祖国一定会更快的取得胜利！,5224042876,1,Great瑛,85,38,f
4470000611880273,Sun Feb 09 10:17:37 +0800 2020,说不定这些人都不用死,6272577291,1,银丸矢,348,163,f
4469869254445032,Sun Feb 09 01:35:39 +0800 2020,都是英雄  感谢你们  愿天堂没有疾病,5924132731,1,益达MINI,248,75,m
4469859327240290,Sun Feb 09 00:56:12 +0800 2020,很多人在用生命守护我们的家，向他们致敬,7066276697,1,叫大爷yyy,122,54,m
4469850984150830,Sun Feb 09 00:23:02 +0800 2020,虽然是张张照片，背后又是多少家庭的伤心,6035862277,1,等风月和你,37,3,f
4469846483864171,Sun Feb 09 00:05:10 +0800 2020,"愿天堂一切安好！愿你们永远快乐！ <span class=""url-icon""><img alt=[心] src=""https://h5.sinaimg.cn/m/emoticon/icon/others/l_xin-6912791858.png"" 
                style=""width:1em; height:1em;"" /></span><span class=""url-icon""><img alt=[心] src=""https://h5.sinaimg.cn/m/emoticon/icon/others/l_xin-6912791858.png"" 
                style=""width:1em; height:1em;"" /></span><span class=""url-icon""><img alt=[心] src=""https://h5.sinaimg.cn/m/emoticon/icon/others/l_xin-6912791858.png"" 
                style=""width:1em; height:1em;"" /></span><span class=""url-icon""><img alt=[心] src=""https://h5.sinaimg.cn/m/emoticon/icon/others/l_xin-6912791858.png"" 
                style=""width:1em; height:1em;"" /></span>",5660354427,1,杨竹1998,48,197,f
4469844319632364,Sat Feb 08 23:56:34 +0800 2020,"“我知道已被忘却，太阳系的往事太久太久。但那一时刻要叫我一声啊，当鲜花再次挂上枝头。”<span class=""url-icon""><img alt=[蜡烛] src=""https://h5.sinaimg.cn/m/emoticon/icon/others/o_lazhu-6209fc6e73.png"" 
                style=""width:1em; height:1em;"" /></span>",2008532373,1,SQIJ,410,290,m
4469843807614647,Sat Feb 08 23:54:32 +0800 2020,"干爹一路走好！您的父母，我们会照看的<span class=""url-icon""><img alt=[泪] src=""https://h5.sinaimg.cn/m/emoticon/icon/default/d_lei-1b4b02f8b1.png"" 
                style=""width:1em; height:1em;"" /></span>",6989245105,1,DawnLZH,87,37,f
4469843451584906,Sat Feb 08 23:53:07 +0800 2020,中国的英雄 英雄的中国🇨🇳,5821204431,1,齐晚晚zZ,204,66,f
4469841995589848,Sat Feb 08 23:47:20 +0800 2020,别用逝者当你怨天尤人的理由,7308200311,1,看见那道光了吗,297,6,m
4469841795023542,Sat Feb 08 23:46:32 +0800 2020,"愿天堂没有谎言和欺骗，一路走好<span class=""url-icon""><img alt=[泪] src=""https://h5.sinaimg.cn/m/emoticon/icon/default/d_lei-1b4b02f8b1.png"" 
                style=""width:1em; height:1em;"" /></span><span class=""url-icon""><img alt=[泪] src=""https://h5.sinaimg.cn/m/emoticon/icon/default/d_lei-1b4b02f8b1.png"" 
                style=""width:1em; height:1em;"" /></span>",7074559285,2,Smlie傻傻,221,129140,f
4469841299860627,Sat Feb 08 23:44:34 +0800 2020,若人间真的有天使👼，大概就是您这般模样,6070646475,0,星辰雨者,301,133,f
4469840977249801,Sat Feb 08 23:43:17 +0800 2020,像这些人致敬！我们不会忘记在这场战争中努力付出过的人！可惜开晚会是抗不了病毒的。,3107655441,1,忘仓,229,55,f
4469840854784414,Sat Feb 08 23:42:47 +0800 2020,"一路走好，谢谢你们<span class=""url-icon""><img alt=[蜡烛] src=""https://h5.sinaimg.cn/m/emoticon/icon/others/o_lazhu-6209fc6e73.png"" 
                style=""width:1em; height:1em;"" /></span><span class=""url-icon""><img alt=[蜡烛] src=""https://h5.sinaimg.cn/m/emoticon/icon/others/o_lazhu-6209fc6e73.png"" 
                style=""width:1em; height:1em;"" /></span>",1547793671,1,玛莉莲宝崽,371,1468,f
4469840561552356,Sat Feb 08 23:41:37 +0800 2020,"致敬<span class=""url-icon""><img alt=[心] src=""https://h5.sinaimg.cn/m/emoticon/icon/others/l_xin-6912791858.png"" 
                style=""width:1em; height:1em;"" /></span><span class=""url-icon""><img alt=[心] src=""https://h5.sinaimg.cn/m/emoticon/icon/others/l_xin-6912791858.png"" 
                style=""width:1em; height:1em;"" /></span>",5850502487,2,栀言ya,319,122,f
4469840540711271,Sat Feb 08 23:41:33 +0800 2020,"<span class=""url-icon""><img alt=[泪] src=""https://h5.sinaimg.cn/m/emoticon/icon/default/d_lei-1b4b02f8b1.png"" 
                style=""width:1em; height:1em;"" /></span><span class=""url-icon""><img alt=[泪] src=""https://h5.sinaimg.cn/m/emoticon/icon/default/d_lei-1b4b02f8b1.png"" 
                style=""width:1em; height:1em;"" /></span><span class=""url-icon""><img alt=[泪] src=""https://h5.sinaimg.cn/m/emoticon/icon/default/d_lei-1b4b02f8b1.png"" 
                style=""width:1em; height:1em;"" /></span><span class=""url-icon""><img alt=[泪] src=""https://h5.sinaimg.cn/m/emoticon/icon/default/d_lei-1b4b02f8b1.png"" 
                style=""width:1em; height:1em;"" /></span><span class=""url-icon""><img alt=[泪] src=""https://h5.sinaimg.cn/m/emoticon/icon/default/d_lei-1b4b02f8b1.png"" 
                style=""width:1em; height:1em;"" /></span>",7006558534,1,取一个连自己都记不住的名字吧,57,32,m
4469840469717050,Sat Feb 08 23:41:16 +0800 2020,"<span class=""url-icon""><img alt=[蜡烛] src=""https://h5.sinaimg.cn/m/emoticon/icon/others/o_lazhu-6209fc6e73.png"" 
                style=""width:1em; height:1em;"" /></span><span class=""url-icon""><img alt=[蜡烛] src=""https://h5.sinaimg.cn/m/emoticon/icon/others/o_lazhu-6209fc6e73.png"" 
                style=""width:1em; height:1em;"" /></span><span class=""url-icon""><img alt=[蜡烛] src=""https://h5.sinaimg.cn/m/emoticon/icon/others/o_lazhu-6209fc6e73.png"" 
                style=""width:1em; height:1em;"" /></span><span class=""url-icon""><img alt=[泪] src=""https://h5.sinaimg.cn/m/emoticon/icon/default/d_lei-1b4b02f8b1.png"" 
                style=""width:1em; height:1em;"" /></span>",5129753402,1,丸圆的锦鲤girl,260,401,f
4469840259709371,Sat Feb 08 23:40:26 +0800 2020,"感谢您们！<span class=""url-icon""><img alt=[心] src=""https://h5.sinaimg.cn/m/emoticon/icon/others/l_xin-6912791858.png"" 
                style=""width:1em; height:1em;"" /></span>",5077528111,1,一期一會-19214228,383,311,f
4469840255697851,Sat Feb 08 23:40:25 +0800 2020,"<span class=""url-icon""><img alt=[蜡烛] src=""https://h5.sinaimg.cn/m/emoticon/icon/others/o_lazhu-6209fc6e73.png"" 
                style=""width:1em; height:1em;"" /></span><span class=""url-icon""><img alt=[蜡烛] src=""https://h5.sinaimg.cn/m/emoticon/icon/others/o_lazhu-6209fc6e73.png"" 
                style=""width:1em; height:1em;"" /></span><span class=""url-icon""><img alt=[蜡烛] src=""https://h5.sinaimg.cn/m/emoticon/icon/others/o_lazhu-6209fc6e73.png"" 
                style=""width:1em; height:1em;"" /></span>",6042017575,1,叭叭旻,164,3785,f
4469840226284633,Sat Feb 08 23:40:18 +0800 2020,"英雄走好<span class=""url-icon""><img alt=[蜡烛] src=""https://h5.sinaimg.cn/m/emoticon/icon/others/o_lazhu-6209fc6e73.png"" 
                style=""width:1em; height:1em;"" /></span><span class=""url-icon""><img alt=[蜡烛] src=""https://h5.sinaimg.cn/m/emoticon/icon/others/o_lazhu-6209fc6e73.png"" 
                style=""width:1em; height:1em;"" /></span>致敬",5178789168,1,72人间小老公等孟美岐solo,222,134,m
4469840222261471,Sat Feb 08 23:40:17 +0800 2020,致敬，一路走好！,6414648959,1,喻言的玉米红枣核桃,162,29,f
4469840205230671,Sat Feb 08 23:40:12 +0800 2020,缅怀英雄,5305134724,1,大圭小明,260,50,f
4469840184191711,Sat Feb 08 23:40:08 +0800 2020,缅怀英雄们🙏🙏🙏,5850588632,1,Lee肥肥_,64,132,f
4475871518222254,Tue Feb 25 15:06:30 +0800 2020,半个月了，调查有进度了吗,2489287362,2,泥泥也有春天,69,145,f
4472366115213156,Sat Feb 15 22:57:16 +0800 2020,李文亮医生的事情调查的怎么样了呢,3133799445,4,厌恶古装剧永远爱俊秀,339,301,f
4472306023499394,Sat Feb 15 18:58:30 +0800 2020,"<span class=""url-icon""><img alt=[蜡烛] src=""https://h5.sinaimg.cn/m/emoticon/icon/others/o_lazhu-6209fc6e73.png"" 
                style=""width:1em; height:1em;"" /></span><span class=""url-icon""><img alt=[蜡烛] src=""https://h5.sinaimg.cn/m/emoticon/icon/others/o_lazhu-6209fc6e73.png"" 
                style=""width:1em; height:1em;"" /></span><span class=""url-icon""><img alt=[蜡烛] src=""https://h5.sinaimg.cn/m/emoticon/icon/others/o_lazhu-6209fc6e73.png"" 
                style=""width:1em; height:1em;"" /></span>",5173632520,0,咻咻看淡世界,590,11035,f
4472009633078497,Fri Feb 14 23:20:44 +0800 2020,英雄们走好！🙏🙏🙏,6037638602,0,逆耳NR,112,121,f
4471872529659232,Fri Feb 14 14:15:57 +0800 2020,"<a  href=""https://m.weibo.cn/search?containerid=231522type%3D1%26t%3D10%26q%3D%23%E7%BC%85%E6%80%80%E7%96%AB%E6%83%85%E4%B8%AD%E9%80%9D%E5%8E%BB%E7%9A%84%E4%BA%BA%E4%BB%AC%23&extparam=%23%E7%BC%85%E6%80%80%E7%96%AB%E6%83%85%E4%B8%AD%E9%80%9D%E5%8E%BB%E7%9A%84%E4%BA%BA%E4%BB%AC%23"" data-hide=""""><span class=""surl-text"">#缅怀疫情中逝去的人们#</span></a> 谢谢你们用生命换我们平安<a  href=""https://m.weibo.cn/search?containerid=231522type%3D1%26t%3D10%26q%3D%23%E5%85%B1%E5%90%8C%E6%88%98%E7%96%AB%23&extparam=%23%E5%85%B1%E5%90%8C%E6%88%98%E7%96%AB%23"" data-hide=""""><span class=""surl-text"">#共同战疫#</span></a>",5228077009,0,盟姐姐吧,452,1576,f
4471514294764516,Thu Feb 13 14:32:27 +0800 2020,一路走好,1280735354,0,冯婧Jing,991,360584,f
4471424092093649,Thu Feb 13 08:34:01 +0800 2020,缅怀所有抗疫牺牲的人！致敬向所有付出的人致敬！武汉加油中国🇨🇳加油,1787531363,0,消失的瞬间358,526,358,f
4471310740472125,Thu Feb 13 01:03:36 +0800 2020,感恩💕,5477238524,0,HanpingWang,194,54,f
4471250095465750,Wed Feb 12 21:02:36 +0800 2020,"一路走好<span class=""url-icon""><img alt=[蜡烛] src=""https://h5.sinaimg.cn/m/emoticon/icon/others/o_lazhu-6209fc6e73.png"" 
                style=""width:1em; height:1em;"" /></span><span class=""url-icon""><img alt=[蜡烛] src=""https://h5.sinaimg.cn/m/emoticon/icon/others/o_lazhu-6209fc6e73.png"" 
                style=""width:1em; height:1em;"" /></span><span class=""url-icon""><img alt=[蜡烛] src=""https://h5.sinaimg.cn/m/emoticon/icon/others/o_lazhu-6209fc6e73.png"" 
                style=""width:1em; height:1em;"" /></span><span class=""url-icon""><img alt=[蜡烛] src=""https://h5.sinaimg.cn/m/emoticon/icon/others/o_lazhu-6209fc6e73.png"" 
                style=""width:1em; height:1em;"" /></span><span class=""url-icon""><img alt=[蜡烛] src=""https://h5.sinaimg.cn/m/emoticon/icon/others/o_lazhu-6209fc6e73.png"" 
                style=""width:1em; height:1em;"" /></span><span class=""url-icon""><img alt=[蜡烛] src=""https://h5.sinaimg.cn/m/emoticon/icon/others/o_lazhu-6209fc6e73.png"" 
                style=""width:1em; height:1em;"" /></span>",3283918031,0,ymlmmwan岁岁平安,450,407,f
4471212950880295,Wed Feb 12 18:35:01 +0800 2020,"🙏🙏🙏🙏🙏愿安息！缅怀！！<span class=""url-icon""><img alt=[蜡烛] src=""https://h5.sinaimg.cn/m/emoticon/icon/others/o_lazhu-6209fc6e73.png"" 
                style=""width:1em; height:1em;"" /></span><span class=""url-icon""><img alt=[蜡烛] src=""https://h5.sinaimg.cn/m/emoticon/icon/others/o_lazhu-6209fc6e73.png"" 
                style=""width:1em; height:1em;"" /></span><span class=""url-icon""><img alt=[蜡烛] src=""https://h5.sinaimg.cn/m/emoticon/icon/others/o_lazhu-6209fc6e73.png"" 
                style=""width:1em; height:1em;"" /></span>",6169060386,0,安之若素577,252,51,f
4470819675787481,Tue Feb 11 16:32:17 +0800 2020,🙏🙏🙏,5949857216,0,紫现战博如彤鹿,1459,1217,m
