﻿4484318510357880,Thu Mar 19 22:31:49 +0800 2020,照顾好李医生的家人，拒绝再消费李医生，是对李医生最大的尊重了,5092916322,425,你叫我啥都行QAQ,128,40,m
4484318032312839,Thu Mar 19 22:29:56 +0800 2020,愿逝者安息🙏🙏🙏🙏🙏,6105499527,312,倚楼品茗夜听雨,226,11557,f
4484317969296171,Thu Mar 19 22:29:41 +0800 2020,"他是个好医生<span class=""url-icon""><img alt=[泪] src=""https://h5.sinaimg.cn/m/emoticon/icon/default/d_lei-1b4b02f8b1.png"" 
                style=""width:1em; height:1em;"" /></span>",6029280759,212,刑玖寒,156,111,f
4484318078035462,Thu Mar 19 22:30:06 +0800 2020,终于等到了。,1848207307,140,YourSail,313,2566,m
4484318359088192,Thu Mar 19 22:31:14 +0800 2020,请善待李医生的家人，让他一路走好,5264863849,87,六月六的六六六,288,194,f
4484318640797969,Thu Mar 19 22:32:20 +0800 2020,支持党中央调查结果！ 李医生一路走好！,2801908122,62,糖芯_Sweet,193,2789,f
4484317923189416,Thu Mar 19 22:29:30 +0800 2020,"走好<span class=""url-icon""><img alt=[蜡烛] src=""https://h5.sinaimg.cn/m/emoticon/icon/others/o_lazhu-6209fc6e73.png"" 
                style=""width:1em; height:1em;"" /></span>",5828451018,52,咔哒咔哒小火车,4996,1603,f
4484318380866732,Thu Mar 19 22:31:19 +0800 2020,终于等来了结果,6001853980,33,奥迪奥迪奥,239,16772,m
4484318434459133,Thu Mar 19 22:31:31 +0800 2020,致敬李文亮医生，支持国家的决定……,5608233621,28,是哪个二货上了热评,372,12015,m
4484318372427702,Thu Mar 19 22:31:17 +0800 2020,"他是个好医生<span class=""url-icon""><img alt=[蜡烛] src=""https://h5.sinaimg.cn/m/emoticon/icon/others/o_lazhu-6209fc6e73.png"" 
                style=""width:1em; height:1em;"" /></span>",5311264927,22,一路上有你ZL,189,1862,m
4484318129200210,Thu Mar 19 22:30:19 +0800 2020,支持调查组决定,7129975406,18,柴柴柴柴xx,277,65,m
4484319592206463,Thu Mar 19 22:36:08 +0800 2020,"相信中央的调查，李文亮医生走好<span class=""url-icon""><img alt=[蜡烛] src=""https://h5.sinaimg.cn/m/emoticon/icon/others/o_lazhu-6209fc6e73.png"" 
                style=""width:1em; height:1em;"" /></span>",5947020913,20,不忘初心990331,145,700,f
4484318040750537,Thu Mar 19 22:29:58 +0800 2020,走好🕯️,6668758746,14,弥生千鸟,343,40,f
4484319076715149,Thu Mar 19 22:34:04 +0800 2020,"愿逝者安息<span class=""url-icon""><img alt=[蜡烛] src=""https://h5.sinaimg.cn/m/emoticon/icon/others/o_lazhu-6209fc6e73.png"" 
                style=""width:1em; height:1em;"" /></span>",5993959202,7,呀麽小贰郎呀,134,161,f
4484318791842952,Thu Mar 19 22:32:57 +0800 2020,"🙏🙏🙏<span class=""url-icon""><img alt=[蜡烛] src=""https://h5.sinaimg.cn/m/emoticon/icon/others/o_lazhu-6209fc6e73.png"" 
                style=""width:1em; height:1em;"" /></span><span class=""url-icon""><img alt=[蜡烛] src=""https://h5.sinaimg.cn/m/emoticon/icon/others/o_lazhu-6209fc6e73.png"" 
                style=""width:1em; height:1em;"" /></span><span class=""url-icon""><img alt=[蜡烛] src=""https://h5.sinaimg.cn/m/emoticon/icon/others/o_lazhu-6209fc6e73.png"" 
                style=""width:1em; height:1em;"" /></span>安息吧",5747697337,4,大胖还是那个大胖呀,243,373,f
4484318652858351,Thu Mar 19 22:32:23 +0800 2020,逝者安息吧。。。。,7218414630,4,詹我玩游戏去了,103,61,m
4484318749434018,Thu Mar 19 22:32:46 +0800 2020,"愿逝者安息！！<span class=""url-icon""><img alt=[泪] src=""https://h5.sinaimg.cn/m/emoticon/icon/default/d_lei-1b4b02f8b1.png"" 
                style=""width:1em; height:1em;"" /></span><span class=""url-icon""><img alt=[泪] src=""https://h5.sinaimg.cn/m/emoticon/icon/default/d_lei-1b4b02f8b1.png"" 
                style=""width:1em; height:1em;"" /></span>",1930097417,2,黄滢_Yy,298,430,f
4484318451962990,Thu Mar 19 22:31:36 +0800 2020,致敬李文亮医生,1707209043,3,史蒂芬-洪,32,124,m
4484320305889817,Thu Mar 19 22:38:58 +0800 2020,安息,6479975031,1,LV小青草,487,2245,m
4484318405212238,Thu Mar 19 22:31:25 +0800 2020,"走好<span class=""url-icon""><img alt=[蜡烛] src=""https://h5.sinaimg.cn/m/emoticon/icon/others/o_lazhu-6209fc6e73.png"" 
                style=""width:1em; height:1em;"" /></span>",6630307603,1,JUly啵灵1,269,22,f
4484318031919705,Thu Mar 19 22:29:56 +0800 2020,安息,5627436632,7,Zss__钟诗诗,12,40,f
4484318753666424,Thu Mar 19 22:32:48 +0800 2020,"李医生走好<span class=""url-icon""><img alt=[蜡烛] src=""https://h5.sinaimg.cn/m/emoticon/icon/others/o_lazhu-6209fc6e73.png"" 
                style=""width:1em; height:1em;"" /></span>",6521642390,2,请不要逼逼不讨喜,225,111,f
