﻿4469295784334835,Fri Feb 07 11:36:52 +0800 2020,"一个素昧平生的人都无法接受，让他的父母家人怎么接受<span class=""url-icon""><img alt=[泪] src=""https://h5.sinaimg.cn/m/emoticon/icon/default/d_lei-1b4b02f8b1.png"" 
                style=""width:1em; height:1em;"" /></span><span class=""url-icon""><img alt=[泪] src=""https://h5.sinaimg.cn/m/emoticon/icon/default/d_lei-1b4b02f8b1.png"" 
                style=""width:1em; height:1em;"" /></span><span class=""url-icon""><img alt=[泪] src=""https://h5.sinaimg.cn/m/emoticon/icon/default/d_lei-1b4b02f8b1.png"" 
                style=""width:1em; height:1em;"" /></span>",3042211057,1603,美羊羊丑小鸭,33,22,f
4469292822820086,Fri Feb 07 11:25:07 +0800 2020,"李医生 走好<span class=""url-icon""><img alt=[给你小心心] src=""https://h5.sinaimg.cn/m/emoticon/icon/others/qixi2018_xiaoxinxin-afb8c6ea83.png"" 
                style=""width:1em; height:1em;"" /></span><span class=""url-icon""><img alt=[给你小心心] src=""https://h5.sinaimg.cn/m/emoticon/icon/others/qixi2018_xiaoxinxin-afb8c6ea83.png"" 
                style=""width:1em; height:1em;"" /></span>",5760033256,1086,Daixinyu_,76,221,f
4469294009835361,Fri Feb 07 11:29:49 +0800 2020,"<span class=""url-icon""><img alt=[泪] src=""https://h5.sinaimg.cn/m/emoticon/icon/default/d_lei-1b4b02f8b1.png"" 
                style=""width:1em; height:1em;"" /></span><span class=""url-icon""><img alt=[泪] src=""https://h5.sinaimg.cn/m/emoticon/icon/default/d_lei-1b4b02f8b1.png"" 
                style=""width:1em; height:1em;"" /></span><span class=""url-icon""><img alt=[泪] src=""https://h5.sinaimg.cn/m/emoticon/icon/default/d_lei-1b4b02f8b1.png"" 
                style=""width:1em; height:1em;"" /></span>不要走好不好，我们一起等庆余年出续集啊。。。。",5711276289,725,盆栽拉拉肥嗷,60,34,f
4469298036380738,Fri Feb 07 11:45:49 +0800 2020,对于老婆小孩希望开通捐款通道！,5162493383,628,yuki布偶猫,358,27,f
4469292730745330,Fri Feb 07 11:24:45 +0800 2020,心痛,3208289577,386,WAITTG88,232,0,f
4469297902405102,Fri Feb 07 11:45:18 +0800 2020,"全国人民昨晚等了半夜 心痛 我一个遥远新疆的哭了<span class=""url-icon""><img alt=[泪] src=""https://h5.sinaimg.cn/m/emoticon/icon/default/d_lei-1b4b02f8b1.png"" 
                style=""width:1em; height:1em;"" /></span><span class=""url-icon""><img alt=[伤心] src=""https://h5.sinaimg.cn/m/emoticon/icon/others/l_shangxin-934f730572.png"" 
                style=""width:1em; height:1em;"" /></span>",5174791245,346,说走就走的操花子,252,27,m
4469292868886937,Fri Feb 07 11:25:18 +0800 2020,致敬,5723455466,271,偶是没有感情的杀手,111,36,f
4469293536534206,Fri Feb 07 11:27:57 +0800 2020,李医生走好，愿李医生父母健康，一生平安🙏🙏,2030046715,269,番茄要加糖呀,274,167,f
4469296689944841,Fri Feb 07 11:40:29 +0800 2020,李医生是武汉普通人中的英雄！,2198288661,207,浙江天花板,731,279,m
4469293821400468,Fri Feb 07 11:29:05 +0800 2020,"致以最崇高的敬意 战士走好！<span class=""url-icon""><img alt=[泪] src=""https://h5.sinaimg.cn/m/emoticon/icon/default/d_lei-1b4b02f8b1.png"" 
                style=""width:1em; height:1em;"" /></span>",2174018015,153,小姚办公室来一下,193,108,f
4469296929888930,Fri Feb 07 11:41:26 +0800 2020,"我永远相信正义永远不会缺席<span class=""url-icon""><img alt=[心] src=""https://h5.sinaimg.cn/m/emoticon/icon/others/l_xin-6912791858.png"" 
                style=""width:1em; height:1em;"" /></span>祖国加油，李医生一路走好，感谢您",5882245825,147,关于你我wl,111,93,f
4469293800344541,Fri Feb 07 11:29:00 +0800 2020,"照顾好他的家人<span class=""url-icon""><img alt=[伤心] src=""https://h5.sinaimg.cn/m/emoticon/icon/others/l_shangxin-934f730572.png"" 
                style=""width:1em; height:1em;"" /></span>",5760200188,96,羊zzzzzzzz,74,77,m
4469294282864402,Fri Feb 07 11:30:55 +0800 2020,"人民的英雄一路走好<span class=""url-icon""><img alt=[蜡烛] src=""https://h5.sinaimg.cn/m/emoticon/icon/others/o_lazhu-6209fc6e73.png"" 
                style=""width:1em; height:1em;"" /></span><span class=""url-icon""><img alt=[蜡烛] src=""https://h5.sinaimg.cn/m/emoticon/icon/others/o_lazhu-6209fc6e73.png"" 
                style=""width:1em; height:1em;"" /></span><span class=""url-icon""><img alt=[蜡烛] src=""https://h5.sinaimg.cn/m/emoticon/icon/others/o_lazhu-6209fc6e73.png"" 
                style=""width:1em; height:1em;"" /></span>",1757898581,82,胡说实道,69,1850,m
4469293393898349,Fri Feb 07 11:27:23 +0800 2020,"心痛！致敬英雄！<span class=""url-icon""><img alt=[蜡烛] src=""https://h5.sinaimg.cn/m/emoticon/icon/others/o_lazhu-6209fc6e73.png"" 
                style=""width:1em; height:1em;"" /></span><span class=""url-icon""><img alt=[蜡烛] src=""https://h5.sinaimg.cn/m/emoticon/icon/others/o_lazhu-6209fc6e73.png"" 
                style=""width:1em; height:1em;"" /></span><span class=""url-icon""><img alt=[蜡烛] src=""https://h5.sinaimg.cn/m/emoticon/icon/others/o_lazhu-6209fc6e73.png"" 
                style=""width:1em; height:1em;"" /></span>",6279648632,81,费费632,45,29,f
4469293599314022,Fri Feb 07 11:28:12 +0800 2020,"一路走好，李医生<span class=""url-icon""><img alt=[蜡烛] src=""https://h5.sinaimg.cn/m/emoticon/icon/others/o_lazhu-6209fc6e73.png"" 
                style=""width:1em; height:1em;"" /></span><span class=""url-icon""><img alt=[蜡烛] src=""https://h5.sinaimg.cn/m/emoticon/icon/others/o_lazhu-6209fc6e73.png"" 
                style=""width:1em; height:1em;"" /></span><span class=""url-icon""><img alt=[蜡烛] src=""https://h5.sinaimg.cn/m/emoticon/icon/others/o_lazhu-6209fc6e73.png"" 
                style=""width:1em; height:1em;"" /></span>",3163828265,71,何必呢RoNG,664,179,f
4469293037097604,Fri Feb 07 11:25:58 +0800 2020,"<span class=""url-icon""><img alt=[蜡烛] src=""https://h5.sinaimg.cn/m/emoticon/icon/others/o_lazhu-6209fc6e73.png"" 
                style=""width:1em; height:1em;"" /></span><span class=""url-icon""><img alt=[蜡烛] src=""https://h5.sinaimg.cn/m/emoticon/icon/others/o_lazhu-6209fc6e73.png"" 
                style=""width:1em; height:1em;"" /></span><span class=""url-icon""><img alt=[蜡烛] src=""https://h5.sinaimg.cn/m/emoticon/icon/others/o_lazhu-6209fc6e73.png"" 
                style=""width:1em; height:1em;"" /></span>",2296490751,56,咩茶,290,303,f
4469293657475323,Fri Feb 07 11:28:25 +0800 2020,令人敬佩，让人惋惜！,2183940294,50,老杨-V,479,590,m
4469296052820428,Fri Feb 07 11:37:57 +0800 2020,希望以人民英雄待遇送行,3992300854,52,MG高夫人,69,441,f
4469294807457523,Fri Feb 07 11:33:00 +0800 2020,"一路走好，李医生<span class=""url-icon""><img alt=[蜡烛] src=""https://h5.sinaimg.cn/m/emoticon/icon/others/o_lazhu-6209fc6e73.png"" 
                style=""width:1em; height:1em;"" /></span><span class=""url-icon""><img alt=[蜡烛] src=""https://h5.sinaimg.cn/m/emoticon/icon/others/o_lazhu-6209fc6e73.png"" 
                style=""width:1em; height:1em;"" /></span><span class=""url-icon""><img alt=[蜡烛] src=""https://h5.sinaimg.cn/m/emoticon/icon/others/o_lazhu-6209fc6e73.png"" 
                style=""width:1em; height:1em;"" /></span>",3100864961,50,昵称也好难取,71,41,f
4469298892862203,Fri Feb 07 11:49:14 +0800 2020,"不和我们一起等庆余年2了吗<span class=""url-icon""><img alt=[悲伤] src=""https://h5.sinaimg.cn/m/emoticon/icon/default/d_beishang-f8d6de06c8.png"" 
                style=""width:1em; height:1em;"" /></span><span class=""url-icon""><img alt=[伤心] src=""https://h5.sinaimg.cn/m/emoticon/icon/others/l_shangxin-934f730572.png"" 
                style=""width:1em; height:1em;"" /></span>",5650875070,24,Ethereal_yyyyy,55,94,f
4469298854441447,Fri Feb 07 11:49:05 +0800 2020,希望他的妻儿平安顺遂🙏,2678997603,30,LRC306,171,1107,f
4469294701835154,Fri Feb 07 11:32:35 +0800 2020,"哦天啊凌晨还看到网友等奇迹。<span class=""url-icon""><img alt=[泪] src=""https://h5.sinaimg.cn/m/emoticon/icon/default/d_lei-1b4b02f8b1.png"" 
                style=""width:1em; height:1em;"" /></span>走好",5172597429,28,pupu猪熊,283,642,f
4469293595114923,Fri Feb 07 11:28:11 +0800 2020,"唉心痛<span class=""url-icon""><img alt=[蜡烛] src=""https://h5.sinaimg.cn/m/emoticon/icon/others/o_lazhu-6209fc6e73.png"" 
                style=""width:1em; height:1em;"" /></span><span class=""url-icon""><img alt=[蜡烛] src=""https://h5.sinaimg.cn/m/emoticon/icon/others/o_lazhu-6209fc6e73.png"" 
                style=""width:1em; height:1em;"" /></span><span class=""url-icon""><img alt=[泪] src=""https://h5.sinaimg.cn/m/emoticon/icon/default/d_lei-1b4b02f8b1.png"" 
                style=""width:1em; height:1em;"" /></span><span class=""url-icon""><img alt=[泪] src=""https://h5.sinaimg.cn/m/emoticon/icon/default/d_lei-1b4b02f8b1.png"" 
                style=""width:1em; height:1em;"" /></span><span class=""url-icon""><img alt=[泪] src=""https://h5.sinaimg.cn/m/emoticon/icon/default/d_lei-1b4b02f8b1.png"" 
                style=""width:1em; height:1em;"" /></span>",2721554591,22,三顺不是梦ing,68,131,f
4469294211906791,Fri Feb 07 11:30:38 +0800 2020,"一路走好<span class=""url-icon""><img alt=[蜡烛] src=""https://h5.sinaimg.cn/m/emoticon/icon/others/o_lazhu-6209fc6e73.png"" 
                style=""width:1em; height:1em;"" /></span><span class=""url-icon""><img alt=[蜡烛] src=""https://h5.sinaimg.cn/m/emoticon/icon/others/o_lazhu-6209fc6e73.png"" 
                style=""width:1em; height:1em;"" /></span><span class=""url-icon""><img alt=[蜡烛] src=""https://h5.sinaimg.cn/m/emoticon/icon/others/o_lazhu-6209fc6e73.png"" 
                style=""width:1em; height:1em;"" /></span>",2909937231,20,-叫我阿怪吧_,610,1843,f
4469300461226858,Fri Feb 07 11:55:28 +0800 2020,尽力救治和善待他的家人！,2096029452,23,桃子Soler,318,4848,m
4469296141169011,Fri Feb 07 11:38:18 +0800 2020,致敬英雄，铭记英雄，历史会永远铭记🙏🙏,6333767165,27,胖大脸兔子,192,9,f
4469294047724813,Fri Feb 07 11:29:58 +0800 2020,一路走好 李医生🕯️,2902386811,22,-关关酱,356,1187,f
4469297257036796,Fri Feb 07 11:42:43 +0800 2020,勇士走好，望来生平安顺遂，和家人再团聚,6539487765,20,太阳月亮都喜欢,76,11,f
4469299571757082,Fri Feb 07 11:51:55 +0800 2020,"那么多人祈盼了一夜，还是等来心碎的消息<span class=""url-icon""><img alt=[伤心] src=""https://h5.sinaimg.cn/m/emoticon/icon/others/l_shangxin-934f730572.png"" 
                style=""width:1em; height:1em;"" /></span><span class=""url-icon""><img alt=[伤心] src=""https://h5.sinaimg.cn/m/emoticon/icon/others/l_shangxin-934f730572.png"" 
                style=""width:1em; height:1em;"" /></span>安息<span class=""url-icon""><img alt=[蜡烛] src=""https://h5.sinaimg.cn/m/emoticon/icon/others/o_lazhu-6209fc6e73.png"" 
                style=""width:1em; height:1em;"" /></span><span class=""url-icon""><img alt=[蜡烛] src=""https://h5.sinaimg.cn/m/emoticon/icon/others/o_lazhu-6209fc6e73.png"" 
                style=""width:1em; height:1em;"" /></span><span class=""url-icon""><img alt=[蜡烛] src=""https://h5.sinaimg.cn/m/emoticon/icon/others/o_lazhu-6209fc6e73.png"" 
                style=""width:1em; height:1em;"" /></span>",5097114383,20,两岸三地2006,223,182,f
4469294358111046,Fri Feb 07 11:31:13 +0800 2020,致敬 心痛🙏,6126534850,17,兴瀚灿烂LYX,1376,1277,f
4469298480877528,Fri Feb 07 11:47:36 +0800 2020,"平凡的英雄，总是让人肃然起敬<span class=""url-icon""><img alt=[蜡烛] src=""https://h5.sinaimg.cn/m/emoticon/icon/others/o_lazhu-6209fc6e73.png"" 
                style=""width:1em; height:1em;"" /></span><span class=""url-icon""><img alt=[蜡烛] src=""https://h5.sinaimg.cn/m/emoticon/icon/others/o_lazhu-6209fc6e73.png"" 
                style=""width:1em; height:1em;"" /></span><span class=""url-icon""><img alt=[蜡烛] src=""https://h5.sinaimg.cn/m/emoticon/icon/others/o_lazhu-6209fc6e73.png"" 
                style=""width:1em; height:1em;"" /></span>",1659880127,14,江边一盏茶,78,776,f
4469293922268976,Fri Feb 07 11:29:29 +0800 2020,"一路走好<span class=""url-icon""><img alt=[蜡烛] src=""https://h5.sinaimg.cn/m/emoticon/icon/others/o_lazhu-6209fc6e73.png"" 
                style=""width:1em; height:1em;"" /></span>",5513630341,13,最强荔壳,297,168,f
4469298699747338,Fri Feb 07 11:48:28 +0800 2020,"深深的敬意🙏🙏🙏<span class=""url-icon""><img alt=[蜡烛] src=""https://h5.sinaimg.cn/m/emoticon/icon/others/o_lazhu-6209fc6e73.png"" 
                style=""width:1em; height:1em;"" /></span><span class=""url-icon""><img alt=[蜡烛] src=""https://h5.sinaimg.cn/m/emoticon/icon/others/o_lazhu-6209fc6e73.png"" 
                style=""width:1em; height:1em;"" /></span><span class=""url-icon""><img alt=[蜡烛] src=""https://h5.sinaimg.cn/m/emoticon/icon/others/o_lazhu-6209fc6e73.png"" 
                style=""width:1em; height:1em;"" /></span> 生命力量来自决不妥协的信念！",1228460182,18,拼搏人生路,226,204,m
4469321113863325,Fri Feb 07 13:17:32 +0800 2020,希望安置好他的父母和孩子,6607822072,14,如果我是秃头你还爱我吗,107,21,f
4469295226942106,Fri Feb 07 11:34:39 +0800 2020,心痛！李医生一路走好！,5245915841,7,因为有花yu,247,292,f
4469293771300402,Fri Feb 07 11:28:52 +0800 2020,"<span class=""url-icon""><img alt=[蜡烛] src=""https://h5.sinaimg.cn/m/emoticon/icon/others/o_lazhu-6209fc6e73.png"" 
                style=""width:1em; height:1em;"" /></span><span class=""url-icon""><img alt=[蜡烛] src=""https://h5.sinaimg.cn/m/emoticon/icon/others/o_lazhu-6209fc6e73.png"" 
                style=""width:1em; height:1em;"" /></span><span class=""url-icon""><img alt=[蜡烛] src=""https://h5.sinaimg.cn/m/emoticon/icon/others/o_lazhu-6209fc6e73.png"" 
                style=""width:1em; height:1em;"" /></span>",2583517323,11,悸动持续传达,282,3157,f
4469295347855261,Fri Feb 07 11:35:09 +0800 2020,"心疼，好心痛，李医生一路走好！<span class=""url-icon""><img alt=[蜡烛] src=""https://h5.sinaimg.cn/m/emoticon/icon/others/o_lazhu-6209fc6e73.png"" 
                style=""width:1em; height:1em;"" /></span><span class=""url-icon""><img alt=[蜡烛] src=""https://h5.sinaimg.cn/m/emoticon/icon/others/o_lazhu-6209fc6e73.png"" 
                style=""width:1em; height:1em;"" /></span>",1806667224,11,快乐家人1226,164,72,f
4469296652987907,Fri Feb 07 11:40:20 +0800 2020,"说好的等待庆余年2呢，怎么能说话不算话<span class=""url-icon""><img alt=[悲伤] src=""https://h5.sinaimg.cn/m/emoticon/icon/default/d_beishang-f8d6de06c8.png"" 
                style=""width:1em; height:1em;"" /></span><span class=""url-icon""><img alt=[悲伤] src=""https://h5.sinaimg.cn/m/emoticon/icon/default/d_beishang-f8d6de06c8.png"" 
                style=""width:1em; height:1em;"" /></span><span class=""url-icon""><img alt=[悲伤] src=""https://h5.sinaimg.cn/m/emoticon/icon/default/d_beishang-f8d6de06c8.png"" 
                style=""width:1em; height:1em;"" /></span>",6020672402,4,灰飞烟灭91619,69,190,m
4469298137617103,Fri Feb 07 11:46:13 +0800 2020,"李医生 一路走好<span class=""url-icon""><img alt=[蜡烛] src=""https://h5.sinaimg.cn/m/emoticon/icon/others/o_lazhu-6209fc6e73.png"" 
                style=""width:1em; height:1em;"" /></span>愿你的家人平平安安",7259802076,8,阿筱是块小甜饼,166,0,f
4469300607653385,Fri Feb 07 11:56:02 +0800 2020,好像他老婆也在抢救啊,2609780147,5,大狗熊-CAT_829,445,140,m
4469296639935945,Fri Feb 07 11:40:16 +0800 2020,李医生安息，默哀三天🙏以表敬意,5655787248,6,我要逆天当淑女Q,1361,229,f
4469296853858737,Fri Feb 07 11:41:08 +0800 2020,真真正正的好医生 您一路走好🕯,2731272041,7,NINI的泥泥11,185,468,f
4469295344213709,Fri Feb 07 11:35:08 +0800 2020,"<span class=""url-icon""><img alt=[蜡烛] src=""https://h5.sinaimg.cn/m/emoticon/icon/others/o_lazhu-6209fc6e73.png"" 
                style=""width:1em; height:1em;"" /></span>致敬英雄！",3847042336,5,林沐风雨情念旧,71,97,m
4469293800342202,Fri Feb 07 11:29:00 +0800 2020,"愿天堂没有病痛<span class=""url-icon""><img alt=[蜡烛] src=""https://h5.sinaimg.cn/m/emoticon/icon/others/o_lazhu-6209fc6e73.png"" 
                style=""width:1em; height:1em;"" /></span><span class=""url-icon""><img alt=[蜡烛] src=""https://h5.sinaimg.cn/m/emoticon/icon/others/o_lazhu-6209fc6e73.png"" 
                style=""width:1em; height:1em;"" /></span><span class=""url-icon""><img alt=[蜡烛] src=""https://h5.sinaimg.cn/m/emoticon/icon/others/o_lazhu-6209fc6e73.png"" 
                style=""width:1em; height:1em;"" /></span>",6588371771,8,甜甜甜甜度超标,211,44,f
4469325551730625,Fri Feb 07 13:35:09 +0800 2020,正义会迟到，但永远不会缺席,2704763507,3,荆棘之心o,310,263,f
4469299634656864,Fri Feb 07 11:52:11 +0800 2020,李文亮医生走好，谢谢你,6976742407,7,吾乃楠楠啊,220,66,f
4469293817184893,Fri Feb 07 11:29:04 +0800 2020,"<span class=""url-icon""><img alt=[蜡烛] src=""https://h5.sinaimg.cn/m/emoticon/icon/others/o_lazhu-6209fc6e73.png"" 
                style=""width:1em; height:1em;"" /></span>谢谢你，李医生，走好",6009171595,3,玄初冬,88,99,f
4469293145870248,Fri Feb 07 11:26:23 +0800 2020,"<span class=""url-icon""><img alt=[心] src=""https://h5.sinaimg.cn/m/emoticon/icon/others/l_xin-6912791858.png"" 
                style=""width:1em; height:1em;"" /></span><span class=""url-icon""><img alt=[鲜花] src=""https://h5.sinaimg.cn/m/emoticon/icon/others/w_xianhua-6efa26efdf.png"" 
                style=""width:1em; height:1em;"" /></span>",3565039037,10,Harvest-Miracle-Heart,169,176,f
4469300766917766,Fri Feb 07 11:56:40 +0800 2020,"致敬，一路走好<span class=""url-icon""><img alt=[蜡烛] src=""https://h5.sinaimg.cn/m/emoticon/icon/others/o_lazhu-6209fc6e73.png"" 
                style=""width:1em; height:1em;"" /></span>",6326615784,4,今生只粉蔡徐坤,292,245,f
4469299269492120,Fri Feb 07 11:50:43 +0800 2020,心痛，致敬,7187964591,1,取名叫欧皇,33,17,f
4469293825375054,Fri Feb 07 11:29:06 +0800 2020,"痛心，一路走好<span class=""url-icon""><img alt=[蜡烛] src=""https://h5.sinaimg.cn/m/emoticon/icon/others/o_lazhu-6209fc6e73.png"" 
                style=""width:1em; height:1em;"" /></span><span class=""url-icon""><img alt=[蜡烛] src=""https://h5.sinaimg.cn/m/emoticon/icon/others/o_lazhu-6209fc6e73.png"" 
                style=""width:1em; height:1em;"" /></span><span class=""url-icon""><img alt=[蜡烛] src=""https://h5.sinaimg.cn/m/emoticon/icon/others/o_lazhu-6209fc6e73.png"" 
                style=""width:1em; height:1em;"" /></span>",2040691551,4,嗜血倾城-,526,154,f
4469298125133995,Fri Feb 07 11:46:11 +0800 2020,"勇士一路走好<span class=""url-icon""><img alt=[作揖] src=""https://h5.sinaimg.cn/m/emoticon/icon/others/h_zuoyi-cb12e18fd5.png"" 
                style=""width:1em; height:1em;"" /></span>",5717750099,2,春生吧,420,581,m
4469298065599670,Fri Feb 07 11:45:57 +0800 2020,那么年轻怎么就死了呢，太可惜了,2023212417,1,我就爱逛吃逛吃,97,190,f
4469293666097435,Fri Feb 07 11:28:28 +0800 2020,"🙏<span class=""url-icon""><img alt=[蜡烛] src=""https://h5.sinaimg.cn/m/emoticon/icon/others/o_lazhu-6209fc6e73.png"" 
                style=""width:1em; height:1em;"" /></span><span class=""url-icon""><img alt=[蜡烛] src=""https://h5.sinaimg.cn/m/emoticon/icon/others/o_lazhu-6209fc6e73.png"" 
                style=""width:1em; height:1em;"" /></span><span class=""url-icon""><img alt=[蜡烛] src=""https://h5.sinaimg.cn/m/emoticon/icon/others/o_lazhu-6209fc6e73.png"" 
                style=""width:1em; height:1em;"" /></span>",1807886743,1,O瘦圆子O,522,262,f
4469320291552609,Fri Feb 07 13:14:16 +0800 2020,"正义不会缺席，走好<span class=""url-icon""><img alt=[蜡烛] src=""https://h5.sinaimg.cn/m/emoticon/icon/others/o_lazhu-6209fc6e73.png"" 
                style=""width:1em; height:1em;"" /></span><span class=""url-icon""><img alt=[蜡烛] src=""https://h5.sinaimg.cn/m/emoticon/icon/others/o_lazhu-6209fc6e73.png"" 
                style=""width:1em; height:1em;"" /></span><span class=""url-icon""><img alt=[蜡烛] src=""https://h5.sinaimg.cn/m/emoticon/icon/others/o_lazhu-6209fc6e73.png"" 
                style=""width:1em; height:1em;"" /></span>",5606607728,3,汍澜61666,329,62,f
4469319025329481,Fri Feb 07 13:09:13 +0800 2020,"李医生一路走好<span class=""url-icon""><img alt=[泪] src=""https://h5.sinaimg.cn/m/emoticon/icon/default/d_lei-1b4b02f8b1.png"" 
                style=""width:1em; height:1em;"" /></span><span class=""url-icon""><img alt=[泪] src=""https://h5.sinaimg.cn/m/emoticon/icon/default/d_lei-1b4b02f8b1.png"" 
                style=""width:1em; height:1em;"" /></span><span class=""url-icon""><img alt=[泪] src=""https://h5.sinaimg.cn/m/emoticon/icon/default/d_lei-1b4b02f8b1.png"" 
                style=""width:1em; height:1em;"" /></span><span class=""url-icon""><img alt=[蜡烛] src=""https://h5.sinaimg.cn/m/emoticon/icon/others/o_lazhu-6209fc6e73.png"" 
                style=""width:1em; height:1em;"" /></span><span class=""url-icon""><img alt=[蜡烛] src=""https://h5.sinaimg.cn/m/emoticon/icon/others/o_lazhu-6209fc6e73.png"" 
                style=""width:1em; height:1em;"" /></span><span class=""url-icon""><img alt=[蜡烛] src=""https://h5.sinaimg.cn/m/emoticon/icon/others/o_lazhu-6209fc6e73.png"" 
                style=""width:1em; height:1em;"" /></span>",5907489814,1,开心啦啦啦kly,241,101,m
4469300599793504,Fri Feb 07 11:56:00 +0800 2020,照顾好其家人吧,6307858003,2,绝对曾成201801,120,4,m
4469300020634091,Fri Feb 07 11:53:43 +0800 2020,"可惜了。<span class=""url-icon""><img alt=[蜡烛] src=""https://h5.sinaimg.cn/m/emoticon/icon/others/o_lazhu-6209fc6e73.png"" 
                style=""width:1em; height:1em;"" /></span>",1584102737,3,Y小龙虾Y,537,302,f
4469299777515537,Fri Feb 07 11:52:45 +0800 2020,"李医生，向您致敬，一路走好<span class=""url-icon""><img alt=[蜡烛] src=""https://h5.sinaimg.cn/m/emoticon/icon/others/o_lazhu-6209fc6e73.png"" 
                style=""width:1em; height:1em;"" /></span><span class=""url-icon""><img alt=[蜡烛] src=""https://h5.sinaimg.cn/m/emoticon/icon/others/o_lazhu-6209fc6e73.png"" 
                style=""width:1em; height:1em;"" /></span><span class=""url-icon""><img alt=[蜡烛] src=""https://h5.sinaimg.cn/m/emoticon/icon/others/o_lazhu-6209fc6e73.png"" 
                style=""width:1em; height:1em;"" /></span>",2945171055,2,林海拾涛,153,145,m
4469298858377410,Fri Feb 07 11:49:06 +0800 2020,"李医生，走好<span class=""url-icon""><img alt=[蜡烛] src=""https://h5.sinaimg.cn/m/emoticon/icon/others/o_lazhu-6209fc6e73.png"" 
                style=""width:1em; height:1em;"" /></span>",1805041450,1,抹茶麻薯yyy,226,185,f
4469298003439489,Fri Feb 07 11:45:42 +0800 2020,李医生一路走好！,1355292273,2,Analyst1981,700,316,m
4469297897963993,Fri Feb 07 11:45:16 +0800 2020,心痛，致敬！对他家人好点,2234816787,3,SHE睫毛弯弯,195,79,f
4469297311213738,Fri Feb 07 11:42:57 +0800 2020,"一路走好<span class=""url-icon""><img alt=[蜡烛] src=""https://h5.sinaimg.cn/m/emoticon/icon/others/o_lazhu-6209fc6e73.png"" 
                style=""width:1em; height:1em;"" /></span><span class=""url-icon""><img alt=[蜡烛] src=""https://h5.sinaimg.cn/m/emoticon/icon/others/o_lazhu-6209fc6e73.png"" 
                style=""width:1em; height:1em;"" /></span><span class=""url-icon""><img alt=[蜡烛] src=""https://h5.sinaimg.cn/m/emoticon/icon/others/o_lazhu-6209fc6e73.png"" 
                style=""width:1em; height:1em;"" /></span>感恩",5726972339,1,NYH所幸,235,85,f
4469295243435940,Fri Feb 07 11:34:43 +0800 2020,"<span class=""url-icon""><img alt=[心] src=""https://h5.sinaimg.cn/m/emoticon/icon/others/l_xin-6912791858.png"" 
                style=""width:1em; height:1em;"" /></span><span class=""url-icon""><img alt=[心] src=""https://h5.sinaimg.cn/m/emoticon/icon/others/l_xin-6912791858.png"" 
                style=""width:1em; height:1em;"" /></span><span class=""url-icon""><img alt=[心] src=""https://h5.sinaimg.cn/m/emoticon/icon/others/l_xin-6912791858.png"" 
                style=""width:1em; height:1em;"" /></span><span class=""url-icon""><img alt=[蜡烛] src=""https://h5.sinaimg.cn/m/emoticon/icon/others/o_lazhu-6209fc6e73.png"" 
                style=""width:1em; height:1em;"" /></span><span class=""url-icon""><img alt=[蜡烛] src=""https://h5.sinaimg.cn/m/emoticon/icon/others/o_lazhu-6209fc6e73.png"" 
                style=""width:1em; height:1em;"" /></span><span class=""url-icon""><img alt=[蜡烛] src=""https://h5.sinaimg.cn/m/emoticon/icon/others/o_lazhu-6209fc6e73.png"" 
                style=""width:1em; height:1em;"" /></span><span class=""url-icon""><img alt=[心] src=""https://h5.sinaimg.cn/m/emoticon/icon/others/l_xin-6912791858.png"" 
                style=""width:1em; height:1em;"" /></span><span class=""url-icon""><img alt=[心] src=""https://h5.sinaimg.cn/m/emoticon/icon/others/l_xin-6912791858.png"" 
                style=""width:1em; height:1em;"" /></span><span class=""url-icon""><img alt=[心] src=""https://h5.sinaimg.cn/m/emoticon/icon/others/l_xin-6912791858.png"" 
                style=""width:1em; height:1em;"" /></span>一路走好",5711941274,2,不坏男人one,194,117,m
4469294966290195,Fri Feb 07 11:33:38 +0800 2020,"无法相信<span class=""url-icon""><img alt=[泪] src=""https://h5.sinaimg.cn/m/emoticon/icon/default/d_lei-1b4b02f8b1.png"" 
                style=""width:1em; height:1em;"" /></span><span class=""url-icon""><img alt=[泪] src=""https://h5.sinaimg.cn/m/emoticon/icon/default/d_lei-1b4b02f8b1.png"" 
                style=""width:1em; height:1em;"" /></span><span class=""url-icon""><img alt=[泪] src=""https://h5.sinaimg.cn/m/emoticon/icon/default/d_lei-1b4b02f8b1.png"" 
                style=""width:1em; height:1em;"" /></span><span class=""url-icon""><img alt=[蜡烛] src=""https://h5.sinaimg.cn/m/emoticon/icon/others/o_lazhu-6209fc6e73.png"" 
                style=""width:1em; height:1em;"" /></span><span class=""url-icon""><img alt=[蜡烛] src=""https://h5.sinaimg.cn/m/emoticon/icon/others/o_lazhu-6209fc6e73.png"" 
                style=""width:1em; height:1em;"" /></span><span class=""url-icon""><img alt=[蜡烛] src=""https://h5.sinaimg.cn/m/emoticon/icon/others/o_lazhu-6209fc6e73.png"" 
                style=""width:1em; height:1em;"" /></span>",1246774491,2,迪南MAMI,203,65,f
4469325781537853,Fri Feb 07 13:36:04 +0800 2020,"李医生走好<span class=""url-icon""><img alt=[蜡烛] src=""https://h5.sinaimg.cn/m/emoticon/icon/others/o_lazhu-6209fc6e73.png"" 
                style=""width:1em; height:1em;"" /></span><span class=""url-icon""><img alt=[蜡烛] src=""https://h5.sinaimg.cn/m/emoticon/icon/others/o_lazhu-6209fc6e73.png"" 
                style=""width:1em; height:1em;"" /></span><span class=""url-icon""><img alt=[蜡烛] src=""https://h5.sinaimg.cn/m/emoticon/icon/others/o_lazhu-6209fc6e73.png"" 
                style=""width:1em; height:1em;"" /></span>",6073652120,0,锁浵汀,198,205,f
4469323642494868,Fri Feb 07 13:27:35 +0800 2020,难过平，痛心,6337027072,1,快乐人生cdy,59,65,f
4469319641962673,Fri Feb 07 13:11:40 +0800 2020,"<span class=""url-icon""><img alt=[伤心] src=""https://h5.sinaimg.cn/m/emoticon/icon/others/l_shangxin-934f730572.png"" 
                style=""width:1em; height:1em;"" /></span><span class=""url-icon""><img alt=[伤心] src=""https://h5.sinaimg.cn/m/emoticon/icon/others/l_shangxin-934f730572.png"" 
                style=""width:1em; height:1em;"" /></span>向您致敬！一路走好<span class=""url-icon""><img alt=[蜡烛] src=""https://h5.sinaimg.cn/m/emoticon/icon/others/o_lazhu-6209fc6e73.png"" 
                style=""width:1em; height:1em;"" /></span><span class=""url-icon""><img alt=[蜡烛] src=""https://h5.sinaimg.cn/m/emoticon/icon/others/o_lazhu-6209fc6e73.png"" 
                style=""width:1em; height:1em;"" /></span>也希望其他的一线医务工作者们救治患者的同时保护好自己！！",5905520557,0,Chloe641,361,289,f
4469300637458463,Fri Feb 07 11:56:09 +0800 2020,致敬！,6451599670,1,末世美少年咔咔,211,186,f
4469300612206387,Fri Feb 07 11:56:03 +0800 2020,"致敬英雄！<span class=""url-icon""><img alt=[蜡烛] src=""https://h5.sinaimg.cn/m/emoticon/icon/others/o_lazhu-6209fc6e73.png"" 
                style=""width:1em; height:1em;"" /></span><span class=""url-icon""><img alt=[蜡烛] src=""https://h5.sinaimg.cn/m/emoticon/icon/others/o_lazhu-6209fc6e73.png"" 
                style=""width:1em; height:1em;"" /></span>",7203806270,0,叶怼怼zZ,261,28,f
4469298858373529,Fri Feb 07 11:49:06 +0800 2020,"一路走好<span class=""url-icon""><img alt=[蜡烛] src=""https://h5.sinaimg.cn/m/emoticon/icon/others/o_lazhu-6209fc6e73.png"" 
                style=""width:1em; height:1em;"" /></span><span class=""url-icon""><img alt=[蜡烛] src=""https://h5.sinaimg.cn/m/emoticon/icon/others/o_lazhu-6209fc6e73.png"" 
                style=""width:1em; height:1em;"" /></span><span class=""url-icon""><img alt=[蜡烛] src=""https://h5.sinaimg.cn/m/emoticon/icon/others/o_lazhu-6209fc6e73.png"" 
                style=""width:1em; height:1em;"" /></span>",5619306375,1,超超匆匆那年,5774,85,f
4469298028185890,Fri Feb 07 11:45:48 +0800 2020,"一路走好<span class=""url-icon""><img alt=[蜡烛] src=""https://h5.sinaimg.cn/m/emoticon/icon/others/o_lazhu-6209fc6e73.png"" 
                style=""width:1em; height:1em;"" /></span>",5857565088,0,闻鲛歌,519,49,f
4469297948447507,Fri Feb 07 11:45:29 +0800 2020,"<span class=""url-icon""><img alt=[心] src=""https://h5.sinaimg.cn/m/emoticon/icon/others/l_xin-6912791858.png"" 
                style=""width:1em; height:1em;"" /></span><span class=""url-icon""><img alt=[心] src=""https://h5.sinaimg.cn/m/emoticon/icon/others/l_xin-6912791858.png"" 
                style=""width:1em; height:1em;"" /></span><span class=""url-icon""><img alt=[心] src=""https://h5.sinaimg.cn/m/emoticon/icon/others/l_xin-6912791858.png"" 
                style=""width:1em; height:1em;"" /></span><span class=""url-icon""><img alt=[蜡烛] src=""https://h5.sinaimg.cn/m/emoticon/icon/others/o_lazhu-6209fc6e73.png"" 
                style=""width:1em; height:1em;"" /></span><span class=""url-icon""><img alt=[蜡烛] src=""https://h5.sinaimg.cn/m/emoticon/icon/others/o_lazhu-6209fc6e73.png"" 
                style=""width:1em; height:1em;"" /></span><span class=""url-icon""><img alt=[蜡烛] src=""https://h5.sinaimg.cn/m/emoticon/icon/others/o_lazhu-6209fc6e73.png"" 
                style=""width:1em; height:1em;"" /></span>",5343425988,0,锦鲤非我莫属,141,726,m
4469297789259548,Fri Feb 07 11:44:50 +0800 2020,一路走好🙏🙏🙏,6640390543,0,阳光下WU580,532,375,m
4469297428201205,Fri Feb 07 11:43:24 +0800 2020,庆余年2你都还没看,2968290730,0,佐佐伊人BODI,357,329,f
4469297117880453,Fri Feb 07 11:42:11 +0800 2020,"一路走好<span class=""url-icon""><img alt=[蜡烛] src=""https://h5.sinaimg.cn/m/emoticon/icon/others/o_lazhu-6209fc6e73.png"" 
                style=""width:1em; height:1em;"" /></span><span class=""url-icon""><img alt=[蜡烛] src=""https://h5.sinaimg.cn/m/emoticon/icon/others/o_lazhu-6209fc6e73.png"" 
                style=""width:1em; height:1em;"" /></span><span class=""url-icon""><img alt=[蜡烛] src=""https://h5.sinaimg.cn/m/emoticon/icon/others/o_lazhu-6209fc6e73.png"" 
                style=""width:1em; height:1em;"" /></span><span class=""url-icon""><img alt=[蜡烛] src=""https://h5.sinaimg.cn/m/emoticon/icon/others/o_lazhu-6209fc6e73.png"" 
                style=""width:1em; height:1em;"" /></span><span class=""url-icon""><img alt=[蜡烛] src=""https://h5.sinaimg.cn/m/emoticon/icon/others/o_lazhu-6209fc6e73.png"" 
                style=""width:1em; height:1em;"" /></span>",1744371847,1,肥肥canvas,1328,405,f
4469296862346442,Fri Feb 07 11:41:09 +0800 2020,"一路走好！<span class=""url-icon""><img alt=[蜡烛] src=""https://h5.sinaimg.cn/m/emoticon/icon/others/o_lazhu-6209fc6e73.png"" 
                style=""width:1em; height:1em;"" /></span><span class=""url-icon""><img alt=[悲伤] src=""https://h5.sinaimg.cn/m/emoticon/icon/default/d_beishang-f8d6de06c8.png"" 
                style=""width:1em; height:1em;"" /></span>",1768334342,1,real樱花草,263,9317,f
4469296681780263,Fri Feb 07 11:40:27 +0800 2020,"一路走好<span class=""url-icon""><img alt=[蜡烛] src=""https://h5.sinaimg.cn/m/emoticon/icon/others/o_lazhu-6209fc6e73.png"" 
                style=""width:1em; height:1em;"" /></span><span class=""url-icon""><img alt=[蜡烛] src=""https://h5.sinaimg.cn/m/emoticon/icon/others/o_lazhu-6209fc6e73.png"" 
                style=""width:1em; height:1em;"" /></span><span class=""url-icon""><img alt=[蜡烛] src=""https://h5.sinaimg.cn/m/emoticon/icon/others/o_lazhu-6209fc6e73.png"" 
                style=""width:1em; height:1em;"" /></span>",2141954572,0,oaprpr-,176,159,f
4469295767930806,Fri Feb 07 11:36:48 +0800 2020,"致敬<span class=""url-icon""><img alt=[蜡烛] src=""https://h5.sinaimg.cn/m/emoticon/icon/others/o_lazhu-6209fc6e73.png"" 
                style=""width:1em; height:1em;"" /></span>英雄，一路走好",2873636313,0,宇晴jarry,278,116,f
4469295692435078,Fri Feb 07 11:36:30 +0800 2020,"致敬<span class=""url-icon""><img alt=[蜡烛] src=""https://h5.sinaimg.cn/m/emoticon/icon/others/o_lazhu-6209fc6e73.png"" 
                style=""width:1em; height:1em;"" /></span>",3593996895,0,爱吃酸奶的阿乐,643,972,f
4469295411295888,Fri Feb 07 11:35:23 +0800 2020,"英雄走好<span class=""url-icon""><img alt=[蜡烛] src=""https://h5.sinaimg.cn/m/emoticon/icon/others/o_lazhu-6209fc6e73.png"" 
                style=""width:1em; height:1em;"" /></span><span class=""url-icon""><img alt=[蜡烛] src=""https://h5.sinaimg.cn/m/emoticon/icon/others/o_lazhu-6209fc6e73.png"" 
                style=""width:1em; height:1em;"" /></span><span class=""url-icon""><img alt=[蜡烛] src=""https://h5.sinaimg.cn/m/emoticon/icon/others/o_lazhu-6209fc6e73.png"" 
                style=""width:1em; height:1em;"" /></span>",1689228561,3,琛子,302,1181,f
4469294035379181,Fri Feb 07 11:29:56 +0800 2020,"走好！<span class=""url-icon""><img alt=[蜡烛] src=""https://h5.sinaimg.cn/m/emoticon/icon/others/o_lazhu-6209fc6e73.png"" 
                style=""width:1em; height:1em;"" /></span><span class=""url-icon""><img alt=[蜡烛] src=""https://h5.sinaimg.cn/m/emoticon/icon/others/o_lazhu-6209fc6e73.png"" 
                style=""width:1em; height:1em;"" /></span><span class=""url-icon""><img alt=[蜡烛] src=""https://h5.sinaimg.cn/m/emoticon/icon/others/o_lazhu-6209fc6e73.png"" 
                style=""width:1em; height:1em;"" /></span>",2043969365,1,南方自由姐,341,456,f
4469293943525698,Fri Feb 07 11:29:33 +0800 2020,"<span class=""url-icon""><img alt=[蜡烛] src=""https://h5.sinaimg.cn/m/emoticon/icon/others/o_lazhu-6209fc6e73.png"" 
                style=""width:1em; height:1em;"" /></span>",3182099234,1,·小闪电·,528,138,f
4469293711953425,Fri Feb 07 11:28:38 +0800 2020,"<span class=""url-icon""><img alt=[蜡烛] src=""https://h5.sinaimg.cn/m/emoticon/icon/others/o_lazhu-6209fc6e73.png"" 
                style=""width:1em; height:1em;"" /></span>",6132775110,2,肥鹤今天瘦了吗,402,2268,f
4469299915656481,Fri Feb 07 11:53:17 +0800 2020,"心痛，愿李医生一路走好！<span class=""url-icon""><img alt=[蜡烛] src=""https://h5.sinaimg.cn/m/emoticon/icon/others/o_lazhu-6209fc6e73.png"" 
                style=""width:1em; height:1em;"" /></span><span class=""url-icon""><img alt=[蜡烛] src=""https://h5.sinaimg.cn/m/emoticon/icon/others/o_lazhu-6209fc6e73.png"" 
                style=""width:1em; height:1em;"" /></span><span class=""url-icon""><img alt=[蜡烛] src=""https://h5.sinaimg.cn/m/emoticon/icon/others/o_lazhu-6209fc6e73.png"" 
                style=""width:1em; height:1em;"" /></span>",3722093640,1,稀琴,85,113,f
4469329460300526,Fri Feb 07 13:50:42 +0800 2020,"希望平静体面地走好<span class=""url-icon""><img alt=[蜡烛] src=""https://h5.sinaimg.cn/m/emoticon/icon/others/o_lazhu-6209fc6e73.png"" 
                style=""width:1em; height:1em;"" /></span>",7332494348,1,itea2coffee,49,0,f
4469328546513444,Fri Feb 07 13:47:04 +0800 2020,医生一路走好！,3640076032,1,Baby_刘影,56,42,f
4469326696383341,Fri Feb 07 13:39:43 +0800 2020,一路走好!英雄!,2133717091,1,丙丙哥爱饼饼,185,1280,m
4469326667535616,Fri Feb 07 13:39:36 +0800 2020,英雄，一路走好！看着只有不停擦眼泪,1780471591,1,小惠心grace,1061,583,f
4469325375262076,Fri Feb 07 13:34:28 +0800 2020,英雄，走好,3976277022,0,Engine_Fu,38,62,m
4469324242427249,Fri Feb 07 13:29:58 +0800 2020,向他说声对不起💔🙏,3107909253,0,转身遇见你l,595,418,f
4469320388099774,Fri Feb 07 13:14:39 +0800 2020,李文亮医生是武汉普通人中的英雄！,5111583890,2,我想相信世界,6,26,f
4469316533965275,Fri Feb 07 12:59:20 +0800 2020,谢谢你。,1495411561,0,tlxlk2011,62,143,m
4469316202159796,Fri Feb 07 12:58:01 +0800 2020,心痛。。。,2762587131,0,蓝花游记,550,264,f
4469316168480672,Fri Feb 07 12:57:52 +0800 2020,痛心,3732503952,0,潘静cherish,46,142,f
4469307364828711,Fri Feb 07 12:22:54 +0800 2020,难过,6170391885,0,是妞妞的妈妈,81,153,f
4469307339431500,Fri Feb 07 12:22:48 +0800 2020,"致敬<span class=""url-icon""><img alt=[心] src=""https://h5.sinaimg.cn/m/emoticon/icon/others/l_xin-6912791858.png"" 
                style=""width:1em; height:1em;"" /></span><span class=""url-icon""><img alt=[心] src=""https://h5.sinaimg.cn/m/emoticon/icon/others/l_xin-6912791858.png"" 
                style=""width:1em; height:1em;"" /></span>",1597851261,1,一个摞左南瓜灯要糖果嘅大朋友,116,48,f
4469307226392350,Fri Feb 07 12:22:20 +0800 2020,"李医生！感谢！走好！<span class=""url-icon""><img alt=[蜡烛] src=""https://h5.sinaimg.cn/m/emoticon/icon/others/o_lazhu-6209fc6e73.png"" 
                style=""width:1em; height:1em;"" /></span><span class=""url-icon""><img alt=[蜡烛] src=""https://h5.sinaimg.cn/m/emoticon/icon/others/o_lazhu-6209fc6e73.png"" 
                style=""width:1em; height:1em;"" /></span><span class=""url-icon""><img alt=[蜡烛] src=""https://h5.sinaimg.cn/m/emoticon/icon/others/o_lazhu-6209fc6e73.png"" 
                style=""width:1em; height:1em;"" /></span>",1032286171,0,大熊无敌83,42,470,m
4469307159285486,Fri Feb 07 12:22:04 +0800 2020,"<span class=""url-icon""><img alt=[伤心] src=""https://h5.sinaimg.cn/m/emoticon/icon/others/l_shangxin-934f730572.png"" 
                style=""width:1em; height:1em;"" /></span>",1750165617,0,桥言桥语,222,191,f
4469307041980897,Fri Feb 07 12:21:37 +0800 2020,"痛心<span class=""url-icon""><img alt=[泪] src=""https://h5.sinaimg.cn/m/emoticon/icon/default/d_lei-1b4b02f8b1.png"" 
                style=""width:1em; height:1em;"" /></span><span class=""url-icon""><img alt=[泪] src=""https://h5.sinaimg.cn/m/emoticon/icon/default/d_lei-1b4b02f8b1.png"" 
                style=""width:1em; height:1em;"" /></span><span class=""url-icon""><img alt=[泪] src=""https://h5.sinaimg.cn/m/emoticon/icon/default/d_lei-1b4b02f8b1.png"" 
                style=""width:1em; height:1em;"" /></span>",1893088573,0,薰大饺子,37,120,f
4469301186890395,Fri Feb 07 11:58:21 +0800 2020,李医生走好！！我们不会忘记你的！,1862851547,0,sifro0,3164,397,f
4469300360104616,Fri Feb 07 11:55:04 +0800 2020,"一路走好<span class=""url-icon""><img alt=[蜡烛] src=""https://h5.sinaimg.cn/m/emoticon/icon/others/o_lazhu-6209fc6e73.png"" 
                style=""width:1em; height:1em;"" /></span><span class=""url-icon""><img alt=[蜡烛] src=""https://h5.sinaimg.cn/m/emoticon/icon/others/o_lazhu-6209fc6e73.png"" 
                style=""width:1em; height:1em;"" /></span><span class=""url-icon""><img alt=[蜡烛] src=""https://h5.sinaimg.cn/m/emoticon/icon/others/o_lazhu-6209fc6e73.png"" 
                style=""width:1em; height:1em;"" /></span>",2343978302,0,莫妮hm,278,1200,f
4469300352065738,Fri Feb 07 11:55:01 +0800 2020,"李医生，一路走好<span class=""url-icon""><img alt=[蜡烛] src=""https://h5.sinaimg.cn/m/emoticon/icon/others/o_lazhu-6209fc6e73.png"" 
                style=""width:1em; height:1em;"" /></span><span class=""url-icon""><img alt=[蜡烛] src=""https://h5.sinaimg.cn/m/emoticon/icon/others/o_lazhu-6209fc6e73.png"" 
                style=""width:1em; height:1em;"" /></span><span class=""url-icon""><img alt=[蜡烛] src=""https://h5.sinaimg.cn/m/emoticon/icon/others/o_lazhu-6209fc6e73.png"" 
                style=""width:1em; height:1em;"" /></span>",1742769142,0,sarah_yin,681,340,f
4469299730892834,Fri Feb 07 11:52:33 +0800 2020,"李医生人民不会忘记您<span class=""url-icon""><img alt=[心] src=""https://h5.sinaimg.cn/m/emoticon/icon/others/l_xin-6912791858.png"" 
                style=""width:1em; height:1em;"" /></span><span class=""url-icon""><img alt=[心] src=""https://h5.sinaimg.cn/m/emoticon/icon/others/l_xin-6912791858.png"" 
                style=""width:1em; height:1em;"" /></span><span class=""url-icon""><img alt=[心] src=""https://h5.sinaimg.cn/m/emoticon/icon/others/l_xin-6912791858.png"" 
                style=""width:1em; height:1em;"" /></span>一路走好",5648560883,0,岁玥慕寒,140,131,f
4469299291182716,Fri Feb 07 11:50:48 +0800 2020,致敬大天使！,5531855840,0,后脑勺哦,206,204,m
4469298947057302,Fri Feb 07 11:49:26 +0800 2020,"人民的好医生<span class=""url-icon""><img alt=[泪] src=""https://h5.sinaimg.cn/m/emoticon/icon/default/d_lei-1b4b02f8b1.png"" 
                style=""width:1em; height:1em;"" /></span>",7261596211,0,笨笨滴小猪,37,1,m
4469298866801894,Fri Feb 07 11:49:08 +0800 2020,"走好<span class=""url-icon""><img alt=[蜡烛] src=""https://h5.sinaimg.cn/m/emoticon/icon/others/o_lazhu-6209fc6e73.png"" 
                style=""width:1em; height:1em;"" /></span>",5042916789,0,Ajima99,74,38,f
4469298862594979,Fri Feb 07 11:49:07 +0800 2020,"英雄走好<span class=""url-icon""><img alt=[蜡烛] src=""https://h5.sinaimg.cn/m/emoticon/icon/others/o_lazhu-6209fc6e73.png"" 
                style=""width:1em; height:1em;"" /></span><span class=""url-icon""><img alt=[蜡烛] src=""https://h5.sinaimg.cn/m/emoticon/icon/others/o_lazhu-6209fc6e73.png"" 
                style=""width:1em; height:1em;"" /></span><span class=""url-icon""><img alt=[蜡烛] src=""https://h5.sinaimg.cn/m/emoticon/icon/others/o_lazhu-6209fc6e73.png"" 
                style=""width:1em; height:1em;"" /></span>",3780368721,0,鸿武飞扬,61,61,f
4469298711720087,Fri Feb 07 11:48:31 +0800 2020,"致敬！<span class=""url-icon""><img alt=[蜡烛] src=""https://h5.sinaimg.cn/m/emoticon/icon/others/o_lazhu-6209fc6e73.png"" 
                style=""width:1em; height:1em;"" /></span><span class=""url-icon""><img alt=[蜡烛] src=""https://h5.sinaimg.cn/m/emoticon/icon/others/o_lazhu-6209fc6e73.png"" 
                style=""width:1em; height:1em;"" /></span><span class=""url-icon""><img alt=[蜡烛] src=""https://h5.sinaimg.cn/m/emoticon/icon/others/o_lazhu-6209fc6e73.png"" 
                style=""width:1em; height:1em;"" /></span>",5623364850,1,cartoon晨,278,93,f
4469298061392941,Fri Feb 07 11:45:56 +0800 2020,"李医生一路走好<span class=""url-icon""><img alt=[心] src=""https://h5.sinaimg.cn/m/emoticon/icon/others/l_xin-6912791858.png"" 
                style=""width:1em; height:1em;"" /></span><span class=""url-icon""><img alt=[心] src=""https://h5.sinaimg.cn/m/emoticon/icon/others/l_xin-6912791858.png"" 
                style=""width:1em; height:1em;"" /></span><span class=""url-icon""><img alt=[心] src=""https://h5.sinaimg.cn/m/emoticon/icon/others/l_xin-6912791858.png"" 
                style=""width:1em; height:1em;"" /></span>",6905634956,0,耳机咬耳朵,303,85,f
4469298032388542,Fri Feb 07 11:45:49 +0800 2020,"愿天堂无病痛！一路走好！<span class=""url-icon""><img alt=[蜡烛] src=""https://h5.sinaimg.cn/m/emoticon/icon/others/o_lazhu-6209fc6e73.png"" 
                style=""width:1em; height:1em;"" /></span><span class=""url-icon""><img alt=[蜡烛] src=""https://h5.sinaimg.cn/m/emoticon/icon/others/o_lazhu-6209fc6e73.png"" 
                style=""width:1em; height:1em;"" /></span><span class=""url-icon""><img alt=[蜡烛] src=""https://h5.sinaimg.cn/m/emoticon/icon/others/o_lazhu-6209fc6e73.png"" 
                style=""width:1em; height:1em;"" /></span>",6235078633,0,橘子味的可乐冰,331,109,f
4469298019547447,Fri Feb 07 11:45:46 +0800 2020,"一路走好<span class=""url-icon""><img alt=[蜡烛] src=""https://h5.sinaimg.cn/m/emoticon/icon/others/o_lazhu-6209fc6e73.png"" 
                style=""width:1em; height:1em;"" /></span><span class=""url-icon""><img alt=[蜡烛] src=""https://h5.sinaimg.cn/m/emoticon/icon/others/o_lazhu-6209fc6e73.png"" 
                style=""width:1em; height:1em;"" /></span><span class=""url-icon""><img alt=[蜡烛] src=""https://h5.sinaimg.cn/m/emoticon/icon/others/o_lazhu-6209fc6e73.png"" 
                style=""width:1em; height:1em;"" /></span>",6626781366,0,芬芳200207,61,14,f
4469298015333521,Fri Feb 07 11:45:44 +0800 2020,"一路走好，李医生<span class=""url-icon""><img alt=[蜡烛] src=""https://h5.sinaimg.cn/m/emoticon/icon/others/o_lazhu-6209fc6e73.png"" 
                style=""width:1em; height:1em;"" /></span>",2826195434,0,打了七日吧,49,71,f
4469297998480659,Fri Feb 07 11:45:40 +0800 2020,一路走好🙏🙏🙏,5935948507,0,沐沐汐666,67,36,f
4469297948225166,Fri Feb 07 11:45:29 +0800 2020,"致敬，走好<span class=""url-icon""><img alt=[蜡烛] src=""https://h5.sinaimg.cn/m/emoticon/icon/others/o_lazhu-6209fc6e73.png"" 
                style=""width:1em; height:1em;"" /></span>",1949226041,0,阿珂萌姑娘,74,264,f
4469297898203289,Fri Feb 07 11:45:17 +0800 2020,"李医生走好<span class=""url-icon""><img alt=[心] src=""https://h5.sinaimg.cn/m/emoticon/icon/others/l_xin-6912791858.png"" 
                style=""width:1em; height:1em;"" /></span><span class=""url-icon""><img alt=[蜡烛] src=""https://h5.sinaimg.cn/m/emoticon/icon/others/o_lazhu-6209fc6e73.png"" 
                style=""width:1em; height:1em;"" /></span><span class=""url-icon""><img alt=[蜡烛] src=""https://h5.sinaimg.cn/m/emoticon/icon/others/o_lazhu-6209fc6e73.png"" 
                style=""width:1em; height:1em;"" /></span><span class=""url-icon""><img alt=[蜡烛] src=""https://h5.sinaimg.cn/m/emoticon/icon/others/o_lazhu-6209fc6e73.png"" 
                style=""width:1em; height:1em;"" /></span>",3156459770,0,Y郝郝j_,291,112,m
4469297843729646,Fri Feb 07 11:45:04 +0800 2020,"您是英雄，李医生一路走好<span class=""url-icon""><img alt=[蜡烛] src=""https://h5.sinaimg.cn/m/emoticon/icon/others/o_lazhu-6209fc6e73.png"" 
                style=""width:1em; height:1em;"" /></span><span class=""url-icon""><img alt=[蜡烛] src=""https://h5.sinaimg.cn/m/emoticon/icon/others/o_lazhu-6209fc6e73.png"" 
                style=""width:1em; height:1em;"" /></span><span class=""url-icon""><img alt=[蜡烛] src=""https://h5.sinaimg.cn/m/emoticon/icon/others/o_lazhu-6209fc6e73.png"" 
                style=""width:1em; height:1em;"" /></span>",6876488845,0,朱小爷和白白,82,32,m
4469297835588564,Fri Feb 07 11:45:02 +0800 2020,"心痛！ 英雄，一路走好！<span class=""url-icon""><img alt=[蜡烛] src=""https://h5.sinaimg.cn/m/emoticon/icon/others/o_lazhu-6209fc6e73.png"" 
                style=""width:1em; height:1em;"" /></span><span class=""url-icon""><img alt=[蜡烛] src=""https://h5.sinaimg.cn/m/emoticon/icon/others/o_lazhu-6209fc6e73.png"" 
                style=""width:1em; height:1em;"" /></span><span class=""url-icon""><img alt=[蜡烛] src=""https://h5.sinaimg.cn/m/emoticon/icon/others/o_lazhu-6209fc6e73.png"" 
                style=""width:1em; height:1em;"" /></span>",1806178634,0,Amoy010,299,243,m
4469297797696461,Fri Feb 07 11:44:53 +0800 2020,"英雄一路走好<span class=""url-icon""><img alt=[蜡烛] src=""https://h5.sinaimg.cn/m/emoticon/icon/others/o_lazhu-6209fc6e73.png"" 
                style=""width:1em; height:1em;"" /></span><span class=""url-icon""><img alt=[蜡烛] src=""https://h5.sinaimg.cn/m/emoticon/icon/others/o_lazhu-6209fc6e73.png"" 
                style=""width:1em; height:1em;"" /></span><span class=""url-icon""><img alt=[蜡烛] src=""https://h5.sinaimg.cn/m/emoticon/icon/others/o_lazhu-6209fc6e73.png"" 
                style=""width:1em; height:1em;"" /></span>",1862575764,2,PDA915,117,178,m
4469297789673230,Fri Feb 07 11:44:50 +0800 2020,"<span class=""url-icon""><img alt=[蜡烛] src=""https://h5.sinaimg.cn/m/emoticon/icon/others/o_lazhu-6209fc6e73.png"" 
                style=""width:1em; height:1em;"" /></span><span class=""url-icon""><img alt=[蜡烛] src=""https://h5.sinaimg.cn/m/emoticon/icon/others/o_lazhu-6209fc6e73.png"" 
                style=""width:1em; height:1em;"" /></span><span class=""url-icon""><img alt=[蜡烛] src=""https://h5.sinaimg.cn/m/emoticon/icon/others/o_lazhu-6209fc6e73.png"" 
                style=""width:1em; height:1em;"" /></span>",5720963905,0,LW筱伟,41,67,m
4469297616889956,Fri Feb 07 11:44:09 +0800 2020,"人民英雄一路走好<span class=""url-icon""><img alt=[蜡烛] src=""https://h5.sinaimg.cn/m/emoticon/icon/others/o_lazhu-6209fc6e73.png"" 
                style=""width:1em; height:1em;"" /></span><span class=""url-icon""><img alt=[蜡烛] src=""https://h5.sinaimg.cn/m/emoticon/icon/others/o_lazhu-6209fc6e73.png"" 
                style=""width:1em; height:1em;"" /></span><span class=""url-icon""><img alt=[蜡烛] src=""https://h5.sinaimg.cn/m/emoticon/icon/others/o_lazhu-6209fc6e73.png"" 
                style=""width:1em; height:1em;"" /></span>",6069019378,0,Cadmiun,38,45,f
4469297486900055,Fri Feb 07 11:43:39 +0800 2020,"李医生！一路走好<span class=""url-icon""><img alt=[蜡烛] src=""https://h5.sinaimg.cn/m/emoticon/icon/others/o_lazhu-6209fc6e73.png"" 
                style=""width:1em; height:1em;"" /></span><span class=""url-icon""><img alt=[蜡烛] src=""https://h5.sinaimg.cn/m/emoticon/icon/others/o_lazhu-6209fc6e73.png"" 
                style=""width:1em; height:1em;"" /></span>",6443002997,1,慢镜头1230,154,50,f
4469297403232411,Fri Feb 07 11:43:18 +0800 2020,"<span class=""url-icon""><img alt=[蜡烛] src=""https://h5.sinaimg.cn/m/emoticon/icon/others/o_lazhu-6209fc6e73.png"" 
                style=""width:1em; height:1em;"" /></span><span class=""url-icon""><img alt=[蜡烛] src=""https://h5.sinaimg.cn/m/emoticon/icon/others/o_lazhu-6209fc6e73.png"" 
                style=""width:1em; height:1em;"" /></span><span class=""url-icon""><img alt=[蜡烛] src=""https://h5.sinaimg.cn/m/emoticon/icon/others/o_lazhu-6209fc6e73.png"" 
                style=""width:1em; height:1em;"" /></span><span class=""url-icon""><img alt=[泪] src=""https://h5.sinaimg.cn/m/emoticon/icon/default/d_lei-1b4b02f8b1.png"" 
                style=""width:1em; height:1em;"" /></span>",2508706481,0,yaa云淡风轻,408,435,f
4469297235613934,Fri Feb 07 11:42:39 +0800 2020,致敬,1028853274,1,嘟嘟村,53,76,m
4469296945784602,Fri Feb 07 11:41:30 +0800 2020,"李医生 一路走好<span class=""url-icon""><img alt=[泪] src=""https://h5.sinaimg.cn/m/emoticon/icon/default/d_lei-1b4b02f8b1.png"" 
                style=""width:1em; height:1em;"" /></span>",7364020493,0,加菲猫27318,155,36,m
4469296938307891,Fri Feb 07 11:41:28 +0800 2020,心痛，走好🙏,2527838312,0,Minoz--爽爽,236,640,f
4469296715205611,Fri Feb 07 11:40:34 +0800 2020,真的是太心痛了,1153884351,0,瑞的天天,64,130,f
4469296711008002,Fri Feb 07 11:40:34 +0800 2020,"心痛<span class=""url-icon""><img alt=[蜡烛] src=""https://h5.sinaimg.cn/m/emoticon/icon/others/o_lazhu-6209fc6e73.png"" 
                style=""width:1em; height:1em;"" /></span><span class=""url-icon""><img alt=[蜡烛] src=""https://h5.sinaimg.cn/m/emoticon/icon/others/o_lazhu-6209fc6e73.png"" 
                style=""width:1em; height:1em;"" /></span><span class=""url-icon""><img alt=[蜡烛] src=""https://h5.sinaimg.cn/m/emoticon/icon/others/o_lazhu-6209fc6e73.png"" 
                style=""width:1em; height:1em;"" /></span>",7337512336,0,HRQ的小迷妹,105,44,f
4469296702588414,Fri Feb 07 11:40:32 +0800 2020,痛惜啊,1887077100,0,悠-小然,376,307,f
4469296698963473,Fri Feb 07 11:40:31 +0800 2020,致敬,5891027444,0,乌漆麻黑塞班,77,10824,m
4469296635724659,Fri Feb 07 11:40:16 +0800 2020,"走好<span class=""url-icon""><img alt=[蜡烛] src=""https://h5.sinaimg.cn/m/emoticon/icon/others/o_lazhu-6209fc6e73.png"" 
                style=""width:1em; height:1em;"" /></span><span class=""url-icon""><img alt=[蜡烛] src=""https://h5.sinaimg.cn/m/emoticon/icon/others/o_lazhu-6209fc6e73.png"" 
                style=""width:1em; height:1em;"" /></span><span class=""url-icon""><img alt=[蜡烛] src=""https://h5.sinaimg.cn/m/emoticon/icon/others/o_lazhu-6209fc6e73.png"" 
                style=""width:1em; height:1em;"" /></span>下辈子平安喜乐",3176858907,0,丨WanShiShengYi丨,154,820,f
4469296560191462,Fri Feb 07 11:39:58 +0800 2020,"<span class=""url-icon""><img alt=[蜡烛] src=""https://h5.sinaimg.cn/m/emoticon/icon/others/o_lazhu-6209fc6e73.png"" 
                style=""width:1em; height:1em;"" /></span><span class=""url-icon""><img alt=[蜡烛] src=""https://h5.sinaimg.cn/m/emoticon/icon/others/o_lazhu-6209fc6e73.png"" 
                style=""width:1em; height:1em;"" /></span>一路走好",3103420823,0,俞点点鱼,209,73,f
4469296527178975,Fri Feb 07 11:39:49 +0800 2020,"李医生，一路走好<span class=""url-icon""><img alt=[蜡烛] src=""https://h5.sinaimg.cn/m/emoticon/icon/others/o_lazhu-6209fc6e73.png"" 
                style=""width:1em; height:1em;"" /></span><span class=""url-icon""><img alt=[蜡烛] src=""https://h5.sinaimg.cn/m/emoticon/icon/others/o_lazhu-6209fc6e73.png"" 
                style=""width:1em; height:1em;"" /></span><span class=""url-icon""><img alt=[蜡烛] src=""https://h5.sinaimg.cn/m/emoticon/icon/others/o_lazhu-6209fc6e73.png"" 
                style=""width:1em; height:1em;"" /></span>",7043562793,0,从此陌路-,69,43,f
4469296522547298,Fri Feb 07 11:39:48 +0800 2020,"心痛，一路走好，天堂不再有伤痛<span class=""url-icon""><img alt=[蜡烛] src=""https://h5.sinaimg.cn/m/emoticon/icon/others/o_lazhu-6209fc6e73.png"" 
                style=""width:1em; height:1em;"" /></span><span class=""url-icon""><img alt=[蜡烛] src=""https://h5.sinaimg.cn/m/emoticon/icon/others/o_lazhu-6209fc6e73.png"" 
                style=""width:1em; height:1em;"" /></span><span class=""url-icon""><img alt=[蜡烛] src=""https://h5.sinaimg.cn/m/emoticon/icon/others/o_lazhu-6209fc6e73.png"" 
                style=""width:1em; height:1em;"" /></span>",6443256577,0,轩辕夏柔,116,244,f
4469296518060351,Fri Feb 07 11:39:47 +0800 2020,"真的很心痛！<span class=""url-icon""><img alt=[蜡烛] src=""https://h5.sinaimg.cn/m/emoticon/icon/others/o_lazhu-6209fc6e73.png"" 
                style=""width:1em; height:1em;"" /></span><span class=""url-icon""><img alt=[蜡烛] src=""https://h5.sinaimg.cn/m/emoticon/icon/others/o_lazhu-6209fc6e73.png"" 
                style=""width:1em; height:1em;"" /></span>",1959268253,0,Jerry_Tutor,102,529,m
4469295997973794,Fri Feb 07 11:37:44 +0800 2020,"我们都记得你<span class=""url-icon""><img alt=[心] src=""https://h5.sinaimg.cn/m/emoticon/icon/others/l_xin-6912791858.png"" 
                style=""width:1em; height:1em;"" /></span>",1857212700,1,潘儿潘儿潘潘儿,167,1149,f
4469295943812323,Fri Feb 07 11:37:30 +0800 2020,致敬英雄！敬礼！,5893360643,0,壹年壹念,393,126,m
4469295821646567,Fri Feb 07 11:37:02 +0800 2020,"一路走好<span class=""url-icon""><img alt=[泪] src=""https://h5.sinaimg.cn/m/emoticon/icon/default/d_lei-1b4b02f8b1.png"" 
                style=""width:1em; height:1em;"" /></span>",1937740331,0,正儿八井小cha子,466,2267,f
4469295708446433,Fri Feb 07 11:36:34 +0800 2020,致敬真心英雄！,5317562013,0,军王子038,428,487,m
4469295293422469,Fri Feb 07 11:34:56 +0800 2020,"李医生走好<span class=""url-icon""><img alt=[泪] src=""https://h5.sinaimg.cn/m/emoticon/icon/default/d_lei-1b4b02f8b1.png"" 
                style=""width:1em; height:1em;"" /></span>",6792896348,0,Tooviris,53,24,f
4469295134492348,Fri Feb 07 11:34:17 +0800 2020,李医生，一路走好，致敬英雄！,6453352247,1,小林7848,36,0,f
4469295117655820,Fri Feb 07 11:34:14 +0800 2020,"一路走好<span class=""url-icon""><img alt=[泪] src=""https://h5.sinaimg.cn/m/emoticon/icon/default/d_lei-1b4b02f8b1.png"" 
                style=""width:1em; height:1em;"" /></span><span class=""url-icon""><img alt=[蜡烛] src=""https://h5.sinaimg.cn/m/emoticon/icon/others/o_lazhu-6209fc6e73.png"" 
                style=""width:1em; height:1em;"" /></span>",5894695308,0,考证通过再改名,244,201,f
4469295109227192,Fri Feb 07 11:34:11 +0800 2020,"<span class=""url-icon""><img alt=[蜡烛] src=""https://h5.sinaimg.cn/m/emoticon/icon/others/o_lazhu-6209fc6e73.png"" 
                style=""width:1em; height:1em;"" /></span>致敬",3547283332,0,静音灬,90,138,m
4469295079724365,Fri Feb 07 11:34:05 +0800 2020,"<span class=""url-icon""><img alt=[蜡烛] src=""https://h5.sinaimg.cn/m/emoticon/icon/others/o_lazhu-6209fc6e73.png"" 
                style=""width:1em; height:1em;"" /></span><span class=""url-icon""><img alt=[蜡烛] src=""https://h5.sinaimg.cn/m/emoticon/icon/others/o_lazhu-6209fc6e73.png"" 
                style=""width:1em; height:1em;"" /></span><span class=""url-icon""><img alt=[蜡烛] src=""https://h5.sinaimg.cn/m/emoticon/icon/others/o_lazhu-6209fc6e73.png"" 
                style=""width:1em; height:1em;"" /></span>让他好好的走了吧！",3164157314,0,最近迷上了-,263,38,f
4469294932845835,Fri Feb 07 11:33:29 +0800 2020,"致敬<span class=""url-icon""><img alt=[蜡烛] src=""https://h5.sinaimg.cn/m/emoticon/icon/others/o_lazhu-6209fc6e73.png"" 
                style=""width:1em; height:1em;"" /></span><span class=""url-icon""><img alt=[蜡烛] src=""https://h5.sinaimg.cn/m/emoticon/icon/others/o_lazhu-6209fc6e73.png"" 
                style=""width:1em; height:1em;"" /></span>",6550191121,0,君子遥_七七,23,30,m
4469294920551852,Fri Feb 07 11:33:27 +0800 2020,"<span class=""url-icon""><img alt=[泪] src=""https://h5.sinaimg.cn/m/emoticon/icon/default/d_lei-1b4b02f8b1.png"" 
                style=""width:1em; height:1em;"" /></span><span class=""url-icon""><img alt=[泪] src=""https://h5.sinaimg.cn/m/emoticon/icon/default/d_lei-1b4b02f8b1.png"" 
                style=""width:1em; height:1em;"" /></span><span class=""url-icon""><img alt=[泪] src=""https://h5.sinaimg.cn/m/emoticon/icon/default/d_lei-1b4b02f8b1.png"" 
                style=""width:1em; height:1em;"" /></span><span class=""url-icon""><img alt=[泪] src=""https://h5.sinaimg.cn/m/emoticon/icon/default/d_lei-1b4b02f8b1.png"" 
                style=""width:1em; height:1em;"" /></span><span class=""url-icon""><img alt=[泪] src=""https://h5.sinaimg.cn/m/emoticon/icon/default/d_lei-1b4b02f8b1.png"" 
                style=""width:1em; height:1em;"" /></span><span class=""url-icon""><img alt=[泪] src=""https://h5.sinaimg.cn/m/emoticon/icon/default/d_lei-1b4b02f8b1.png"" 
                style=""width:1em; height:1em;"" /></span>🙏🙏🙏🙏🙏🙏",2293282330,0,那就当风没来过啊,90,479,f
4469294857723987,Fri Feb 07 11:33:11 +0800 2020,"<span class=""url-icon""><img alt=[悲伤] src=""https://h5.sinaimg.cn/m/emoticon/icon/default/d_beishang-f8d6de06c8.png"" 
                style=""width:1em; height:1em;"" /></span>一路走好",7215717169,0,那首很爱你的歌,238,63,f
4469294836270504,Fri Feb 07 11:33:07 +0800 2020,一路走好,5262545593,0,服设计,700,211,f
4469294782104536,Fri Feb 07 11:32:54 +0800 2020,"李医生，一路走好<span class=""url-icon""><img alt=[蜡烛] src=""https://h5.sinaimg.cn/m/emoticon/icon/others/o_lazhu-6209fc6e73.png"" 
                style=""width:1em; height:1em;"" /></span><span class=""url-icon""><img alt=[蜡烛] src=""https://h5.sinaimg.cn/m/emoticon/icon/others/o_lazhu-6209fc6e73.png"" 
                style=""width:1em; height:1em;"" /></span>",5141360580,0,心悦柯柯子,1915,120,f
4469294760766925,Fri Feb 07 11:32:49 +0800 2020,"致敬！一路走好<span class=""url-icon""><img alt=[蜡烛] src=""https://h5.sinaimg.cn/m/emoticon/icon/others/o_lazhu-6209fc6e73.png"" 
                style=""width:1em; height:1em;"" /></span>",6657736765,0,-蜜桃挽初-,841,375,f
4469294672380113,Fri Feb 07 11:32:28 +0800 2020,"<span class=""url-icon""><img alt=[泪] src=""https://h5.sinaimg.cn/m/emoticon/icon/default/d_lei-1b4b02f8b1.png"" 
                style=""width:1em; height:1em;"" /></span><span class=""url-icon""><img alt=[泪] src=""https://h5.sinaimg.cn/m/emoticon/icon/default/d_lei-1b4b02f8b1.png"" 
                style=""width:1em; height:1em;"" /></span><span class=""url-icon""><img alt=[泪] src=""https://h5.sinaimg.cn/m/emoticon/icon/default/d_lei-1b4b02f8b1.png"" 
                style=""width:1em; height:1em;"" /></span><span class=""url-icon""><img alt=[蜡烛] src=""https://h5.sinaimg.cn/m/emoticon/icon/others/o_lazhu-6209fc6e73.png"" 
                style=""width:1em; height:1em;"" /></span><span class=""url-icon""><img alt=[蜡烛] src=""https://h5.sinaimg.cn/m/emoticon/icon/others/o_lazhu-6209fc6e73.png"" 
                style=""width:1em; height:1em;"" /></span><span class=""url-icon""><img alt=[蜡烛] src=""https://h5.sinaimg.cn/m/emoticon/icon/others/o_lazhu-6209fc6e73.png"" 
                style=""width:1em; height:1em;"" /></span>",3605878663,0,菜鸟吖禤,43,37,f
4469294374675527,Fri Feb 07 11:31:16 +0800 2020,"致敬英雄<span class=""url-icon""><img alt=[泪] src=""https://h5.sinaimg.cn/m/emoticon/icon/default/d_lei-1b4b02f8b1.png"" 
                style=""width:1em; height:1em;"" /></span>",5563716488,0,枯树逢春·,80,69,m
4469294367100310,Fri Feb 07 11:31:15 +0800 2020,心痛，心痛🙏🙏,3646121212,0,w溫熹健,186,98,m
4469294350263383,Fri Feb 07 11:31:11 +0800 2020,"心疼，心痛，一路走好<span class=""url-icon""><img alt=[蜡烛] src=""https://h5.sinaimg.cn/m/emoticon/icon/others/o_lazhu-6209fc6e73.png"" 
                style=""width:1em; height:1em;"" /></span><span class=""url-icon""><img alt=[蜡烛] src=""https://h5.sinaimg.cn/m/emoticon/icon/others/o_lazhu-6209fc6e73.png"" 
                style=""width:1em; height:1em;"" /></span><span class=""url-icon""><img alt=[蜡烛] src=""https://h5.sinaimg.cn/m/emoticon/icon/others/o_lazhu-6209fc6e73.png"" 
                style=""width:1em; height:1em;"" /></span>，天堂没有疫情",1996048942,0,__Chelseaquinn__,95,39,f
4469294328655276,Fri Feb 07 11:31:06 +0800 2020,"<span class=""url-icon""><img alt=[悲伤] src=""https://h5.sinaimg.cn/m/emoticon/icon/default/d_beishang-f8d6de06c8.png"" 
                style=""width:1em; height:1em;"" /></span><span class=""url-icon""><img alt=[蜡烛] src=""https://h5.sinaimg.cn/m/emoticon/icon/others/o_lazhu-6209fc6e73.png"" 
                style=""width:1em; height:1em;"" /></span>",2561906641,0,Leila丸子君,401,300,m
4469294286828052,Fri Feb 07 11:30:56 +0800 2020,"致敬<span class=""url-icon""><img alt=[泪] src=""https://h5.sinaimg.cn/m/emoticon/icon/default/d_lei-1b4b02f8b1.png"" 
                style=""width:1em; height:1em;"" /></span>",2136656114,0,锦鲤佩琪,20,18,f
4469294223694610,Fri Feb 07 11:30:41 +0800 2020,"李医生走好<span class=""url-icon""><img alt=[蜡烛] src=""https://h5.sinaimg.cn/m/emoticon/icon/others/o_lazhu-6209fc6e73.png"" 
                style=""width:1em; height:1em;"" /></span>",6302218219,0,半山居雾_,273,6,f
4469294178499041,Fri Feb 07 11:30:30 +0800 2020,"走好<span class=""url-icon""><img alt=[蜡烛] src=""https://h5.sinaimg.cn/m/emoticon/icon/others/o_lazhu-6209fc6e73.png"" 
                style=""width:1em; height:1em;"" /></span><span class=""url-icon""><img alt=[蜡烛] src=""https://h5.sinaimg.cn/m/emoticon/icon/others/o_lazhu-6209fc6e73.png"" 
                style=""width:1em; height:1em;"" /></span><span class=""url-icon""><img alt=[蜡烛] src=""https://h5.sinaimg.cn/m/emoticon/icon/others/o_lazhu-6209fc6e73.png"" 
                style=""width:1em; height:1em;"" /></span>",5648538726,0,小马记记,187,11,f
4469294161665694,Fri Feb 07 11:30:25 +0800 2020,英雄，一路走好！,1796651137,1,Quasimodo_P,229,92,m
4469294136119777,Fri Feb 07 11:30:19 +0800 2020,难过死了,6581348171,0,葡萄小姐cc_,145,135,f
4469294068508716,Fri Feb 07 11:30:04 +0800 2020,一路走好,5543323570,0,两只草莓高端内衣店,323,128,f
4469294047737998,Fri Feb 07 11:29:59 +0800 2020,"走好，人民的好医生<span class=""url-icon""><img alt=[心] src=""https://h5.sinaimg.cn/m/emoticon/icon/others/l_xin-6912791858.png"" 
                style=""width:1em; height:1em;"" /></span>",2611581543,2,前面右转的第二排架上就有,63,199,m
4469294022735603,Fri Feb 07 11:29:53 +0800 2020,"<span class=""url-icon""><img alt=[蜡烛] src=""https://h5.sinaimg.cn/m/emoticon/icon/others/o_lazhu-6209fc6e73.png"" 
                style=""width:1em; height:1em;"" /></span>",5261821805,0,treasure_ya婷,45,93,f
4469294018529970,Fri Feb 07 11:29:52 +0800 2020,"<span class=""url-icon""><img alt=[蜡烛] src=""https://h5.sinaimg.cn/m/emoticon/icon/others/o_lazhu-6209fc6e73.png"" 
                style=""width:1em; height:1em;"" /></span><span class=""url-icon""><img alt=[蜡烛] src=""https://h5.sinaimg.cn/m/emoticon/icon/others/o_lazhu-6209fc6e73.png"" 
                style=""width:1em; height:1em;"" /></span><span class=""url-icon""><img alt=[蜡烛] src=""https://h5.sinaimg.cn/m/emoticon/icon/others/o_lazhu-6209fc6e73.png"" 
                style=""width:1em; height:1em;"" /></span>",2177184953,0,镜子给的爱,199,609,f
4469294010387246,Fri Feb 07 11:29:50 +0800 2020,"<span class=""url-icon""><img alt=[泪] src=""https://h5.sinaimg.cn/m/emoticon/icon/default/d_lei-1b4b02f8b1.png"" 
                style=""width:1em; height:1em;"" /></span><span class=""url-icon""><img alt=[泪] src=""https://h5.sinaimg.cn/m/emoticon/icon/default/d_lei-1b4b02f8b1.png"" 
                style=""width:1em; height:1em;"" /></span><span class=""url-icon""><img alt=[泪] src=""https://h5.sinaimg.cn/m/emoticon/icon/default/d_lei-1b4b02f8b1.png"" 
                style=""width:1em; height:1em;"" /></span>",1713663825,0,LL妞妞oO,237,310,f
4469293888607002,Fri Feb 07 11:29:21 +0800 2020,"<span class=""url-icon""><img alt=[伤心] src=""https://h5.sinaimg.cn/m/emoticon/icon/others/l_shangxin-934f730572.png"" 
                style=""width:1em; height:1em;"" /></span><span class=""url-icon""><img alt=[伤心] src=""https://h5.sinaimg.cn/m/emoticon/icon/others/l_shangxin-934f730572.png"" 
                style=""width:1em; height:1em;"" /></span><span class=""url-icon""><img alt=[伤心] src=""https://h5.sinaimg.cn/m/emoticon/icon/others/l_shangxin-934f730572.png"" 
                style=""width:1em; height:1em;"" /></span>",2366586755,0,Z_Aqua,544,274,f
4469293880651286,Fri Feb 07 11:29:19 +0800 2020,"<span class=""url-icon""><img alt=[蜡烛] src=""https://h5.sinaimg.cn/m/emoticon/icon/others/o_lazhu-6209fc6e73.png"" 
                style=""width:1em; height:1em;"" /></span><span class=""url-icon""><img alt=[蜡烛] src=""https://h5.sinaimg.cn/m/emoticon/icon/others/o_lazhu-6209fc6e73.png"" 
                style=""width:1em; height:1em;"" /></span><span class=""url-icon""><img alt=[蜡烛] src=""https://h5.sinaimg.cn/m/emoticon/icon/others/o_lazhu-6209fc6e73.png"" 
                style=""width:1em; height:1em;"" /></span>",3611200821,1,-M-Geo-,359,130,f
4469293834025378,Fri Feb 07 11:29:08 +0800 2020,"一路走好<span class=""url-icon""><img alt=[心] src=""https://h5.sinaimg.cn/m/emoticon/icon/others/l_xin-6912791858.png"" 
                style=""width:1em; height:1em;"" /></span><span class=""url-icon""><img alt=[蜡烛] src=""https://h5.sinaimg.cn/m/emoticon/icon/others/o_lazhu-6209fc6e73.png"" 
                style=""width:1em; height:1em;"" /></span>",5939248023,0,一壹一捌,320,533,f
4469293766906706,Fri Feb 07 11:28:52 +0800 2020,"<span class=""url-icon""><img alt=[蜡烛] src=""https://h5.sinaimg.cn/m/emoticon/icon/others/o_lazhu-6209fc6e73.png"" 
                style=""width:1em; height:1em;"" /></span>",5209128752,0,啾3咪,156,20,f
4469293762227865,Fri Feb 07 11:28:51 +0800 2020,"<span class=""url-icon""><img alt=[蜡烛] src=""https://h5.sinaimg.cn/m/emoticon/icon/others/o_lazhu-6209fc6e73.png"" 
                style=""width:1em; height:1em;"" /></span><span class=""url-icon""><img alt=[蜡烛] src=""https://h5.sinaimg.cn/m/emoticon/icon/others/o_lazhu-6209fc6e73.png"" 
                style=""width:1em; height:1em;"" /></span><span class=""url-icon""><img alt=[蜡烛] src=""https://h5.sinaimg.cn/m/emoticon/icon/others/o_lazhu-6209fc6e73.png"" 
                style=""width:1em; height:1em;"" /></span><span class=""url-icon""><img alt=[蜡烛] src=""https://h5.sinaimg.cn/m/emoticon/icon/others/o_lazhu-6209fc6e73.png"" 
                style=""width:1em; height:1em;"" /></span><span class=""url-icon""><img alt=[蜡烛] src=""https://h5.sinaimg.cn/m/emoticon/icon/others/o_lazhu-6209fc6e73.png"" 
                style=""width:1em; height:1em;"" /></span><span class=""url-icon""><img alt=[蜡烛] src=""https://h5.sinaimg.cn/m/emoticon/icon/others/o_lazhu-6209fc6e73.png"" 
                style=""width:1em; height:1em;"" /></span>",6724267134,0,一簟秋季,280,24,f
4469293749862835,Fri Feb 07 11:28:48 +0800 2020,"<span class=""url-icon""><img alt=[蜡烛] src=""https://h5.sinaimg.cn/m/emoticon/icon/others/o_lazhu-6209fc6e73.png"" 
                style=""width:1em; height:1em;"" /></span><span class=""url-icon""><img alt=[蜡烛] src=""https://h5.sinaimg.cn/m/emoticon/icon/others/o_lazhu-6209fc6e73.png"" 
                style=""width:1em; height:1em;"" /></span><span class=""url-icon""><img alt=[蜡烛] src=""https://h5.sinaimg.cn/m/emoticon/icon/others/o_lazhu-6209fc6e73.png"" 
                style=""width:1em; height:1em;"" /></span>",1737626531,1,ivysina,2067,265,f
4469293704001512,Fri Feb 07 11:28:37 +0800 2020,"李医生走好<span class=""url-icon""><img alt=[心] src=""https://h5.sinaimg.cn/m/emoticon/icon/others/l_xin-6912791858.png"" 
                style=""width:1em; height:1em;"" /></span>",5671056778,0,执白1209,94,56,m
4469293687547133,Fri Feb 07 11:28:33 +0800 2020,"走好   🙏🙏🙏<span class=""url-icon""><img alt=[蜡烛] src=""https://h5.sinaimg.cn/m/emoticon/icon/others/o_lazhu-6209fc6e73.png"" 
                style=""width:1em; height:1em;"" /></span><span class=""url-icon""><img alt=[蜡烛] src=""https://h5.sinaimg.cn/m/emoticon/icon/others/o_lazhu-6209fc6e73.png"" 
                style=""width:1em; height:1em;"" /></span><span class=""url-icon""><img alt=[蜡烛] src=""https://h5.sinaimg.cn/m/emoticon/icon/others/o_lazhu-6209fc6e73.png"" 
                style=""width:1em; height:1em;"" /></span>",2728779535,1,起灵-天真叫你送毛巾,239,150,f
4469293674789598,Fri Feb 07 11:28:30 +0800 2020,"李医生走好<span class=""url-icon""><img alt=[蜡烛] src=""https://h5.sinaimg.cn/m/emoticon/icon/others/o_lazhu-6209fc6e73.png"" 
                style=""width:1em; height:1em;"" /></span>",5632993260,2,下海挂牌五万起的严峫的脸,364,366,f
4469293620455052,Fri Feb 07 11:28:16 +0800 2020,"李医生一路走好<span class=""url-icon""><img alt=[蜡烛] src=""https://h5.sinaimg.cn/m/emoticon/icon/others/o_lazhu-6209fc6e73.png"" 
                style=""width:1em; height:1em;"" /></span><span class=""url-icon""><img alt=[蜡烛] src=""https://h5.sinaimg.cn/m/emoticon/icon/others/o_lazhu-6209fc6e73.png"" 
                style=""width:1em; height:1em;"" /></span>",5222956039,0,一只阿狸i,67,125,f
4469293603177292,Fri Feb 07 11:28:13 +0800 2020,走好,3944124957,0,如你一般kxjh,82,163,f
4469293544319979,Fri Feb 07 11:27:59 +0800 2020,"心痛<span class=""url-icon""><img alt=[泪] src=""https://h5.sinaimg.cn/m/emoticon/icon/default/d_lei-1b4b02f8b1.png"" 
                style=""width:1em; height:1em;"" /></span>",6094717309,1,章哒哒小姐,736,88,f
4469293540734845,Fri Feb 07 11:27:58 +0800 2020,"一路走好<span class=""url-icon""><img alt=[蜡烛] src=""https://h5.sinaimg.cn/m/emoticon/icon/others/o_lazhu-6209fc6e73.png"" 
                style=""width:1em; height:1em;"" /></span>",7301997046,0,evamao77,25,13,f
4469293498426445,Fri Feb 07 11:27:48 +0800 2020,看哭了,7103911077,0,本仙女9527,294,30,f
4469293498421517,Fri Feb 07 11:27:47 +0800 2020,致敬！,5867717150,0,江扶之,422,83,f
4469293485803430,Fri Feb 07 11:27:45 +0800 2020,"可惜<span class=""url-icon""><img alt=[蜡烛] src=""https://h5.sinaimg.cn/m/emoticon/icon/others/o_lazhu-6209fc6e73.png"" 
                style=""width:1em; height:1em;"" /></span><span class=""url-icon""><img alt=[蜡烛] src=""https://h5.sinaimg.cn/m/emoticon/icon/others/o_lazhu-6209fc6e73.png"" 
                style=""width:1em; height:1em;"" /></span><span class=""url-icon""><img alt=[蜡烛] src=""https://h5.sinaimg.cn/m/emoticon/icon/others/o_lazhu-6209fc6e73.png"" 
                style=""width:1em; height:1em;"" /></span>",5652321497,0,米粒水灵灵123,100,56,f
4469293464744653,Fri Feb 07 11:27:40 +0800 2020,"<span class=""url-icon""><img alt=[蜡烛] src=""https://h5.sinaimg.cn/m/emoticon/icon/others/o_lazhu-6209fc6e73.png"" 
                style=""width:1em; height:1em;"" /></span>送英雄",5315671292,2,可达鸭小呆宝,230,200,f
4469293452551882,Fri Feb 07 11:27:37 +0800 2020,走好,3335055240,0,我是仙女别和我白扯那没用的,111,109,f
4469293452101418,Fri Feb 07 11:27:36 +0800 2020,"<span class=""url-icon""><img alt=[蜡烛] src=""https://h5.sinaimg.cn/m/emoticon/icon/others/o_lazhu-6209fc6e73.png"" 
                style=""width:1em; height:1em;"" /></span><span class=""url-icon""><img alt=[蜡烛] src=""https://h5.sinaimg.cn/m/emoticon/icon/others/o_lazhu-6209fc6e73.png"" 
                style=""width:1em; height:1em;"" /></span><span class=""url-icon""><img alt=[蜡烛] src=""https://h5.sinaimg.cn/m/emoticon/icon/others/o_lazhu-6209fc6e73.png"" 
                style=""width:1em; height:1em;"" /></span>",6150269611,1,是Hannah啦-,213,16,f
4469294139787708,Fri Feb 07 11:30:20 +0800 2020,"<span class=""url-icon""><img alt=[心] src=""https://h5.sinaimg.cn/m/emoticon/icon/others/l_xin-6912791858.png"" 
                style=""width:1em; height:1em;"" /></span><span class=""url-icon""><img alt=[心] src=""https://h5.sinaimg.cn/m/emoticon/icon/others/l_xin-6912791858.png"" 
                style=""width:1em; height:1em;"" /></span><span class=""url-icon""><img alt=[蜡烛] src=""https://h5.sinaimg.cn/m/emoticon/icon/others/o_lazhu-6209fc6e73.png"" 
                style=""width:1em; height:1em;"" /></span><span class=""url-icon""><img alt=[蜡烛] src=""https://h5.sinaimg.cn/m/emoticon/icon/others/o_lazhu-6209fc6e73.png"" 
                style=""width:1em; height:1em;"" /></span><span class=""url-icon""><img alt=[蜡烛] src=""https://h5.sinaimg.cn/m/emoticon/icon/others/o_lazhu-6209fc6e73.png"" 
                style=""width:1em; height:1em;"" /></span><span class=""url-icon""><img alt=[蜡烛] src=""https://h5.sinaimg.cn/m/emoticon/icon/others/o_lazhu-6209fc6e73.png"" 
                style=""width:1em; height:1em;"" /></span>",7008194483,2,明尘31,101,7,m
4469297978175733,Fri Feb 07 11:45:36 +0800 2020,走好,3309009897,0,Karinehndbd,115,35,f
4469297734545199,Fri Feb 07 11:44:38 +0800 2020,"一路走好<span class=""url-icon""><img alt=[蜡烛] src=""https://h5.sinaimg.cn/m/emoticon/icon/others/o_lazhu-6209fc6e73.png"" 
                style=""width:1em; height:1em;"" /></span><span class=""url-icon""><img alt=[蜡烛] src=""https://h5.sinaimg.cn/m/emoticon/icon/others/o_lazhu-6209fc6e73.png"" 
                style=""width:1em; height:1em;"" /></span><span class=""url-icon""><img alt=[蜡烛] src=""https://h5.sinaimg.cn/m/emoticon/icon/others/o_lazhu-6209fc6e73.png"" 
                style=""width:1em; height:1em;"" /></span>",2110259903,0,当你发现时间是贼了丶,855,379,m
4469295444187523,Fri Feb 07 11:35:32 +0800 2020,"悲痛万分，李医生走好<span class=""url-icon""><img alt=[泪] src=""https://h5.sinaimg.cn/m/emoticon/icon/default/d_lei-1b4b02f8b1.png"" 
                style=""width:1em; height:1em;"" /></span><span class=""url-icon""><img alt=[泪] src=""https://h5.sinaimg.cn/m/emoticon/icon/default/d_lei-1b4b02f8b1.png"" 
                style=""width:1em; height:1em;"" /></span>",7351144906,1,January耶博,175,1061,f
4469295054146945,Fri Feb 07 11:33:59 +0800 2020,"英雄走好<span class=""url-icon""><img alt=[蜡烛] src=""https://h5.sinaimg.cn/m/emoticon/icon/others/o_lazhu-6209fc6e73.png"" 
                style=""width:1em; height:1em;"" /></span><span class=""url-icon""><img alt=[蜡烛] src=""https://h5.sinaimg.cn/m/emoticon/icon/others/o_lazhu-6209fc6e73.png"" 
                style=""width:1em; height:1em;"" /></span>",5570855545,0,尽揽山河_,62,51,f
4469295037302487,Fri Feb 07 11:33:54 +0800 2020,"一路走好<span class=""url-icon""><img alt=[失望] src=""https://h5.sinaimg.cn/m/emoticon/icon/default/d_shiwang-7925938d93.png"" 
                style=""width:1em; height:1em;"" /></span><span class=""url-icon""><img alt=[失望] src=""https://h5.sinaimg.cn/m/emoticon/icon/default/d_shiwang-7925938d93.png"" 
                style=""width:1em; height:1em;"" /></span><span class=""url-icon""><img alt=[失望] src=""https://h5.sinaimg.cn/m/emoticon/icon/default/d_shiwang-7925938d93.png"" 
                style=""width:1em; height:1em;"" /></span>。",7061329831,0,L心若向阳0无谓悲伤,76,29,f
4469294131910832,Fri Feb 07 11:30:18 +0800 2020,"<span class=""url-icon""><img alt=[蜡烛] src=""https://h5.sinaimg.cn/m/emoticon/icon/others/o_lazhu-6209fc6e73.png"" 
                style=""width:1em; height:1em;"" /></span><span class=""url-icon""><img alt=[蜡烛] src=""https://h5.sinaimg.cn/m/emoticon/icon/others/o_lazhu-6209fc6e73.png"" 
                style=""width:1em; height:1em;"" /></span><span class=""url-icon""><img alt=[蜡烛] src=""https://h5.sinaimg.cn/m/emoticon/icon/others/o_lazhu-6209fc6e73.png"" 
                style=""width:1em; height:1em;"" /></span><span class=""url-icon""><img alt=[蜡烛] src=""https://h5.sinaimg.cn/m/emoticon/icon/others/o_lazhu-6209fc6e73.png"" 
                style=""width:1em; height:1em;"" /></span><span class=""url-icon""><img alt=[蜡烛] src=""https://h5.sinaimg.cn/m/emoticon/icon/others/o_lazhu-6209fc6e73.png"" 
                style=""width:1em; height:1em;"" /></span>",2242920445,1,Carrie-秋颖,224,307,f
4469296065189941,Fri Feb 07 11:38:00 +0800 2020,"一路走好，李医生<span class=""url-icon""><img alt=[蜡烛] src=""https://h5.sinaimg.cn/m/emoticon/icon/others/o_lazhu-6209fc6e73.png"" 
                style=""width:1em; height:1em;"" /></span><span class=""url-icon""><img alt=[蜡烛] src=""https://h5.sinaimg.cn/m/emoticon/icon/others/o_lazhu-6209fc6e73.png"" 
                style=""width:1em; height:1em;"" /></span>心痛<span class=""url-icon""><img alt=[悲伤] src=""https://h5.sinaimg.cn/m/emoticon/icon/default/d_beishang-f8d6de06c8.png"" 
                style=""width:1em; height:1em;"" /></span><span class=""url-icon""><img alt=[悲伤] src=""https://h5.sinaimg.cn/m/emoticon/icon/default/d_beishang-f8d6de06c8.png"" 
                style=""width:1em; height:1em;"" /></span>",1872193681,1,slxp,417,714,f
4469294681708000,Fri Feb 07 11:32:30 +0800 2020,"致敬英雄<span class=""url-icon""><img alt=[蜡烛] src=""https://h5.sinaimg.cn/m/emoticon/icon/others/o_lazhu-6209fc6e73.png"" 
                style=""width:1em; height:1em;"" /></span><span class=""url-icon""><img alt=[蜡烛] src=""https://h5.sinaimg.cn/m/emoticon/icon/others/o_lazhu-6209fc6e73.png"" 
                style=""width:1em; height:1em;"" /></span><span class=""url-icon""><img alt=[蜡烛] src=""https://h5.sinaimg.cn/m/emoticon/icon/others/o_lazhu-6209fc6e73.png"" 
                style=""width:1em; height:1em;"" /></span>",6329001638,1,像鱼一样bling,92,1,f
4469293922489507,Fri Feb 07 11:29:29 +0800 2020,心痛，一路走好,7253913368,1,爱笑的小兔几365,17,6,f
4469295444176376,Fri Feb 07 11:35:31 +0800 2020,"<span class=""url-icon""><img alt=[伤心] src=""https://h5.sinaimg.cn/m/emoticon/icon/others/l_shangxin-934f730572.png"" 
                style=""width:1em; height:1em;"" /></span><span class=""url-icon""><img alt=[蜡烛] src=""https://h5.sinaimg.cn/m/emoticon/icon/others/o_lazhu-6209fc6e73.png"" 
                style=""width:1em; height:1em;"" /></span>",2172345570,2,HWQLG,331,92,m
4469293959587596,Fri Feb 07 11:29:38 +0800 2020,致敬好医生,6600577984,0,果儿宝85,85,11,f
4469293888602024,Fri Feb 07 11:29:20 +0800 2020,"心痛，致敬，一路走好<span class=""url-icon""><img alt=[蜡烛] src=""https://h5.sinaimg.cn/m/emoticon/icon/others/o_lazhu-6209fc6e73.png"" 
                style=""width:1em; height:1em;"" /></span>",2310603364,1,小桔子的,212,114,f
4469323575604206,Fri Feb 07 13:27:18 +0800 2020,致敬,7333879388,0,有爱有颜的小中医,466,1503,f
4469306940947417,Fri Feb 07 12:21:13 +0800 2020,"英雄，值得纪念<span class=""url-icon""><img alt=[鲜花] src=""https://h5.sinaimg.cn/m/emoticon/icon/others/w_xianhua-6efa26efdf.png"" 
                style=""width:1em; height:1em;"" /></span><span class=""url-icon""><img alt=[鲜花] src=""https://h5.sinaimg.cn/m/emoticon/icon/others/w_xianhua-6efa26efdf.png"" 
                style=""width:1em; height:1em;"" /></span><span class=""url-icon""><img alt=[鲜花] src=""https://h5.sinaimg.cn/m/emoticon/icon/others/w_xianhua-6efa26efdf.png"" 
                style=""width:1em; height:1em;"" /></span>",5119496926,0,弹手一指间,188,27,f
4469297952650249,Fri Feb 07 11:45:29 +0800 2020,"李医生，一路走好<span class=""url-icon""><img alt=[蜡烛] src=""https://h5.sinaimg.cn/m/emoticon/icon/others/o_lazhu-6209fc6e73.png"" 
                style=""width:1em; height:1em;"" /></span><span class=""url-icon""><img alt=[蜡烛] src=""https://h5.sinaimg.cn/m/emoticon/icon/others/o_lazhu-6209fc6e73.png"" 
                style=""width:1em; height:1em;"" /></span><span class=""url-icon""><img alt=[蜡烛] src=""https://h5.sinaimg.cn/m/emoticon/icon/others/o_lazhu-6209fc6e73.png"" 
                style=""width:1em; height:1em;"" /></span>",6933362734,0,蛋糕吃掉我,36,9,m
4469297135219862,Fri Feb 07 11:42:15 +0800 2020,致敬,6011310824,0,致远的主场,382,183,m
4469296934096424,Fri Feb 07 11:41:27 +0800 2020,"李医生一路走好<span class=""url-icon""><img alt=[蜡烛] src=""https://h5.sinaimg.cn/m/emoticon/icon/others/o_lazhu-6209fc6e73.png"" 
                style=""width:1em; height:1em;"" /></span><span class=""url-icon""><img alt=[蜡烛] src=""https://h5.sinaimg.cn/m/emoticon/icon/others/o_lazhu-6209fc6e73.png"" 
                style=""width:1em; height:1em;"" /></span><span class=""url-icon""><img alt=[蜡烛] src=""https://h5.sinaimg.cn/m/emoticon/icon/others/o_lazhu-6209fc6e73.png"" 
                style=""width:1em; height:1em;"" /></span><span class=""url-icon""><img alt=[蜡烛] src=""https://h5.sinaimg.cn/m/emoticon/icon/others/o_lazhu-6209fc6e73.png"" 
                style=""width:1em; height:1em;"" /></span><span class=""url-icon""><img alt=[蜡烛] src=""https://h5.sinaimg.cn/m/emoticon/icon/others/o_lazhu-6209fc6e73.png"" 
                style=""width:1em; height:1em;"" /></span>",2784218770,0,顺风而行的幸福,94,31,m
4469296900401030,Fri Feb 07 11:41:18 +0800 2020,"致敬<span class=""url-icon""><img alt=[蜡烛] src=""https://h5.sinaimg.cn/m/emoticon/icon/others/o_lazhu-6209fc6e73.png"" 
                style=""width:1em; height:1em;"" /></span><span class=""url-icon""><img alt=[蜡烛] src=""https://h5.sinaimg.cn/m/emoticon/icon/others/o_lazhu-6209fc6e73.png"" 
                style=""width:1em; height:1em;"" /></span><span class=""url-icon""><img alt=[蜡烛] src=""https://h5.sinaimg.cn/m/emoticon/icon/others/o_lazhu-6209fc6e73.png"" 
                style=""width:1em; height:1em;"" /></span>",6028006015,0,King丨狂煞97985,78,2,m
4469296866484605,Fri Feb 07 11:41:11 +0800 2020,一路走好，李医生,6220438856,1,猪猪玲珑紫萱,56,3,f
4469296514260304,Fri Feb 07 11:39:46 +0800 2020,"英雄走好<span class=""url-icon""><img alt=[蜡烛] src=""https://h5.sinaimg.cn/m/emoticon/icon/others/o_lazhu-6209fc6e73.png"" 
                style=""width:1em; height:1em;"" /></span><span class=""url-icon""><img alt=[蜡烛] src=""https://h5.sinaimg.cn/m/emoticon/icon/others/o_lazhu-6209fc6e73.png"" 
                style=""width:1em; height:1em;"" /></span><span class=""url-icon""><img alt=[蜡烛] src=""https://h5.sinaimg.cn/m/emoticon/icon/others/o_lazhu-6209fc6e73.png"" 
                style=""width:1em; height:1em;"" /></span>",5050957608,1,下一个明天另一个我20010130,87,27,f
