﻿4484282179799652,Thu Mar 19 20:07:28 +0800 2020,相信祖国！李医生走好！,5839506982,140,volkno,68,162,f
4484282229487973,Thu Mar 19 20:07:39 +0800 2020,支持！有些人就是故意带节奏,6185861332,106,幻觉欢笑声,97,1243,m
4484283282850789,Thu Mar 19 20:11:50 +0800 2020,"最后一段说的好<span class=""url-icon""><img alt=[good] src=""https://h5.sinaimg.cn/m/emoticon/icon/others/h_good-644bcfa993.png"" 
                style=""width:1em; height:1em;"" /></span>李医生的白大褂上都戴着党徽。",6236047322,79,炸酱面非常好吃,1131,84,m
4484282724227066,Thu Mar 19 20:09:38 +0800 2020,"相信党，支持，愿李医生一路走好<span class=""url-icon""><img alt=[蜡烛] src=""https://h5.sinaimg.cn/m/emoticon/icon/others/o_lazhu-6209fc6e73.png"" 
                style=""width:1em; height:1em;"" /></span><span class=""url-icon""><img alt=[蜡烛] src=""https://h5.sinaimg.cn/m/emoticon/icon/others/o_lazhu-6209fc6e73.png"" 
                style=""width:1em; height:1em;"" /></span><span class=""url-icon""><img alt=[蜡烛] src=""https://h5.sinaimg.cn/m/emoticon/icon/others/o_lazhu-6209fc6e73.png"" 
                style=""width:1em; height:1em;"" /></span>",3871927316,53,执念是滑雪双综你警我匪,298,648,f
4484282598536737,Thu Mar 19 20:09:08 +0800 2020,"相信中央的调查，李文亮医生走好<span class=""url-icon""><img alt=[蜡烛] src=""https://h5.sinaimg.cn/m/emoticon/icon/others/o_lazhu-6209fc6e73.png"" 
                style=""width:1em; height:1em;"" /></span><span class=""url-icon""><img alt=[蜡烛] src=""https://h5.sinaimg.cn/m/emoticon/icon/others/o_lazhu-6209fc6e73.png"" 
                style=""width:1em; height:1em;"" /></span><span class=""url-icon""><img alt=[蜡烛] src=""https://h5.sinaimg.cn/m/emoticon/icon/others/o_lazhu-6209fc6e73.png"" 
                style=""width:1em; height:1em;"" /></span>",6650694358,46,滚石观世界,49,82,f
4484282132835617,Thu Mar 19 20:07:17 +0800 2020,支持！,1675044574,40,安居夫人安伊琳,1046,2826,f
4484285040347094,Thu Mar 19 20:18:49 +0800 2020,调查报告公开、透明、公正，支持国家调查结果。李医生一路走好！,3104946713,37,绿松石说,1574,317760,m
4484282263646599,Thu Mar 19 20:07:48 +0800 2020,"相信国家<span class=""url-icon""><img alt=[赞] src=""https://h5.sinaimg.cn/m/emoticon/icon/others/h_zan-e3d1e596da.png"" 
                style=""width:1em; height:1em;"" /></span>",5839506982,34,volkno,68,162,f
4484282543983717,Thu Mar 19 20:08:55 +0800 2020,相信国家的调查，文亮医生可以安心了，我们每个人都会记得他的[加油],5832691217,31,你的药笺,88,45,f
4484282070365661,Thu Mar 19 20:07:02 +0800 2020,安息吧…,6230744110,21,郑同学少年,61,30,f
4484284993322108,Thu Mar 19 20:18:39 +0800 2020,李文亮医生有关情况调查通报    这个采访更清楚事实！请不要过于阴谋论。,2691108441,19,大秦·鞅雪,172,44127,f
4484284222329683,Thu Mar 19 20:15:35 +0800 2020,来龙去脉说的很详细，安息吧！,5666644492,19,一个不愿意透露姓名的妇女主任,286,2683,f
4484282237754720,Thu Mar 19 20:07:41 +0800 2020,坚决支持国家调查组的结果！,5068578084,16,草原夜色之光,397,119,m
4484282641213305,Thu Mar 19 20:09:18 +0800 2020,"李医生您走好<span class=""url-icon""><img alt=[蜡烛] src=""https://h5.sinaimg.cn/m/emoticon/icon/others/o_lazhu-6209fc6e73.png"" 
                style=""width:1em; height:1em;"" /></span><span class=""url-icon""><img alt=[蜡烛] src=""https://h5.sinaimg.cn/m/emoticon/icon/others/o_lazhu-6209fc6e73.png"" 
                style=""width:1em; height:1em;"" /></span><span class=""url-icon""><img alt=[蜡烛] src=""https://h5.sinaimg.cn/m/emoticon/icon/others/o_lazhu-6209fc6e73.png"" 
                style=""width:1em; height:1em;"" /></span><span class=""url-icon""><img alt=[蜡烛] src=""https://h5.sinaimg.cn/m/emoticon/icon/others/o_lazhu-6209fc6e73.png"" 
                style=""width:1em; height:1em;"" /></span><span class=""url-icon""><img alt=[蜡烛] src=""https://h5.sinaimg.cn/m/emoticon/icon/others/o_lazhu-6209fc6e73.png"" 
                style=""width:1em; height:1em;"" /></span><span class=""url-icon""><img alt=[蜡烛] src=""https://h5.sinaimg.cn/m/emoticon/icon/others/o_lazhu-6209fc6e73.png"" 
                style=""width:1em; height:1em;"" /></span><span class=""url-icon""><img alt=[蜡烛] src=""https://h5.sinaimg.cn/m/emoticon/icon/others/o_lazhu-6209fc6e73.png"" 
                style=""width:1em; height:1em;"" /></span><span class=""url-icon""><img alt=[蜡烛] src=""https://h5.sinaimg.cn/m/emoticon/icon/others/o_lazhu-6209fc6e73.png"" 
                style=""width:1em; height:1em;"" /></span><span class=""url-icon""><img alt=[蜡烛] src=""https://h5.sinaimg.cn/m/emoticon/icon/others/o_lazhu-6209fc6e73.png"" 
                style=""width:1em; height:1em;"" /></span><span class=""url-icon""><img alt=[蜡烛] src=""https://h5.sinaimg.cn/m/emoticon/icon/others/o_lazhu-6209fc6e73.png"" 
                style=""width:1em; height:1em;"" /></span>",2294220693,13,鄂尔多斯日报,726,281466,m
4484282761896301,Thu Mar 19 20:09:46 +0800 2020,相信国家监委,6138120811,12,母牛坐飞机,89,46,m
4484283818918694,Thu Mar 19 20:13:59 +0800 2020,调查让人们清楚事实真相，相信党和国家，李医生一路走好。,3204330515,12,瞎猜新闻,448,69,f
4484282099363324,Thu Mar 19 20:07:09 +0800 2020,好，严查。,5942005808,9,二分糖,643,2082,f
4484282237748375,Thu Mar 19 20:07:41 +0800 2020,辛苦了,6247482973,8,圈内娱乐组,1189,40707,m
4484282384584273,Thu Mar 19 20:08:17 +0800 2020,"致敬李文亮<span class=""url-icon""><img alt=[蜡烛] src=""https://h5.sinaimg.cn/m/emoticon/icon/others/o_lazhu-6209fc6e73.png"" 
                style=""width:1em; height:1em;"" /></span>",1966245651,4,咖啡神油,1272,12698,m
4484282431323228,Thu Mar 19 20:08:27 +0800 2020,严查,5393143780,5,是我的王一博哟,239,13,f
4484283207103884,Thu Mar 19 20:11:33 +0800 2020,支持！辛苦啦,5851971686,2,XL牛奶MW,713,1074,f
4484283139624699,Thu Mar 19 20:11:17 +0800 2020,相信你们,5370605523,2,LJY_梁,328,269,f
4484282963434623,Thu Mar 19 20:10:35 +0800 2020,加油中国,7047668149,4,武汉楼市探秘,134,2621,m
4484282347461584,Thu Mar 19 20:08:07 +0800 2020,"李医生辛苦了<span class=""url-icon""><img alt=[蜡烛] src=""https://h5.sinaimg.cn/m/emoticon/icon/others/o_lazhu-6209fc6e73.png"" 
                style=""width:1em; height:1em;"" /></span>",7062073862,3,_夏日船底星,118,1111,m
4484282443339999,Thu Mar 19 20:08:31 +0800 2020,辛苦了,6557095877,6,-永猪小仙女,67,6,f
4484282439773322,Thu Mar 19 20:08:30 +0800 2020,支持,2956965985,5,北海_无冰,66,111,m
4484284783533224,Thu Mar 19 20:17:48 +0800 2020,"<span class=""url-icon""><img alt=[蜡烛] src=""https://h5.sinaimg.cn/m/emoticon/icon/others/o_lazhu-6209fc6e73.png"" 
                style=""width:1em; height:1em;"" /></span>",5792686649,3,_清风风,281,258,f
4484284339239834,Thu Mar 19 20:16:03 +0800 2020,"<span class=""url-icon""><img alt=[蜡烛] src=""https://h5.sinaimg.cn/m/emoticon/icon/others/o_lazhu-6209fc6e73.png"" 
                style=""width:1em; height:1em;"" /></span><span class=""url-icon""><img alt=[蜡烛] src=""https://h5.sinaimg.cn/m/emoticon/icon/others/o_lazhu-6209fc6e73.png"" 
                style=""width:1em; height:1em;"" /></span><span class=""url-icon""><img alt=[蜡烛] src=""https://h5.sinaimg.cn/m/emoticon/icon/others/o_lazhu-6209fc6e73.png"" 
                style=""width:1em; height:1em;"" /></span>",2604664902,2,希希叻,355,356,f
4484284331433882,Thu Mar 19 20:16:01 +0800 2020,好人一生平安一路走好，愿他的父母身体健康！,7281626814,2,大米66666666,170,28,f
4484282989012721,Thu Mar 19 20:10:41 +0800 2020,"安息吧！<span class=""url-icon""><img alt=[蜡烛] src=""https://h5.sinaimg.cn/m/emoticon/icon/others/o_lazhu-6209fc6e73.png"" 
                style=""width:1em; height:1em;"" /></span>",5386844830,1,晗嫣秋叶,4797,31847,f
4484285349871014,Thu Mar 19 20:20:04 +0800 2020,"相信中央的调查，李医生安息吧<span class=""url-icon""><img alt=[蜡烛] src=""https://h5.sinaimg.cn/m/emoticon/icon/others/o_lazhu-6209fc6e73.png"" 
                style=""width:1em; height:1em;"" /></span>",6016283652,3,去拥抱暖风5201314,24,6,f
4484284930956830,Thu Mar 19 20:18:24 +0800 2020,相信国家调查组,2364459567,2,飞行小鱼儿forever,46,81,f
4484284787754334,Thu Mar 19 20:17:50 +0800 2020,实事求是 水落石出！,6512814709,2,一叶9997,101,3,f
4484282905198944,Thu Mar 19 20:10:21 +0800 2020,坚决拥护中央一切调查结果！,5448548534,5,桃子会有小猫咪的,72,100,m
4484285027406343,Thu Mar 19 20:18:47 +0800 2020,"一路走好<span class=""url-icon""><img alt=[蜡烛] src=""https://h5.sinaimg.cn/m/emoticon/icon/others/o_lazhu-6209fc6e73.png"" 
                style=""width:1em; height:1em;"" /></span>",6751128073,0,一千零十九颗星,121,262,f
4484284356099462,Thu Mar 19 20:16:07 +0800 2020,逝者安息 悲剧不要再上演了,5401726126,2,一个无人问津的符号,225,82,m
4484284339075506,Thu Mar 19 20:16:02 +0800 2020,"中国<span class=""url-icon""><img alt=[心] src=""https://h5.sinaimg.cn/m/emoticon/icon/others/l_xin-6912791858.png"" 
                style=""width:1em; height:1em;"" /></span>",1802010304,0,改名啦改名啦176,113,324,f
4484284238585686,Thu Mar 19 20:15:39 +0800 2020,相信国家，李医生一路走好！,6334769053,0,边走边爱WJK,59,77,f
4484283966660551,Thu Mar 19 20:14:33 +0800 2020,安息,1829864910,0,Rosa楚楚,88,86,f
4484283881878517,Thu Mar 19 20:14:13 +0800 2020,相信调查结果，看来医院确实尽力抢救了，李医生一路走好,6673448907,0,郭林墨,106,8,m
4484283823513247,Thu Mar 19 20:13:59 +0800 2020,坚决支持调查组的调查结果。,1888320885,0,凉凉的任性,61,57,m
4484283777495289,Thu Mar 19 20:13:49 +0800 2020,"相信国家<span class=""url-icon""><img alt=[心] src=""https://h5.sinaimg.cn/m/emoticon/icon/others/l_xin-6912791858.png"" 
                style=""width:1em; height:1em;"" /></span>",6976021363,0,婴婴捉小机,359,41,f
4484283744024087,Thu Mar 19 20:13:41 +0800 2020,"相信党和政府的调查结果，李文亮前辈安息<span class=""url-icon""><img alt=[悲伤] src=""https://h5.sinaimg.cn/m/emoticon/icon/default/d_beishang-f8d6de06c8.png"" 
                style=""width:1em; height:1em;"" /></span>",5431577887,0,微笑的甘露醇,171,183,m
4484283173587663,Thu Mar 19 20:11:24 +0800 2020,支持,3852040663,0,199329暗色,249,95,f
4484282657830737,Thu Mar 19 20:09:22 +0800 2020,安息,2619775215,0,鸠摩愚,523,420,m
4484282648960080,Thu Mar 19 20:09:20 +0800 2020,"严查，安息<span class=""url-icon""><img alt=[蜡烛] src=""https://h5.sinaimg.cn/m/emoticon/icon/others/o_lazhu-6209fc6e73.png"" 
                style=""width:1em; height:1em;"" /></span>",6028688221,3,不知道的名字0,100,76,m
4484284784203218,Thu Mar 19 20:17:48 +0800 2020,相信祖国！李医生安息吧！,5873206707,7,陌上青草-青,186,32,m
