﻿4469369717571710,Fri Feb 07 16:30:40 +0800 2020,"给国家一点时间，给正义一点时间<a  href=""https://m.weibo.cn/search?containerid=231522type%3D1%26t%3D10%26q%3D%23%E5%9B%BD%E5%AE%B6%E7%9B%91%E5%A7%94%E6%B4%BE%E8%B0%83%E6%9F%A5%E7%BB%84%E8%B0%83%E6%9F%A5%E6%9D%8E%E6%96%87%E4%BA%AE%E9%97%AE%E9%A2%98%23&extparam=%23%E5%9B%BD%E5%AE%B6%E7%9B%91%E5%A7%94%E6%B4%BE%E8%B0%83%E6%9F%A5%E7%BB%84%E8%B0%83%E6%9F%A5%E6%9D%8E%E6%96%87%E4%BA%AE%E9%97%AE%E9%A2%98%23"" data-hide=""""><span class=""surl-text"">#国家监委派调查组调查李文亮问题#</span></a>",2287027243,28310,兹拉坦zlatanera,287,128,m
4469369726269092,Fri Feb 07 16:30:42 +0800 2020,相信国家,3154823391,13770,--孙宇--,287,3835,m
4469370023637950,Fri Feb 07 16:31:53 +0800 2020,所有美好的善意都应该被善良对待！,2093269175,12243,我觉得头像应该霸气,301,1910,m
4469370048872018,Fri Feb 07 16:31:58 +0800 2020,希望能公平正义,2619059211,7424,远望的苍茫,134,50,f
4469369469640626,Fri Feb 07 16:29:41 +0800 2020,好的！！！,1673490421,5884,小笼女阿狸柯丝,1837,404,f
4469369990333121,Fri Feb 07 16:31:44 +0800 2020,正义一定会到来的！,2128258684,4733,刘咕咕不是咕咕咕,71,157,f
4469369998210566,Fri Feb 07 16:31:47 +0800 2020,希望给个真相。,2184086583,4550,雲淡風輕_iris,482,210,f
4469370547895382,Fri Feb 07 16:33:58 +0800 2020,国家大事面前，所有人都在奋力战疫，但是也会有人不守规矩，希望国家组织能够关注到基层，从小事监管,3816484031,4120,火华f,268,217,m
4469370547898233,Fri Feb 07 16:33:58 +0800 2020,我还是选择相信国家,5982076970,2985,天蝎座tfgfdfg775,98,60,f
4469372389644933,Fri Feb 07 16:41:17 +0800 2020,相信国家，不被带节奏，也不给祖国添麻烦,3180830407,2504,顺遂平安6666666,466,113,f
4469369977711350,Fri Feb 07 16:31:41 +0800 2020,相信国家,5478772328,2268,aeecho,138,35,f
4469370501882886,Fri Feb 07 16:33:47 +0800 2020,永远相信祖国！我永远爱我的祖国！,5196908331,2269,XKY四叶草同在,608,66,f
4469370548347988,Fri Feb 07 16:33:57 +0800 2020,我相信我大中国！🇨🇳,5601897385,1257,与所爱之人共寻一次涅槃,219,604,f
4469370560968594,Fri Feb 07 16:34:00 +0800 2020,希望公平公正，实事求是,5740559121,1033,小西哟365,74,19,f
4469369990338191,Fri Feb 07 16:31:45 +0800 2020,好样的，👍,2630176761,929,pigpig飞,715,273,m
4469369973224592,Fri Feb 07 16:31:41 +0800 2020,支持！,1700009734,767,有恃无恐5190,47,36,m
4469370476332834,Fri Feb 07 16:33:41 +0800 2020,我们只要真相,1349565943,840,拥抱月亮的太阳SP,270,220,m
4469370560715115,Fri Feb 07 16:34:00 +0800 2020,"干得漂亮！支持！<span class=""url-icon""><img alt=[心] src=""https://h5.sinaimg.cn/m/emoticon/icon/others/l_xin-6912791858.png"" 
                style=""width:1em; height:1em;"" /></span>",5800745157,694,我们家丸子happy,1007,138,f
4469370447137949,Fri Feb 07 16:33:34 +0800 2020,静等真相和正义大白于天下,6361317755,725,筱_叶籽,185,64,f
4469375619059565,Fri Feb 07 16:54:07 +0800 2020,"感动<span class=""url-icon""><img alt=[泪] src=""https://h5.sinaimg.cn/m/emoticon/icon/default/d_lei-1b4b02f8b1.png"" 
                style=""width:1em; height:1em;"" /></span>国家还是站在老百姓这边的，爱我中华，中国加油<span class=""url-icon""><img alt=[中国赞] src=""https://h5.sinaimg.cn/m/emoticon/icon/others/d_chnlike-2c6f482dac.png"" 
                style=""width:1em; height:1em;"" /></span>",5221340010,697,渺小不小FFC,591,81,f
4469375618435951,Fri Feb 07 16:54:07 +0800 2020,正义可能会迟到！但永远不会缺席,5908013551,637,叫我谢麻麻,269,15,f
4469370497666805,Fri Feb 07 16:33:45 +0800 2020,好好好好好好好好好好好好好好好好好好好好好好好好好好好好好好好好好好好好,5466696020,359,永远的普罗旺斯520,82,35,m
4469370464013516,Fri Feb 07 16:33:37 +0800 2020,相信你们，等你们消息！,5599939883,328,不可食用氯化钠,409,374,f
4469370467909735,Fri Feb 07 16:33:38 +0800 2020,相信国家！,6071470381,305,JM_67,195,19,f
4469370476643031,Fri Feb 07 16:33:41 +0800 2020,相信国家，祖国加油，武汉加油,3180830407,294,顺遂平安6666666,466,113,f
4469370463541515,Fri Feb 07 16:33:38 +0800 2020,"我爱中国<span class=""url-icon""><img alt=[心] src=""https://h5.sinaimg.cn/m/emoticon/icon/others/l_xin-6912791858.png"" 
                style=""width:1em; height:1em;"" /></span>",5597649723,249,真的是天使呀,1896,206,f
4469372511044730,Fri Feb 07 16:41:46 +0800 2020,"感动！相信祖国！！<span class=""url-icon""><img alt=[good] src=""https://h5.sinaimg.cn/m/emoticon/icon/others/h_good-644bcfa993.png"" 
                style=""width:1em; height:1em;"" /></span><span class=""url-icon""><img alt=[good] src=""https://h5.sinaimg.cn/m/emoticon/icon/others/h_good-644bcfa993.png"" 
                style=""width:1em; height:1em;"" /></span>",3118399327,214,凉忆0,62,12,f
4469376349082678,Fri Feb 07 16:57:00 +0800 2020,"相信国家 正义也许会迟到 但绝不会缺席！ <span class=""url-icon""><img alt=[悲伤] src=""https://h5.sinaimg.cn/m/emoticon/icon/default/d_beishang-f8d6de06c8.png"" 
                style=""width:1em; height:1em;"" /></span><span class=""url-icon""><img alt=[悲伤] src=""https://h5.sinaimg.cn/m/emoticon/icon/default/d_beishang-f8d6de06c8.png"" 
                style=""width:1em; height:1em;"" /></span><span class=""url-icon""><img alt=[悲伤] src=""https://h5.sinaimg.cn/m/emoticon/icon/default/d_beishang-f8d6de06c8.png"" 
                style=""width:1em; height:1em;"" /></span>",5745392084,202,小熊惠宁,37,1061,f
4469370447637930,Fri Feb 07 16:33:34 +0800 2020,支持,3430034612,137,木白的菜小菜,827,476,f
4469375484392310,Fri Feb 07 16:53:35 +0800 2020,李文亮医生一路走好,2973320567,171,Haizhiyu,411,1459,f
4469373522010868,Fri Feb 07 16:45:47 +0800 2020,"我们国家怎么那么帅<span class=""url-icon""><img alt=[爱你] src=""https://h5.sinaimg.cn/m/emoticon/icon/default/d_aini-4a23c0524a.png"" 
                style=""width:1em; height:1em;"" /></span>",2829940380,113,假如都有表情,129,302,f
4469372418384724,Fri Feb 07 16:41:24 +0800 2020,严查,6111377947,135,蓝莓小姐_129,303,60,f
4469370510295182,Fri Feb 07 16:33:49 +0800 2020,好好好！！！,5970508126,94,一分钟热度sun,134,12,m
4469376285853255,Fri Feb 07 16:56:46 +0800 2020,查他丫的！,3627936443,96,绾青丝sj,83,127,f
4469377883304589,Fri Feb 07 17:03:07 +0800 2020,"正义不会缺席  英雄一路好走 愿早日还李医生一个公道 相信国家  相信正义<span class=""url-icon""><img alt=[心] src=""https://h5.sinaimg.cn/m/emoticon/icon/others/l_xin-6912791858.png"" 
                style=""width:1em; height:1em;"" /></span><span class=""url-icon""><img alt=[心] src=""https://h5.sinaimg.cn/m/emoticon/icon/others/l_xin-6912791858.png"" 
                style=""width:1em; height:1em;"" /></span><span class=""url-icon""><img alt=[心] src=""https://h5.sinaimg.cn/m/emoticon/icon/others/l_xin-6912791858.png"" 
                style=""width:1em; height:1em;"" /></span>",6000736610,99,雅文love篮球,37,165,f
4469373693402612,Fri Feb 07 16:46:28 +0800 2020,"相信国家 正义不会缺席<span class=""url-icon""><img alt=[good] src=""https://h5.sinaimg.cn/m/emoticon/icon/others/h_good-644bcfa993.png"" 
                style=""width:1em; height:1em;"" /></span>",7262724453,82,与轩欢喜,180,10249,f
4469370464014713,Fri Feb 07 16:33:38 +0800 2020,棒！,3992191037,62,兜兜转转转转兜兜xyy,219,124,f
4469373677133610,Fri Feb 07 16:46:24 +0800 2020,"相信我们的阿中哥哥<span class=""url-icon""><img alt=[心] src=""https://h5.sinaimg.cn/m/emoticon/icon/others/l_xin-6912791858.png"" 
                style=""width:1em; height:1em;"" /></span>",5634701851,64,M她喜欢蓝色,132,76,f
4469375505425397,Fri Feb 07 16:53:39 +0800 2020,"好！！！<span class=""url-icon""><img alt=[泪] src=""https://h5.sinaimg.cn/m/emoticon/icon/default/d_lei-1b4b02f8b1.png"" 
                style=""width:1em; height:1em;"" /></span>感动得有点想哭",6904532578,70,天天牙飒飒,442,95,f
4469370493469633,Fri Feb 07 16:33:45 +0800 2020,"好<span class=""url-icon""><img alt=[good] src=""https://h5.sinaimg.cn/m/emoticon/icon/others/h_good-644bcfa993.png"" 
                style=""width:1em; height:1em;"" /></span>",5452376991,50,花瓣雪飘,43,56,f
4469370523110878,Fri Feb 07 16:33:52 +0800 2020,相信正义总会来临！,1991709411,77,----daydream,359,180,f
4469372506512707,Fri Feb 07 16:41:45 +0800 2020,拥护祖国   希望给一个交待,5339792683,63,达莎_74603,446,109,f
4469372506184505,Fri Feb 07 16:41:45 +0800 2020,拭目以待,2178427150,57,我si余欢水,27,374,m
4469376243511272,Fri Feb 07 16:56:35 +0800 2020,"达康书记<span class=""url-icon""><img alt=[作揖] src=""https://h5.sinaimg.cn/m/emoticon/icon/others/h_zuoyi-cb12e18fd5.png"" 
                style=""width:1em; height:1em;"" /></span>",5806546071,48,上山打老虎呀嘿哦,506,200,f
4469373613993887,Fri Feb 07 16:46:09 +0800 2020,"实事求是 相信国家<span class=""url-icon""><img alt=[心] src=""https://h5.sinaimg.cn/m/emoticon/icon/others/l_xin-6912791858.png"" 
                style=""width:1em; height:1em;"" /></span>",5826342111,43,是是是是24号的小朋友呐,344,141,f
4469377669307135,Fri Feb 07 17:02:15 +0800 2020,能调查就是好事,7004716866,42,你如阳光般耀眼j,46,6,m
4469375526159578,Fri Feb 07 16:53:45 +0800 2020,相信国家 正义一定会来,1292567765,40,IOICY,1439,1230,f
4469377996606785,Fri Feb 07 17:03:34 +0800 2020,相信国家，我们要真相🙏,2610329401,30,许小枕儿,983,244,f
4469370468221685,Fri Feb 07 16:33:38 +0800 2020,"<span class=""url-icon""><img alt=[good] src=""https://h5.sinaimg.cn/m/emoticon/icon/others/h_good-644bcfa993.png"" 
                style=""width:1em; height:1em;"" /></span>",2833780604,19,伟伟ye0729,277,86,f
4469370455128350,Fri Feb 07 16:33:36 +0800 2020,不错,1676358057,19,左撇子abc,157,172,m
4469377891714847,Fri Feb 07 17:03:09 +0800 2020,正义终将战胜邪恶,1700590507,33,指尖留惗,237,264,m
4469375627468074,Fri Feb 07 16:54:09 +0800 2020,相信国家,5393384346,15,王思瑾T_,392,248,f
4469376243516913,Fri Feb 07 16:56:36 +0800 2020,就是好想哭,6766191731,26,MIC萤,131,54,f
4469375627271835,Fri Feb 07 16:54:08 +0800 2020,希望正义到达人心！从不缺席！,1783994167,25,PinkoKat_W,1000,1242,f
4469373504905647,Fri Feb 07 16:45:43 +0800 2020,相信国家！,5175783155,17,肖一团想要小饼干o_-,485,1468,f
4469373534344277,Fri Feb 07 16:45:49 +0800 2020,相信真相即将到来,1942425022,25,Mr_武毅,252,169,m
4469377615709333,Fri Feb 07 17:02:03 +0800 2020,望国家能公平正义,5387687186,18,林兮兮6,142,8,m
4469373534627612,Fri Feb 07 16:45:49 +0800 2020,正义不会迟到,1871021844,14,琳keke,167,383,f
4469376331883243,Fri Feb 07 16:56:57 +0800 2020,相信国家,2806130342,8,topsehunnie,417,346,f
4469373647938751,Fri Feb 07 16:46:16 +0800 2020,希望公正！,2388437624,11,鹿小猴_,156,239,f
4469376340032417,Fri Feb 07 16:56:59 +0800 2020,相信国家,5382674635,8,王阿蒙蒙,703,231,f
4469376281754605,Fri Feb 07 16:56:45 +0800 2020,"图片评论 <a data-url=""http://t.cn/EKW0qQc"" href=""https://wx4.sinaimg.cn/large/86578e4dly1fzf5ch2gkgg206n06n40t.gif"" data-hide=""""><span class='url-icon'><img style='width: 1rem;height: 1rem' src='https://h5.sinaimg.cn/upload/2015/01/21/20/timeline_card_small_photo_default.png'></span><span class=""surl-text"">评论配图</span></a>",5641303538,7,王凯同学,191,137,m
4469377950916562,Fri Feb 07 17:03:23 +0800 2020,相信国家⛽️,1411714257,11,红红juddy_yao,609,218,f
4469376273591816,Fri Feb 07 16:56:43 +0800 2020,相信正义,2409528654,8,树莓辣子鸡,100,31,f
4469375514382580,Fri Feb 07 16:53:42 +0800 2020,相信祖国 期待真相大白的到来,5894929501,15,逢晓师ya,36,40,f
4469377946390734,Fri Feb 07 17:03:22 +0800 2020,"哇，想哭<span class=""url-icon""><img alt=[泪] src=""https://h5.sinaimg.cn/m/emoticon/icon/default/d_lei-1b4b02f8b1.png"" 
                style=""width:1em; height:1em;"" /></span><span class=""url-icon""><img alt=[泪] src=""https://h5.sinaimg.cn/m/emoticon/icon/default/d_lei-1b4b02f8b1.png"" 
                style=""width:1em; height:1em;"" /></span><span class=""url-icon""><img alt=[泪] src=""https://h5.sinaimg.cn/m/emoticon/icon/default/d_lei-1b4b02f8b1.png"" 
                style=""width:1em; height:1em;"" /></span><span class=""url-icon""><img alt=[泪] src=""https://h5.sinaimg.cn/m/emoticon/icon/default/d_lei-1b4b02f8b1.png"" 
                style=""width:1em; height:1em;"" /></span><span class=""url-icon""><img alt=[泪] src=""https://h5.sinaimg.cn/m/emoticon/icon/default/d_lei-1b4b02f8b1.png"" 
                style=""width:1em; height:1em;"" /></span>",3070961191,13,沙雕BonnieBennett,226,184,f
4469377623296512,Fri Feb 07 17:02:05 +0800 2020,"相信国家<span class=""url-icon""><img alt=[心] src=""https://h5.sinaimg.cn/m/emoticon/icon/others/l_xin-6912791858.png"" 
                style=""width:1em; height:1em;"" /></span>",5538240339,6,暖光Warmlight-,221,75,m
4469373550878755,Fri Feb 07 16:45:54 +0800 2020,正义！！！,6484815975,8,被承包的老猪佩奇7,766,55,f
4469377976470721,Fri Feb 07 17:03:28 +0800 2020,相信祖国,2914101723,6,Matheali,303,91,f
4469375493343559,Fri Feb 07 16:53:37 +0800 2020,好的,1854002313,3,mjiao夜半,129,1107,f
4469375484775736,Fri Feb 07 16:53:35 +0800 2020,"<span class=""url-icon""><img alt=[拳头] src=""https://h5.sinaimg.cn/m/emoticon/icon/others/h_quantou-0a4441543d.png"" 
                style=""width:1em; height:1em;"" /></span>",7348057006,2,斯人若彩虹en,69,12,f
4469373622702176,Fri Feb 07 16:46:11 +0800 2020,希望正义快到来,5186809355,9,HL斌珊,621,87,f
4469372381226554,Fri Feb 07 16:41:15 +0800 2020,正义一定会来,3996129070,8,忆姝来了,75,105,f
4469377670141366,Fri Feb 07 17:02:15 +0800 2020,正义一定要到来！！,5374775052,9,易yee烊烊万福,455,206,f
4469377669550216,Fri Feb 07 17:02:15 +0800 2020,"加油，我的国<span class=""url-icon""><img alt=[心] src=""https://h5.sinaimg.cn/m/emoticon/icon/others/l_xin-6912791858.png"" 
                style=""width:1em; height:1em;"" /></span>",5660529257,10,向前冲的小肉萌,105,57,f
4469377611232707,Fri Feb 07 17:02:02 +0800 2020,太好了！！相信国家 ！,7217670337,7,和你相遇如某日奇遇星球,309,242,f
4469372481263854,Fri Feb 07 16:41:39 +0800 2020,真相。一定会公平的,5724590124,13,喊我兴夫人,129,75,f
4469370464470119,Fri Feb 07 16:33:38 +0800 2020,给个真相,6004850708,18,ls驴子,90,72,f
4469376260348384,Fri Feb 07 16:56:40 +0800 2020,会一直关注，相信国家，相信正义,6971691852,8,许小花775,122,0,f
4469375497393657,Fri Feb 07 16:53:38 +0800 2020,严查,6320308177,14,Jiangcheung,79,1,f
4469375484389860,Fri Feb 07 16:53:35 +0800 2020,相信国家！相信正义！,5999999679,7,H_阳yang,155,156,f
4469372398050497,Fri Feb 07 16:41:19 +0800 2020,等结果,6798433783,16,大中小二,85,2,m
4469372397046342,Fri Feb 07 16:41:18 +0800 2020,支持！,6064178910,5,JL的花花,136,31,m
4469377712214869,Fri Feb 07 17:02:25 +0800 2020,"支持！<span class=""url-icon""><img alt=[good] src=""https://h5.sinaimg.cn/m/emoticon/icon/others/h_good-644bcfa993.png"" 
                style=""width:1em; height:1em;"" /></span><span class=""url-icon""><img alt=[good] src=""https://h5.sinaimg.cn/m/emoticon/icon/others/h_good-644bcfa993.png"" 
                style=""width:1em; height:1em;"" /></span>",1935494231,6,最美壳壳,181,349,f
4469377564903378,Fri Feb 07 17:01:51 +0800 2020,相信国家！,1798673870,5,山崎橙子君,162,178,f
4469376230780268,Fri Feb 07 16:56:33 +0800 2020,相信国家！！！,6102762956,5,LeiY05,96,71,m
4469375501597020,Fri Feb 07 16:53:39 +0800 2020,相信国家,5726135915,5,少女你可得劲练琴吧,104,31,f
4469373693953536,Fri Feb 07 16:46:28 +0800 2020,"<span class=""url-icon""><img alt=[心] src=""https://h5.sinaimg.cn/m/emoticon/icon/others/l_xin-6912791858.png"" 
                style=""width:1em; height:1em;"" /></span><span class=""url-icon""><img alt=[心] src=""https://h5.sinaimg.cn/m/emoticon/icon/others/l_xin-6912791858.png"" 
                style=""width:1em; height:1em;"" /></span>",2008739641,3,齐木楠雄的街机游戏棒,110,117,f
4469373537993159,Fri Feb 07 16:45:51 +0800 2020,"<span class=""url-icon""><img alt=[good] src=""https://h5.sinaimg.cn/m/emoticon/icon/others/h_good-644bcfa993.png"" 
                style=""width:1em; height:1em;"" /></span>",2436245652,3,jjjkkkoooiiii,209,194,m
4469372418085271,Fri Feb 07 16:41:23 +0800 2020,真诚期待后续。,2963253293,11,西柚姑娘的秘密,461,594,f
4469370459758562,Fri Feb 07 16:33:36 +0800 2020,"<span class=""url-icon""><img alt=[耶] src=""https://h5.sinaimg.cn/m/emoticon/icon/others/h_ye-256191c090.png"" 
                style=""width:1em; height:1em;"" /></span>",5061020662,7,BoredShow,588,287,m
4469377963856979,Fri Feb 07 17:03:26 +0800 2020,"<span class=""url-icon""><img alt=[good] src=""https://h5.sinaimg.cn/m/emoticon/icon/others/h_good-644bcfa993.png"" 
                style=""width:1em; height:1em;"" /></span>",1844561152,3,静惜晴,182,623,f
4469377938619686,Fri Feb 07 17:03:20 +0800 2020,希望公平对待,2274018364,7,啊啊啊蛋儿,445,697,f
4469375522365662,Fri Feb 07 16:53:43 +0800 2020,"<span class=""url-icon""><img alt=[good] src=""https://h5.sinaimg.cn/m/emoticon/icon/others/h_good-644bcfa993.png"" 
                style=""width:1em; height:1em;"" /></span><span class=""url-icon""><img alt=[good] src=""https://h5.sinaimg.cn/m/emoticon/icon/others/h_good-644bcfa993.png"" 
                style=""width:1em; height:1em;"" /></span><span class=""url-icon""><img alt=[good] src=""https://h5.sinaimg.cn/m/emoticon/icon/others/h_good-644bcfa993.png"" 
                style=""width:1em; height:1em;"" /></span>",5907397955,2,喵少女kiko,139,137,f
4469373534036869,Fri Feb 07 16:45:50 +0800 2020,相信国家,6501336728,5,那儿会幸福110,121,41,m
4469372515245329,Fri Feb 07 16:41:46 +0800 2020,"<span class=""url-icon""><img alt=[心] src=""https://h5.sinaimg.cn/m/emoticon/icon/others/l_xin-6912791858.png"" 
                style=""width:1em; height:1em;"" /></span>",6346138471,3,江小鱼是也,196,407,f
4469372439858634,Fri Feb 07 16:41:29 +0800 2020,好,6982231789,5,小覃同学永远开心,218,56,f
4469370510491211,Fri Feb 07 16:33:49 +0800 2020,"<span class=""url-icon""><img alt=[心] src=""https://h5.sinaimg.cn/m/emoticon/icon/others/l_xin-6912791858.png"" 
                style=""width:1em; height:1em;"" /></span>",3508871887,5,竹毒毒,84,68,m
4469370493650158,Fri Feb 07 16:33:44 +0800 2020,好的，我们等你,3602719153,8,想结束水逆的zero,189,70,f
4469377950917666,Fri Feb 07 17:03:23 +0800 2020,相信你们,5105822994,4,陈雪-Kris,478,1967,f
4469377678268741,Fri Feb 07 17:02:17 +0800 2020,好样的,2036573234,4,Climber__,701,231,m
4469377635913385,Fri Feb 07 17:02:07 +0800 2020,希望一切都能好,5653122159,6,Dexter-Ta,228,165,f
4469376344234177,Fri Feb 07 16:57:00 +0800 2020,相信国家、祖国加油,2654965315,5,我是小栗,201,90,f
4469376218795638,Fri Feb 07 16:56:30 +0800 2020,相信国家,2277250973,5,冯虚御风玲珑思,318,64,f
4469377950602552,Fri Feb 07 17:03:23 +0800 2020,支持！！！,1972694283,4,yyoohwa,915,1600,f
4469377884196394,Fri Feb 07 17:03:07 +0800 2020,支持！点赞！,1528908827,6,子虚周先生,1031,2159,m
4469377614885113,Fri Feb 07 17:02:03 +0800 2020,我选择相信国家,5974547142,8,携冬日秘密潜逃,63,58,f
4469376352506906,Fri Feb 07 16:57:01 +0800 2020,"好！！！相信祖国！！！<span class=""url-icon""><img alt=[心] src=""https://h5.sinaimg.cn/m/emoticon/icon/others/l_xin-6912791858.png"" 
                style=""width:1em; height:1em;"" /></span><span class=""url-icon""><img alt=[心] src=""https://h5.sinaimg.cn/m/emoticon/icon/others/l_xin-6912791858.png"" 
                style=""width:1em; height:1em;"" /></span><span class=""url-icon""><img alt=[心] src=""https://h5.sinaimg.cn/m/emoticon/icon/others/l_xin-6912791858.png"" 
                style=""width:1em; height:1em;"" /></span><span class=""url-icon""><img alt=[心] src=""https://h5.sinaimg.cn/m/emoticon/icon/others/l_xin-6912791858.png"" 
                style=""width:1em; height:1em;"" /></span>",2285749065,6,ZEG_WEM,37,10,f
4469376281743230,Fri Feb 07 16:56:44 +0800 2020,"<span class=""url-icon""><img alt=[赞] src=""https://h5.sinaimg.cn/m/emoticon/icon/others/h_zan-e3d1e596da.png"" 
                style=""width:1em; height:1em;"" /></span><span class=""url-icon""><img alt=[赞] src=""https://h5.sinaimg.cn/m/emoticon/icon/others/h_zan-e3d1e596da.png"" 
                style=""width:1em; height:1em;"" /></span><span class=""url-icon""><img alt=[赞] src=""https://h5.sinaimg.cn/m/emoticon/icon/others/h_zan-e3d1e596da.png"" 
                style=""width:1em; height:1em;"" /></span>",6275327108,2,斑点鼻子,143,67,f
4469377640675398,Fri Feb 07 17:02:08 +0800 2020,相信国家,5752788411,3,要好好吃一日三餐哦,34,41,f
4469376365276010,Fri Feb 07 16:57:05 +0800 2020,"希望有光亮<span class=""url-icon""><img alt=[心] src=""https://h5.sinaimg.cn/m/emoticon/icon/others/l_xin-6912791858.png"" 
                style=""width:1em; height:1em;"" /></span>",5976702135,7,心语ymjxd1573,986,158,f
4469376353043856,Fri Feb 07 16:57:02 +0800 2020,相信国家！,6050116543,4,冬夜枇杷花满枝,557,8,f
4469376319624228,Fri Feb 07 16:56:54 +0800 2020,相信国家！加油！,6750433692,7,等等我的小饼干,29,5,m
4469369977713389,Fri Feb 07 16:31:42 +0800 2020,"相信国家。武汉加油，中国加油<span class=""url-icon""><img alt=[爱你] src=""https://h5.sinaimg.cn/m/emoticon/icon/default/d_aini-4a23c0524a.png"" 
                style=""width:1em; height:1em;"" /></span><span class=""url-icon""><img alt=[爱你] src=""https://h5.sinaimg.cn/m/emoticon/icon/default/d_aini-4a23c0524a.png"" 
                style=""width:1em; height:1em;"" /></span><span class=""url-icon""><img alt=[爱你] src=""https://h5.sinaimg.cn/m/emoticon/icon/default/d_aini-4a23c0524a.png"" 
                style=""width:1em; height:1em;"" /></span>",6090481806,68,鹿河的神灵,150,30,f
4469369965358216,Fri Feb 07 16:31:39 +0800 2020,实事求是！！！！,2880953664,68,打酱油的美少铝,84,174,f
4469369973408755,Fri Feb 07 16:31:40 +0800 2020,"<span class=""url-icon""><img alt=[good] src=""https://h5.sinaimg.cn/m/emoticon/icon/others/h_good-644bcfa993.png"" 
                style=""width:1em; height:1em;"" /></span>",2394754387,26,他怀里的易只小烊,38,416,f
4469370035716548,Fri Feb 07 16:31:56 +0800 2020,支持,5136525774,29,狗日的青春85410,121,1,f
4469370556311861,Fri Feb 07 16:34:00 +0800 2020,相信国家,6522163595,26,Trouble575,346,1,m
4469377913382960,Fri Feb 07 17:03:14 +0800 2020,相信正义总会到来！,3855691429,18,一叶知秋一73,274,40,f
4469372481603620,Fri Feb 07 16:41:38 +0800 2020,相信国家，相信正义，,5158215304,22,用户zrwlvowoah,9,1,m
4469372405457248,Fri Feb 07 16:41:20 +0800 2020,支持，漂亮！,5622972898,22,落梦中的梅花情,336,68,m
4469375509637036,Fri Feb 07 16:53:41 +0800 2020,相信祖国,6067834027,36,CG的小可爱_50345,125,4,f
