﻿4484319848899098,Thu Mar 19 22:37:08 +0800 2020,李文亮是个好医生🙏一路走好🙏🙏,6037275339,432,今天特没普确诊了吗,260,297,f
4484320825873245,Thu Mar 19 22:41:02 +0800 2020,愿逝者安息🙏🙏🙏🙏🙏,5947020913,192,不忘初心990331,145,700,f
4484319436902439,Thu Mar 19 22:35:31 +0800 2020,"他是个好医生<span class=""url-icon""><img alt=[心] src=""https://h5.sinaimg.cn/m/emoticon/icon/others/l_xin-6912791858.png"" 
                style=""width:1em; height:1em;"" /></span>",2820516603,143,于_洋洋,399,2523,m
4484319194230094,Thu Mar 19 22:34:33 +0800 2020,李医生一路走好，唉。。,3750509611,109,沐小天Hx,158,38,f
4484319626126778,Thu Mar 19 22:36:16 +0800 2020,"李文亮医生可以安息了<span class=""url-icon""><img alt=[蜡烛] src=""https://h5.sinaimg.cn/m/emoticon/icon/others/o_lazhu-6209fc6e73.png"" 
                style=""width:1em; height:1em;"" /></span><span class=""url-icon""><img alt=[蜡烛] src=""https://h5.sinaimg.cn/m/emoticon/icon/others/o_lazhu-6209fc6e73.png"" 
                style=""width:1em; height:1em;"" /></span><span class=""url-icon""><img alt=[蜡烛] src=""https://h5.sinaimg.cn/m/emoticon/icon/others/o_lazhu-6209fc6e73.png"" 
                style=""width:1em; height:1em;"" /></span>",6369869218,98,欧-冠之夜,1119,6955820,f
4484318938653711,Thu Mar 19 22:33:32 +0800 2020,"现在只希望李文亮家属能好好生活<span class=""url-icon""><img alt=[悲伤] src=""https://h5.sinaimg.cn/m/emoticon/icon/default/d_beishang-f8d6de06c8.png"" 
                style=""width:1em; height:1em;"" /></span><span class=""url-icon""><img alt=[泪] src=""https://h5.sinaimg.cn/m/emoticon/icon/default/d_lei-1b4b02f8b1.png"" 
                style=""width:1em; height:1em;"" /></span><span class=""url-icon""><img alt=[泪] src=""https://h5.sinaimg.cn/m/emoticon/icon/default/d_lei-1b4b02f8b1.png"" 
                style=""width:1em; height:1em;"" /></span><span class=""url-icon""><img alt=[泪] src=""https://h5.sinaimg.cn/m/emoticon/icon/default/d_lei-1b4b02f8b1.png"" 
                style=""width:1em; height:1em;"" /></span>，加油，一切都会好起来的！",5894010493,80,为什么你的眼里有好多小星星,206,57,m
4484319734792535,Thu Mar 19 22:36:42 +0800 2020,"一路走好<span class=""url-icon""><img alt=[蜡烛] src=""https://h5.sinaimg.cn/m/emoticon/icon/others/o_lazhu-6209fc6e73.png"" 
                style=""width:1em; height:1em;"" /></span>",5947020913,59,不忘初心990331,145,700,f
4484321164939387,Thu Mar 19 22:42:23 +0800 2020,逝者安息！,5879269506,48,枭雄_44691,744,134,m
4484319227611064,Thu Mar 19 22:34:41 +0800 2020,"李医生安息<span class=""url-icon""><img alt=[蜡烛] src=""https://h5.sinaimg.cn/m/emoticon/icon/others/o_lazhu-6209fc6e73.png"" 
                style=""width:1em; height:1em;"" /></span>",6051707020,33,-花下饮茶-,44,5,f
4484322147198942,Thu Mar 19 22:46:16 +0800 2020,结果出来了，李医生安息！,6662418749,31,Stefan_拉花,84,5,f
4484322314644182,Thu Mar 19 22:46:57 +0800 2020,愿逝者安息,2439150993,21,牛牛妈sy,225,97,f
4484322302324771,Thu Mar 19 22:46:53 +0800 2020,斯人已逝🙏,6342366364,14,喜喜悦之,112,78,f
4484321459165009,Thu Mar 19 22:43:32 +0800 2020,愿逝者安息🙏🙏🙏🙏🙏,5746277251,14,嫣然74475,122,4,m
4484321991628190,Thu Mar 19 22:45:40 +0800 2020,"<span class=""url-icon""><img alt=[蜡烛] src=""https://h5.sinaimg.cn/m/emoticon/icon/others/o_lazhu-6209fc6e73.png"" 
                style=""width:1em; height:1em;"" /></span><span class=""url-icon""><img alt=[蜡烛] src=""https://h5.sinaimg.cn/m/emoticon/icon/others/o_lazhu-6209fc6e73.png"" 
                style=""width:1em; height:1em;"" /></span><span class=""url-icon""><img alt=[蜡烛] src=""https://h5.sinaimg.cn/m/emoticon/icon/others/o_lazhu-6209fc6e73.png"" 
                style=""width:1em; height:1em;"" /></span>",1947686912,8,小茵鱼想要飞_Dorrit,81,111,f
4484321341226704,Thu Mar 19 22:43:05 +0800 2020,一路走好🙏,3209479774,14,Scrtllet,227,705,f
4484322323368559,Thu Mar 19 22:46:58 +0800 2020,走好🙏 🙏,5896594189,7,期期艾艾嘎嘎嘎,284,222,f
4484322327027780,Thu Mar 19 22:47:00 +0800 2020,愿逝者安息🙏,6476884708,7,汤小y081719,144,14,f
4484320335194938,Thu Mar 19 22:39:05 +0800 2020,终于出结果了,7018292422,14,小牧尘云,26,30,m
4484321593240249,Thu Mar 19 22:44:05 +0800 2020,"一路走好<span class=""url-icon""><img alt=[心] src=""https://h5.sinaimg.cn/m/emoticon/icon/others/l_xin-6912791858.png"" 
                style=""width:1em; height:1em;"" /></span>",7287016404,10,肉松儿儿,25,14,f
