﻿4489345199502136,Thu Apr 02 19:26:06 +0800 2020,"一路走好，愿天堂没有病毒<span class=""url-icon""><img alt=[泪] src=""https://h5.sinaimg.cn/m/emoticon/icon/default/d_lei-1b4b02f8b1.png"" 
                style=""width:1em; height:1em;"" /></span><span class=""url-icon""><img alt=[泪] src=""https://h5.sinaimg.cn/m/emoticon/icon/default/d_lei-1b4b02f8b1.png"" 
                style=""width:1em; height:1em;"" /></span><span class=""url-icon""><img alt=[泪] src=""https://h5.sinaimg.cn/m/emoticon/icon/default/d_lei-1b4b02f8b1.png"" 
                style=""width:1em; height:1em;"" /></span>",5666644492,6,一个不愿意透露姓名的妇女主任,286,2683,f
4489383954167837,Thu Apr 02 22:00:06 +0800 2020,致敬烈士，同时我们也要吸取这次疫情的教训。,5484771793,1,鹦鹉螺529,442,3514,f
4489350769135896,Thu Apr 02 19:48:13 +0800 2020,向英雄致敬,2260087542,2,bug社长,238,317,m
4489395468298972,Thu Apr 02 22:45:51 +0800 2020,致敬！一路走好！,7289591346,0,二师兄飞上天了,183,104,f
4489350068588934,Thu Apr 02 19:45:27 +0800 2020,致敬,6073044068,1,W是大不留阿,529,223,f
4489346209964387,Thu Apr 02 19:30:06 +0800 2020,致敬医护烈士！,1226099453,1,军哥-野战军,1595,9115,m
4489345802708003,Thu Apr 02 19:28:29 +0800 2020,英雄一路走好🙏,6525350274,1,战哥快找女朋友吧,129,23,f
4489345475916568,Thu Apr 02 19:27:11 +0800 2020,这个清明，我们的哀思太浓,1614492841,1,每周真诚三天半,354,694,f
4489345266501805,Thu Apr 02 19:26:22 +0800 2020,一路走好,6371377506,0,ToInfinityAndBeyond0622,948,1837,f
4489345136760320,Thu Apr 02 19:25:51 +0800 2020,致敬,7358001307,0,-月亮就很甜,310,1173,f
4489550535425269,Fri Apr 03 09:02:01 +0800 2020,烈士多有时代性，希望不要忘记那些为了多数人活着而逝去的烈士,1196516393,0,天色不早了,309,1707,m
4489389051083327,Thu Apr 02 22:20:20 +0800 2020,致敬,7284050877,0,南无seven爱心,63,1159,m
4489377444887442,Thu Apr 02 21:34:14 +0800 2020,致敬,6602745531,0,白家夫人总要坐实名分,50,17,f
4489360378366199,Thu Apr 02 20:26:25 +0800 2020,"英雄一路走好<span class=""url-icon""><img alt=[蜡烛] src=""https://h5.sinaimg.cn/m/emoticon/icon/others/o_lazhu-6209fc6e73.png"" 
                style=""width:1em; height:1em;"" /></span><span class=""url-icon""><img alt=[蜡烛] src=""https://h5.sinaimg.cn/m/emoticon/icon/others/o_lazhu-6209fc6e73.png"" 
                style=""width:1em; height:1em;"" /></span><span class=""url-icon""><img alt=[蜡烛] src=""https://h5.sinaimg.cn/m/emoticon/icon/others/o_lazhu-6209fc6e73.png"" 
                style=""width:1em; height:1em;"" /></span>",6513434355,0,gudueryouwennuanderenna,65,21,f
