﻿4469358812326117,Fri Feb 07 15:47:19 +0800 2020,亲戚或余悲，他人亦已歌，死去何所道，托体同山阿。,2822984711,159,呼啸山庄访客,135,1184,f
4469362360157297,Fri Feb 07 16:01:26 +0800 2020,光明日报站的高度是对的，目前疫情还很严重，人心不能乱，而且中央已经听到民众的呼声，开始派人调查。只是希望查得干净，给他家人和人民群众一个交代，还法治以尊严！,6345438878,158,月亮公主Lily,27,0,f
4469411496887446,Fri Feb 07 19:16:41 +0800 2020,"人都没了，做得再好也就是亡羊补牢<span class=""url-icon""><img alt=[微笑] src=""https://h5.sinaimg.cn/m/emoticon/icon/default/d_hehe-039d0a6a8a.png"" 
                style=""width:1em; height:1em;"" /></span>",1960477247,数据缺失,东北小栗旬,704,466,m
4469364017123714,Fri Feb 07 16:08:00 +0800 2020,说得对，个体正义只有在社会平稳的情况下才能得到保障,2103991633,45,红袖绿袖,355,121,f
4469354231519572,Fri Feb 07 15:29:08 +0800 2020,是什么导致他发热后二十多天后才被确诊😓,3290413162,235,生来彷徨khys,174,378,m
4469379133714870,Fri Feb 07 17:08:05 +0800 2020,瞭望员看到船要撞上冰川时大喊：不好了，要撞船了！旁边听到的乘客说：“不要散布负能量的东西！”，“要相信船长！”，“未经证实的话不要乱说，谣言会造成恐慌”……水手说：唯一能证实的办法就是撞上去。,2408299551,数据缺失,Pirlo-Ben,585,273,m
4469364583807794,Fri Feb 07 16:10:16 +0800 2020,不给你看、不给你看、就是不给你看，然后就变成最后了！,2061159535,数据缺失,我这姿势S不S很帅啊,66,406,m
4469354983281869,Fri Feb 07 15:32:06 +0800 2020,请问李医生具体的死亡时间，给大家一个真相,6403458008,23,小星球小货车,85,9,f
4469357151152173,Fri Feb 07 15:40:43 +0800 2020,2020.02.06 21.30,1423683434,数据缺失,时光_絮语,165,257,f
4469355230775207,Fri Feb 07 15:33:05 +0800 2020,2020.02.06 21:30,5436687707,数据缺失,洋猫子,130,151,f
4469354512641822,Fri Feb 07 15:30:14 +0800 2020,为李医生求一个道歉信！！！！,6675359140,232,小童想吃小龙虾,103,28,f
4469357943461208,Fri Feb 07 15:43:53 +0800 2020,道歉不足以平民愤，要革职！革职！,6050675661,数据缺失,柯依伯带黑帝斯,55,13,f
4469359034142155,Fri Feb 07 15:48:12 +0800 2020,"上去 知错能改小孩子都懂得的道理<span class=""url-icon""><img alt=[微笑] src=""https://h5.sinaimg.cn/m/emoticon/icon/default/d_hehe-039d0a6a8a.png"" 
                style=""width:1em; height:1em;"" /></span>",6480554868,数据缺失,易衍乘,1994,82,m
4469357402638561,Fri Feb 07 15:41:44 +0800 2020,懒政，不作为，暗许，睁一只眼闭一只眼，领导眼中的大局观，湖北两会期间为什么没有新增确证病例？为什么李医生的言论被认为是谣言？谁来判断，调查的？国家如果还有希望，有决心，有公信力！就必须一查再查。把那些肥头大耳的不作为领导查到底！,6466068587,137,视光师郭晓武,209,1261,m
4469397063818524,Fri Feb 07 18:19:20 +0800 2020,期待真相,3290413162,数据缺失,生来彷徨khys,174,378,m
4469366857261250,Fri Feb 07 16:19:18 +0800 2020,是,2889567497,数据缺失,ROWE_SHA,197,324,m
4469354361986772,Fri Feb 07 15:29:39 +0800 2020,查处并训诫李文亮等八名预警医生的指示者、领导者、组织者、操作者、承办者均应一一严格追究，以儆效尤，还李医生一个公道。,2113442677,94,欲醉红尘D,119,154,m
4469386624895618,Fri Feb 07 17:37:50 +0800 2020,主要是领导者 有些办事的人也没办法 没权利能怎么办 领导不行 下面人也很无辜,1856584505,数据缺失,XsQJPTX,727,380,m
4469353875909280,Fri Feb 07 15:27:42 +0800 2020,谁来保护？,5319784878,48,蒺藜谷,767,343,m
4469353959805280,Fri Feb 07 15:28:03 +0800 2020,希望还给他一个公道，还世人一个真相🙏,2035398477,47,怪侠欧阳帅,410,170,f
4469353976640916,Fri Feb 07 15:28:07 +0800 2020,能，明白。,2628484875,31,NI520i,47,6,f
4469357923026161,Fri Feb 07 15:43:48 +0800 2020,不该死的人死了，该谢罪的人假惺惺。,1898903765,34,开朗的脉冲黄桃,414,363,f
4469353959325894,Fri Feb 07 15:28:03 +0800 2020,请下达红头文件,2429949083,20,要开心也要动脑筋,985,139,f
4469371865375410,Fri Feb 07 16:39:12 +0800 2020,国家纪检委官网有的，在要闻里,6530839705,数据缺失,在坑满坑,176,194,m
4469363778678645,Fri Feb 07 16:07:03 +0800 2020,三问武汉中心医院：一问，为什么李医生从发病到确诊需要三周时间？二问，敢不敢公开李医生从病发直至去世的全部救治细节？三问，院领导能不能给公众一个交代？,1405193784,23,鸿的慢调生活,370,205,f
4469389409821248,Fri Feb 07 17:48:55 +0800 2020,最恶毒就是你这种看似一本正经的发问,7365229722,数据缺失,一八零20729,0,0,m
4469366454389714,Fri Feb 07 16:17:42 +0800 2020,杨文医生，陶勇医生，李文亮医生 然后我看了看自己手上的方剂书 逐渐颤抖 逐渐崩溃,6643241883,11,莲安33978,90,36,f
4469355750542097,Fri Feb 07 15:35:09 +0800 2020,一个医生死了，为何会激起人民这么大的悲愤？背后的原因是什么？,6005679315,24,痞子张无奈,85,93,m
4469366513268839,Fri Feb 07 16:17:56 +0800 2020,就凭敢写这篇文章，我果断的关注了。做有良知的媒体人。实事求是。客观公正。,3608478937,10,会捉老鼠的灰猫1,42,4,m
4469377669560973,Fri Feb 07 17:02:16 +0800 2020,"现在看新闻我都要思考一会博主的成份<span class=""url-icon""><img alt=[二哈] src=""https://h5.sinaimg.cn/m/emoticon/icon/others/d_erha-0fecc90ac1.png"" 
                style=""width:1em; height:1em;"" /></span>",3845616134,5,Tipix,676,21201,f
4469366748075754,Fri Feb 07 16:18:52 +0800 2020,听说昨晚有部大局，白天和晚上的剧情不一样！,2061159535,9,我这姿势S不S很帅啊,66,406,m
4469377304565733,Fri Feb 07 17:00:49 +0800 2020,必须battle一下，说几句真话就屏蔽，有人删除了围脖，有人没了性命，有些人有些事全世界都知道了也不上热搜，连个车牌搜索下都涉及法律，舆论是会过去的，但是人心呢？ ,1876559777,9,Jacky張康康,60,1424,m
4469357117784889,Fri Feb 07 15:40:36 +0800 2020,"调查结果不能让人寒心呀<span class=""url-icon""><img alt=[泪] src=""https://h5.sinaimg.cn/m/emoticon/icon/default/d_lei-1b4b02f8b1.png"" 
                style=""width:1em; height:1em;"" /></span><span class=""url-icon""><img alt=[泪] src=""https://h5.sinaimg.cn/m/emoticon/icon/default/d_lei-1b4b02f8b1.png"" 
                style=""width:1em; height:1em;"" /></span><span class=""url-icon""><img alt=[泪] src=""https://h5.sinaimg.cn/m/emoticon/icon/default/d_lei-1b4b02f8b1.png"" 
                style=""width:1em; height:1em;"" /></span>",5382682149,9,我哒时光,1439,275,m
4469367691516738,Fri Feb 07 16:22:37 +0800 2020,我们都是活着的木偶 偶尔也有自己的思想  黑暗无边  闭眼向前,5368083479,10,葛劲33067,81,7,m
4469357935532725,Fri Feb 07 15:43:50 +0800 2020,是什么原因，20天不给他确诊！如同杀人！,1445741495,12,医学小蚂蚁,273,4258,m
4469366119092857,Fri Feb 07 16:16:22 +0800 2020,他死不死，病毒说了不算！,5689257729,数据缺失,jadezzyy,47,80,f
4469400105414529,Fri Feb 07 18:31:25 +0800 2020,回复<a href='/n/jadezzyy'>@jadezzyy</a>:新闻说了算,1445741495,数据缺失,医学小蚂蚁,273,4258,m
4469354995386051,Fri Feb 07 15:32:09 +0800 2020,我以为我在看电视剧 不知道会不会像电视剧一样结局大快人心,6539507080,10,不要动我的旺仔牛奶,332,215,f
4469377581464923,Fri Feb 07 17:01:54 +0800 2020,难,7263578541,数据缺失,喝了多少桶,771,169,m
4469376386312498,Fri Feb 07 16:57:10 +0800 2020,什么时候能有自信直面问题。这一次是湖北，下一次呢？遇事就捂着，我们的经济还能经得住几次这样的折腾,5744163841,6,蓝蓝的天动动的大志,171,92,f
4469366697595504,Fri Feb 07 16:18:40 +0800 2020,这次能不能彻底觉醒？还是继续堕落下去玩完呢？,6237550305,6,马里奥poco,638,53,m
4469363904364505,Fri Feb 07 16:07:34 +0800 2020,他说了一句实话 就成为了人民的英雄 这是一个时代的悲哀,1702455040,13,夏末知了的秘密花园,287,108,f
4469357561955363,Fri Feb 07 15:42:21 +0800 2020,疫情给人类惨痛教训，任何时候都要讲真话，不玩虚的。,1196516393,8,天色不早了,309,1707,m
4469366811224117,Fri Feb 07 16:19:06 +0800 2020,当时相关的主管领导们应该在李医生墓前鞠躬谢罪！并且将全部责任人从重处理！,2692646160,5,马勺上天,164,78,m
4469357209660332,Fri Feb 07 15:40:58 +0800 2020,如果什么事都要大领导，zy去管，那就是社会运行机制有问题。我们应该包容不同的声音,5103072115,4,武汉f4今天内疚了吗,83,24,m
4469354735230731,Fri Feb 07 15:31:08 +0800 2020,我觉得失望了,5588485056,5,找到另一半就改昵称,183,2485,m
4469354571771349,Fri Feb 07 15:30:29 +0800 2020,欲言又止,1307652030,7,风诤语评,196,522,m
4469353980845101,Fri Feb 07 15:28:08 +0800 2020,致敬,5443906831,6,-我不是尹锦雪茹,206,1245,f
4469364483308218,Fri Feb 07 16:09:52 +0800 2020,愿此后，学医可以救国！,6226993346,8,pppyzzz,55,461,m
4469370404906797,Fri Feb 07 16:33:24 +0800 2020,李文亮是英雄，那两名基层办案民警同样是恪尽职守，请不要为难基层干部。,2821500442,4,Hx博士,221,349,m
4469361845009432,Fri Feb 07 15:59:23 +0800 2020,希望能调查清楚他训诫以后是否受到不公平对待，调查他住院以后是否得到及时有效救治，请厚待他的家人！,2486369243,8,七月216_372_695,317,38,f
4469420078657856,Fri Feb 07 19:50:47 +0800 2020,请问一说话就被拉进去了 怎么个保护法 ？说是查 但是这个全国都这样啊 怎么个查法？有些谣言却是可耻，但是一说话就拉进去是保护法吗？最后都不说话，到了最严重的时候终于以上面的名义开始施行了，这和当年文字狱有什么区别吗？,5661042884,5,ChianingSing,155,226,m
4469379162879497,Fri Feb 07 17:08:12 +0800 2020,“如果尖锐的批评完全消失，温和的批评将会变得刺耳。 如果温和的批评也不被允许，沉默将被认为居心叵测。 如果沉默也不再允许，赞扬不够卖力将是一种罪行。 如果只允许一种声音存在，那么， 唯一存在的那个声音就是谎言。”,1306152674,6,皮皮鹅我们走,29,540,m
4469368483765731,Fri Feb 07 16:25:46 +0800 2020,关键时刻 还是光明日报有气质,1184009423,4,周重林,1924,234137,m
4469360330733512,Fri Feb 07 15:53:22 +0800 2020,还死者一个公道，还世人一个真像,5683778282,2,港城-萍聚小院,116,23,m
4469357373693140,Fri Feb 07 15:41:37 +0800 2020,"法制？呵，想改就改<span class=""url-icon""><img alt=[微笑] src=""https://h5.sinaimg.cn/m/emoticon/icon/default/d_hehe-039d0a6a8a.png"" 
                style=""width:1em; height:1em;"" /></span>",1987181147,7,数学题X,540,275,m
4469356635544623,Fri Feb 07 15:38:41 +0800 2020,给我查！给人民一个公正！,1929189147,3,尼古拉斯凯周,135,315,m
4469356807031403,Fri Feb 07 15:39:22 +0800 2020,医院的声明好像李医生是被奉献的一样,5553776683,2,粤钦赐,40,3443,m
4469353908603319,Fri Feb 07 15:27:50 +0800 2020,下午好,5161095113,2,济南房子,2710,96193,m
4469374490242234,Fri Feb 07 16:49:38 +0800 2020,一线医生的判断为什么被定义成造谣？？？？,5577181503,2,阳光灿烂的每一天666,113,167,f
4469374276281658,Fri Feb 07 16:48:47 +0800 2020,如果1月1号就预警所有人，还会像现在这么被动吗？停工停学，多少小公司会倒闭，多少家庭破碎！,5577181503,2,阳光灿烂的每一天666,113,167,f
4469372603302919,Fri Feb 07 16:42:08 +0800 2020,一句道歉都没有，一群马后炮！在这说这屁话有用吗,5837976385,3,_迷相生海月,52,650,f
4469365594064985,Fri Feb 07 16:14:17 +0800 2020,很好奇李医生从发热怎么会到2月1号才确诊是这个病毒，之前都在干什么？一个先知者，最后落到这个地步！,2001970740,3,胖迪儿_,305,252,f
4469358355081916,Fri Feb 07 15:45:31 +0800 2020,不该道歉吗？拿错剧本了还是走错片场了？！,6382270199,3,努力本人Xback,17,16,f
4469383722107392,Fri Feb 07 17:26:19 +0800 2020,“已经经历了跌宕艰难的前半程，接下来，从个体到家国，都不能再输。”,5641446187,1,_hyeeeee,151,181,f
4469372632258170,Fri Feb 07 16:42:15 +0800 2020,我可以等待疫情过后，但这次我不会再选择遗忘,5559253652,3,此面向上上上上,153,22,m
4469368903774743,Fri Feb 07 16:27:26 +0800 2020,武汉官方必须道歉，尸位素餐者必须付出代价！,3147526223,3,風雨無聲過,47,192,m
4469368655993641,Fri Feb 07 16:26:27 +0800 2020,还李医生一个公道，给百姓一个说真话的氛围。,5379624320,1,巴拉巴拉42308,11,5,m
4469367440226883,Fri Feb 07 16:21:37 +0800 2020,实践是检验真理的唯一标准,1846491340,1,我的太阳1996,1095,583,m
4469364298583296,Fri Feb 07 16:09:07 +0800 2020,调查程序后，能授予烈士称号吗?,2182981752,1,摸得到的肚子,351,234,m
4469363803919146,Fri Feb 07 16:07:09 +0800 2020,小心被和谐！凤凰就是,3814326023,2,原来你是一只傲娇的喵呀,352,267,f
4469363376055206,Fri Feb 07 16:05:28 +0800 2020,有些人是不朽 而有些人已经腐朽了,6467589777,1,weiyi5053,255,0,m
4469360259467361,Fri Feb 07 15:53:05 +0800 2020,不敢评论了，相信国家的力量！,5815921210,0,大愿蘑菇,43,40,f
4469358082646293,Fri Feb 07 15:44:25 +0800 2020,不知道说什么，李医生也只是个平凡人，可是还欠他一个道歉。,6728362792,2,林深时见鹿Slience,543,258,f
4469356946196752,Fri Feb 07 15:39:55 +0800 2020,他是个善良的普通人。,1784869920,1,一只小河童,1865,409,m
4469356928551833,Fri Feb 07 15:39:51 +0800 2020,一定要死人了才会被惊醒吗？先付出代价在调查,1884690945,2,Fufeiyang_,389,210,m
4469354495816038,Fri Feb 07 15:30:11 +0800 2020,还一个公道好吗,1716385613,1,晴南良,689,1485,m
4469353913032392,Fri Feb 07 15:27:52 +0800 2020,致敬！！！！,5232644646,1,抓住一只好运晨,528,103,f
4469370065697152,Fri Feb 07 16:32:02 +0800 2020,真的全是蓝v了！？！,5680507276,1,蒲月杏半_,487,1110,f
4469359461960745,Fri Feb 07 15:49:55 +0800 2020,警察只是背锅的。//<a href='/n/欲醉红尘D'>@欲醉红尘D</a>:查处并训诫李文亮等八名预警医生的指示者、领导者、组织者、操作者、承办者均应一一严格追究，以儆效尤，还李医生一个公道。,5463224833,4,馨桥蝶语,312,378,f
4469381508009877,Fri Feb 07 17:17:30 +0800 2020,此刻需要这样引领正能量的文章，谢谢光明日报！,1030023057,0,挺直地脊梁,416,312,m
4469373283041377,Fri Feb 07 16:44:49 +0800 2020,马嵬驿斩杨国忠只会提振民心士气,1685411363,0,rabin1984,433,89,m
4469366118883186,Fri Feb 07 16:16:22 +0800 2020,深入调查和开放言路，不可或缺，否则又会陷入自圆其说的荒唐结果。  ☞@ 摄影师陈杰,5101982627,2,只有快乐与我有关,98,81,f
4469354399809570,Fri Feb 07 15:29:47 +0800 2020,转发微博,7289971495,1,笑眼喜人,439,90,f
4469402349300218,Fri Feb 07 18:40:20 +0800 2020,需要的不是正义，而且允许说真话的权力,1843828893,4,嘎木津,97,223,m
4469401766535235,Fri Feb 07 18:38:00 +0800 2020,咋就叫给他公道？我倒是很好奇,2399405931,1,Dr王博,371,1054,m
4469374738480963,Fri Feb 07 16:50:37 +0800 2020,亡羊补牢，为时不晚。真的……真的……,1403174992,1,从容燃烧917,1248,223,m
4469371625910849,Fri Feb 07 16:38:15 +0800 2020,光明日报说出了最大的真相：要保护更多的李文亮们！,1437311305,3,享福消福,183,91,f
4469355947240014,Fri Feb 07 15:35:57 +0800 2020,一些地方政府部门人员的不作为乱作为，造成今天疫情这般严重,2357697675,3,Bangeeer,311,14688,m
4469355414665833,Fri Feb 07 15:33:50 +0800 2020,英雄，武汉英雄！,2314775693,1,情圣发,724,164,m
4470346616977103,Mon Feb 10 09:12:31 +0800 2020,<a href='/n/羊毛卷蘸椒盐'>@羊毛卷蘸椒盐</a> 讲道理说的平和理性,1941021777,0,工部尚书小蔡,233,45,m
4469587624248943,Sat Feb 08 06:56:33 +0800 2020,时势造英雄,6000200791,0,-可愿与我梦里共赴雁门关,23,13,m
4469501117063302,Sat Feb 08 01:12:48 +0800 2020,公信力已失，疫情结束后该怎么走,7211792974,0,法硕帮帮团,18,4,f
4469484947826547,Sat Feb 08 00:08:33 +0800 2020,我们很痛心，因为李文亮就是我们自己的影子。但是为什么他会死？这么年轻，也没有基础病。现实完全颠覆了我们的认知！为什么浙江无一例死亡？为什么湖北死亡率这么高？是不是治疗方案有问题？用药有问题？我们想知道真相！,5820968146,0,猪猪晴是真的,111,21,f
4469450914581134,Fri Feb 07 21:53:19 +0800 2020,个体正义只有在社会平稳的情况下才能实现，此时无所选择，只能汇聚众力；此时不能停顿，只能一路向前！众志成城，坚决打赢疫情阻击战！,5037545021,0,六吉哥,325,60,m
4469440077065281,Fri Feb 07 21:10:14 +0800 2020,支持中央。但有些人就是奴性太重了，该还喜欢乱扣帽子。。。其实李大夫不是英雄，就是一个普通人，说了应该说的，却被禁声了。。。而全国上下，一个声音，却是错的，而且这些人还一味坚持自己是对的，没有任何人敢纠错，能纠错，没有任何挽回的可能，直到大家发现，自己也被瘟疫卷进去的今天。。。,2929372213,0,沪上净心,32,44,m
4469433357300103,Fri Feb 07 20:43:32 +0800 2020,我突然不敢说什么了！好担心以后社会有关专业人士变得不敢说真话，不敢做合理专业的推测,3038637614,1,Leehigh哥嗨,201,104,m
4469429486725949,Fri Feb 07 20:28:10 +0800 2020,"<a  href=""https://m.weibo.cn/search?containerid=231522type%3D1%26t%3D10%26q%3D%23%E8%87%B4%E6%95%AC%E6%9D%8E%E6%96%87%E4%BA%AE%E6%9B%B4%E8%A6%81%E4%BF%9D%E6%8A%A4%E6%9D%8E%E6%96%87%E4%BA%AE%E4%BB%AC%23&extparam=%23%E8%87%B4%E6%95%AC%E6%9D%8E%E6%96%87%E4%BA%AE%E6%9B%B4%E8%A6%81%E4%BF%9D%E6%8A%A4%E6%9D%8E%E6%96%87%E4%BA%AE%E4%BB%AC%23"" data-hide=""""><span class=""surl-text"">#致敬李文亮更要保护李文亮们#</span></a>",6207905006,0,海里不离,211,67,f
4469411333281614,Fri Feb 07 19:16:01 +0800 2020,拭目以待。,7189993810,0,南海一派的南海,985,469,m
4469403268039438,Fri Feb 07 18:43:58 +0800 2020,支持中央的英明决定！,1798647080,0,光影瞬间1972,693,284,m
4469398272354476,Fri Feb 07 18:24:08 +0800 2020,第一，公安机关既然也判断不了事情是否属实，为什么就认定他们造谣呢，；二，公安机关说依据治安处罚法做的训诫，可是整个治安处罚法里面已经没有训诫这个词了，1987年的治安处罚条例有；三，公安机关的这个训诫书属于什么性质的东西请明确，是否属于行政处罚，不是行政处罚又属于各种行政行为！,5908120351,2,王云成律师,546,33085,m
4469396904516183,Fri Feb 07 18:18:42 +0800 2020,湖北一众领导要是没有问题，那李文亮医生就死无所值了。哪里来的黒胆，初步有发现有人传人了，还搞万家宴。。置民众生命安全于何地，枉做中国人民的官！,6319847479,1,東方明珠无尤争一儿,103,83,m
4469388071979545,Fri Feb 07 17:43:36 +0800 2020,高薪留給才德兼备的科研，军事人员，控制娱乐圈所谓的“明星”动则上千万的片酬，只有少年强则国强，为祖国未来发展培养自己的栋梁之才，这次危机让国人真正认识到，关键时刻，还是得靠真正能让祖国强大德才兼备的科研，国防，军事，实业界的一流人才！   而不是捞钱后移居国外，声色犬马的戏子！,5607351949,2,我是木木森林,285,126,f
4469387895555081,Fri Feb 07 17:42:54 +0800 2020,我更相信  是医生同事的不抛弃不放弃,6443096492,0,鹏哥稳住,1228,127,m
4469386704494067,Fri Feb 07 17:38:10 +0800 2020,哦 等到李医生离开才调查，，，,5115752321,0,w下个三月星光畅奕,353,171,f
4469384972353581,Fri Feb 07 17:31:17 +0800 2020,光明日报确实光明！,5088552810,0,盛景李红星,1446,2729,m
4469384871273163,Fri Feb 07 17:30:52 +0800 2020,以前沒發生這次疫情的時候挺相信武汉市政府的；但通过這次疫情事件彻底改变了我对武汉市政府的信任，說再多也沒有什麼用⋯⋯,6251045504,0,AndyHby,182,81,m
4469382963098140,Fri Feb 07 17:23:18 +0800 2020,为官的清不清，廉洁不廉爱不爱民只要看老百姓生活的好不好，日子过得好不好。,1515735642,0,W时间隧道,105,398,m
4469381398276837,Fri Feb 07 17:17:04 +0800 2020,有结果了告诉我一声🙏🙏,6022198350,0,挖藕洗水,177,212,m
4469380609996606,Fri Feb 07 17:13:57 +0800 2020,人还没到就说查？给地方政府准备时间吗？,3482929362,1,要变成瘦子了,377,147,f
4469380572137149,Fri Feb 07 17:13:48 +0800 2020,让专业人士去做专业的事，让专业人士有充分的话语权，不会轻易被外行人灭声。民警和医生各司其职就好,5418390656,0,Amelia0000001,229,64,f
4469380111302152,Fri Feb 07 17:11:58 +0800 2020,希望这次事件可以让那些不作为的官员受到应承担的责任,5864489785,0,李治Lojic,173,24,m
4469379775046095,Fri Feb 07 17:10:38 +0800 2020,<a href='/n/qqdbbd'>@qqdbbd</a> 向全体一线工作者致敬,2722648322,1,HyunBin丁丁丁兆兆,299,797,f
4469379271974738,Fri Feb 07 17:08:37 +0800 2020,跌宕艰难的前半程～光明的文字把控有文化范啊,1196516393,0,天色不早了,309,1707,m
4469378886472354,Fri Feb 07 17:07:06 +0800 2020,我爱我的国家，我也相信我的国家～,5729714801,0,郝雪晨的新微博,169,66,f
4469378755903389,Fri Feb 07 17:06:35 +0800 2020,再不给李文亮昭雪，前线的医护人员怕都得罢工了,6423565064,0,一树熊猫,37,69,m
4469378706120963,Fri Feb 07 17:06:22 +0800 2020,赞同，不要被情绪牵着走，现在先把这场疫情控制住比什么都强,2133784794,0,fish-two,569,138,f
4469378164924724,Fri Feb 07 17:04:14 +0800 2020,官？呵呵呵  失望 非常失望 努力赚钱移民吧,2934746911,2,你的前后世,291,336,m
4469374851474773,Fri Feb 07 16:51:04 +0800 2020,首先《中华人民共和国传染病防治法》已有明确规定。漏报瞒报是严重失职渎职问题！抚民心首先要得民心，要弘扬社会主义核心价值观，公正法治必须坚持，是非自有曲直，公道自在人心！,5840154767,2,宥沐尧,90,3115,m
4469374272073935,Fri Feb 07 16:48:46 +0800 2020,不要放过每一个贩卖人血馒头的罪犯，让逝者沉冤昭雪！！！,2610540807,0,这么独特的名字怎么样,384,220,f
4469373395714537,Fri Feb 07 16:45:17 +0800 2020,云南那个抓医生的呢,7295338956,0,还是重名也太多了,1251,301,m
4469373349834949,Fri Feb 07 16:45:06 +0800 2020,查什么呢？杨乃武和小白菜里慈禧还说为了你一个人申冤我丢了那么多官员，你去当尼姑好了,5744163841,1,蓝蓝的天动动的大志,171,92,f
4469371626073723,Fri Feb 07 16:38:15 +0800 2020,"致敬李文亮<span class=""url-icon""><img alt=[蜡烛] src=""https://h5.sinaimg.cn/m/emoticon/icon/others/o_lazhu-6209fc6e73.png"" 
                style=""width:1em; height:1em;"" /></span>",5716347384,0,芖子-,100,1037,f
4469370849740711,Fri Feb 07 16:35:10 +0800 2020,查！,6724358039,0,空空不是白,213,5,f
4469370459808752,Fri Feb 07 16:33:36 +0800 2020,举头三尺有神明,2693430953,0,babysister小盆友,133,98,f
4469361106957909,Fri Feb 07 15:56:26 +0800 2020,必须做出重要的调查，李医生生前是我们吹哨人却被训诫，如今事情这么严重，不要草草了事，我们想看见你们在做！！！！,5626056727,0,爱喝全脂牛奶的捣蛋鬼09,195,140,f
4469359609149650,Fri Feb 07 15:50:30 +0800 2020,"这么年轻的医生就这么没了<span class=""url-icon""><img alt=[泪] src=""https://h5.sinaimg.cn/m/emoticon/icon/default/d_lei-1b4b02f8b1.png"" 
                style=""width:1em; height:1em;"" /></span><span class=""url-icon""><img alt=[泪] src=""https://h5.sinaimg.cn/m/emoticon/icon/default/d_lei-1b4b02f8b1.png"" 
                style=""width:1em; height:1em;"" /></span><span class=""url-icon""><img alt=[泪] src=""https://h5.sinaimg.cn/m/emoticon/icon/default/d_lei-1b4b02f8b1.png"" 
                style=""width:1em; height:1em;"" /></span><span class=""url-icon""><img alt=[泪] src=""https://h5.sinaimg.cn/m/emoticon/icon/default/d_lei-1b4b02f8b1.png"" 
                style=""width:1em; height:1em;"" /></span><span class=""url-icon""><img alt=[泪] src=""https://h5.sinaimg.cn/m/emoticon/icon/default/d_lei-1b4b02f8b1.png"" 
                style=""width:1em; height:1em;"" /></span><span class=""url-icon""><img alt=[泪] src=""https://h5.sinaimg.cn/m/emoticon/icon/default/d_lei-1b4b02f8b1.png"" 
                style=""width:1em; height:1em;"" /></span><span class=""url-icon""><img alt=[泪] src=""https://h5.sinaimg.cn/m/emoticon/icon/default/d_lei-1b4b02f8b1.png"" 
                style=""width:1em; height:1em;"" /></span>",1947464861,0,空谷迷,789,363,f
4469359542068600,Fri Feb 07 15:50:13 +0800 2020,李医生是应对缓慢，办事不利，失去公信力的whzf和对现世满腔怒火的键盘侠，争夺的牺牲品 。zf打压他，希望缓解民众的愤怒，推脱自己的责任 。键盘侠奉他为神，打脸zf，煽动一批反动情绪 。而无辜的李医生起初可能只是觉得，我得到了一条大消息，我要提醒我的小伙伴 。但客观上被利用，反而推动了监管。,3138438651,0,钮钴禄·甄猪,188,135,f
4469358405134033,Fri Feb 07 15:45:43 +0800 2020,明明检查肺部CT显示“双肺磨玻璃样病变但是为什么试剂就检查是阴性的？是不是试剂有质量问题，准确率不高？请好好查一查,3822538284,1,魏晨的分身情人,15,32,f
4469358136662377,Fri Feb 07 15:44:39 +0800 2020,"我女儿4岁，经常给说：妈妈，我的愿望是当医生，请叫我小医生。向李医生致敬<span class=""url-icon""><img alt=[蜡烛] src=""https://h5.sinaimg.cn/m/emoticon/icon/others/o_lazhu-6209fc6e73.png"" 
                style=""width:1em; height:1em;"" /></span>",5280471303,0,局龙人,233,67,f
4469356991412404,Fri Feb 07 15:40:05 +0800 2020,宋英杰牺牲在抗击疫情的一线战场，张继先为抗击疫情做出杰出贡献被表彰。对于本次疫情中舍生忘死的一线人员你们不去讨论，把李医生的生死拿来大书特书，攻击党和体制，带节奏。你们当年被钉在历史耻辱柱上的人可是一点也不冤。还冲在前面呢。,7285012406,0,咬人大河马,71,23,m
4469377946711601,Fri Feb 07 17:03:22 +0800 2020,一弄就来上纲上线，我们民族复兴的道路上从来不缺红卫兵，国家监察在这个时候的出动也说明了问题的严重性，你爱这个国家就应该举双脚同意把这些害群之马揪出来。有人带节奏你也别众人皆醉我独醒的样，没人比你傻，没人对这个国家的爱比你少！,2118154110,数据缺失,Rando百年,236,71,m
4469370552096080,Fri Feb 07 16:33:58 +0800 2020,百年之后，谁知道钉在耻辱柱上的是谁呢……逝者安息，愿天佑中华,7091689661,数据缺失,SuperManG10935,103,0,m
4469355889066674,Fri Feb 07 15:35:43 +0800 2020,真想会迟到，但永远不会缺席！望还李医生一个公道,6484792060,0,喵小萌萌233,286,47,f
4469355725482341,Fri Feb 07 15:35:04 +0800 2020,我有个想法，武汉使用私家车来住，特别是越野车和面包车，人在里面有空调不冷车子热了就关空调，比体育馆好用，还一人一车不会互相感染，比体育馆好，还可以无聊的时候听广播和给手机充电，还有私密性的好处，武汉几百万辆私家车马上可以用，不需要时间去等,5039610854,0,huyuetianshi1988,163,154,m
4469355192231020,Fri Feb 07 15:32:56 +0800 2020,"<a  href=""https://m.weibo.cn/search?containerid=231522type%3D1%26t%3D10%26q%3D%23%E6%9D%8E%E6%96%87%E8%89%AF%E5%8C%BB%E7%94%9F%E5%8E%BB%E4%B8%96%23&extparam=%23%E6%9D%8E%E6%96%87%E8%89%AF%E5%8C%BB%E7%94%9F%E5%8E%BB%E4%B8%96%23"" data-hide=""""><span class=""surl-text"">#李文良医生去世#</span></a> 李医生，一路走好！",7030322196,0,天眼新闻,114,111644,m
4469354802882692,Fri Feb 07 15:31:24 +0800 2020,抹去泪水 理清信念 坚定信心 奋勇前进 中国人民共和国万岁,5642723804,0,汪文杰0907,37,3,m
4469354508431966,Fri Feb 07 15:30:14 +0800 2020,"<span class=""url-icon""><img alt=[赞] src=""https://h5.sinaimg.cn/m/emoticon/icon/others/h_zan-e3d1e596da.png"" 
                style=""width:1em; height:1em;"" /></span><span class=""url-icon""><img alt=[赞] src=""https://h5.sinaimg.cn/m/emoticon/icon/others/h_zan-e3d1e596da.png"" 
                style=""width:1em; height:1em;"" /></span>致敬李文亮医生！！！！",1926787984,0,陇南康县张根,5028,2814,m
4469354491597100,Fri Feb 07 15:30:09 +0800 2020,一路走好敬爱的李医生,6403458008,0,小星球小货车,85,9,f
4469354458704893,Fri Feb 07 15:30:01 +0800 2020,"<span class=""url-icon""><img alt=[蜡烛] src=""https://h5.sinaimg.cn/m/emoticon/icon/others/o_lazhu-6209fc6e73.png"" 
                style=""width:1em; height:1em;"" /></span><span class=""url-icon""><img alt=[蜡烛] src=""https://h5.sinaimg.cn/m/emoticon/icon/others/o_lazhu-6209fc6e73.png"" 
                style=""width:1em; height:1em;"" /></span><span class=""url-icon""><img alt=[蜡烛] src=""https://h5.sinaimg.cn/m/emoticon/icon/others/o_lazhu-6209fc6e73.png"" 
                style=""width:1em; height:1em;"" /></span>",5019022434,0,2010爱宝贝,375,157,f
4469354215475703,Fri Feb 07 15:29:04 +0800 2020,我厌恶虚伪做作的黑暗官僚主义，但是我还是热爱我的祖国，相信中央政府，能给李医生一个交代,6162924907,1,是沈娇娇啊x,57,3,f
4469363593280625,Fri Feb 07 16:06:19 +0800 2020,相信国家会给群众一个满意的答复 英雄没走，他只是深深地留在了我们心中,6557700547,0,Pape-Nidory,699,196,m
4469360745285189,Fri Feb 07 15:55:00 +0800 2020,"希望今后，真正的善意不受惩罚。李医生千古<span class=""url-icon""><img alt=[蜡烛] src=""https://h5.sinaimg.cn/m/emoticon/icon/others/o_lazhu-6209fc6e73.png"" 
                style=""width:1em; height:1em;"" /></span>//<a href='/n/caozenghui'>@caozenghui</a>: 希望这次之后能给医务专业人士公共表达上提供一个合理发言空间。不然我们这次的疫情教训还会不断重演",3137745325,0,八卦不易,190,313,m
4469371067756961,Fri Feb 07 16:36:02 +0800 2020,一个只需要对上级负责，而不需要对人民负责的政治制度，不是好制度，这就是此次突发疫情带来的惨痛教训。,3096947371,3,一径杨花不避人,80,322,m
4469364717883625,Fri Feb 07 16:10:48 +0800 2020,哎，无语了，不管啥，但求新闻工作者能真正自由报道。培养出说真话的土壤,5754557293,4,大圣43749,428,2,m
4469362351746033,Fri Feb 07 16:01:24 +0800 2020,"天哪，让他活过来吧，我心碎了，一个还要重返一线的医生，为什么会有这样结局<span class=""url-icon""><img alt=[泪] src=""https://h5.sinaimg.cn/m/emoticon/icon/default/d_lei-1b4b02f8b1.png"" 
                style=""width:1em; height:1em;"" /></span>",6200812616,1,叶04917,85,25,f
4469355343850842,Fri Feb 07 15:33:33 +0800 2020,希望武汉政府按照武汉市社保最高基数那笔工资数额每月将钱给他们孩子。并且免费提供18年的保姆。,1905746297,1,BonnieBeiLin,76,0,f
4469355066636859,Fri Feb 07 15:32:26 +0800 2020,无论何时，我都无比热爱我的祖国和千千万万同胞，这个和政治没有任何关系,5765594757,2,这次再也不抖不M,133,52,f
4470181919104448,Sun Feb 09 22:18:04 +0800 2020,湖北省，应该好好换换水了！,2270124552,0,来去因果自分明,4,138,f
4469382400825453,Fri Feb 07 17:21:03 +0800 2020,"永远都那么端正我。后背笔直啊<span class=""url-icon""><img alt=[good] src=""https://h5.sinaimg.cn/m/emoticon/icon/others/h_good-644bcfa993.png"" 
                style=""width:1em; height:1em;"" /></span>",6666902384,0,仝十用乁,72,0,f
4469382187544887,Fri Feb 07 17:20:13 +0800 2020,光明，是一种态度！👍,1225452735,0,父爱如山母爱深似海,331,477,f
4469375216346130,Fri Feb 07 16:52:30 +0800 2020,字字珠玑，我心安矣,7072427055,0,人神共愤008,12,2,f
4469360838241836,Fri Feb 07 15:55:22 +0800 2020,向英雄致敬！一路走好。,7360051447,0,Linux三毛,19,0,m
4469358866705900,Fri Feb 07 15:47:32 +0800 2020,希望国家的机制更加完善吧,6857820164,0,静静静咩嘢,324,0,f
4469358065420038,Fri Feb 07 15:44:22 +0800 2020,依法治国，家和国都输不起,1823455243,0,小熊散步溜一圈_一圈,87,0,m
4469356711004115,Fri Feb 07 15:38:59 +0800 2020,希望疫情早日结束，希望调查结果早日出来,7113665374,0,李佶珉是一枚律师,22,28,m
4469355821815528,Fri Feb 07 15:35:26 +0800 2020,从此以后医生还敢说实话吗？,5243416378,1,杨昆鹏21976,19,0,m
4469355461391706,Fri Feb 07 15:34:01 +0800 2020,哭😭,5243416378,0,杨昆鹏21976,19,0,m
4469839966404575,Sat Feb 08 23:39:16 +0800 2020,人民的名义这部电视剧很好看 也很值得看,7361047394,0,人家空大了吖,141,1,m
4469794356802317,Sat Feb 08 20:38:01 +0800 2020,<a href='/n/vgtxhubuimyd5tuftst'>@vgtxhubuimyd5tuftst</a> 这是什么,5473162347,0,是洛必达的根号,6,130,m
4469388788817795,Fri Feb 07 17:46:26 +0800 2020,这次病毒战争，湖北官僚主义作风暴露出来了！,6027805060,0,蓝色的海洋TANG,242,205,m
4469385777503829,Fri Feb 07 17:34:28 +0800 2020,给说法,5890365166,0,爽爽歪歪XJ,387,112,f
4469384187873196,Fri Feb 07 17:28:10 +0800 2020,希望就此揭开这次疫情的种种弥雾,2609576834,0,dltty22098,883,604,m
4469377808414991,Fri Feb 07 17:02:49 +0800 2020,是的人民质疑的问题以及湖北这次疫情的源头责任人，领导的责任，红十字问题一次肃清！余甜，湖北官场，执法部门的不作为，谁允许华南卖野味的责任人，造谣事件的真相，红十字到底有无问题，有无贪赃枉法，疫情时期要严打！处治清楚，还一个清明乾坤！还一个有处安放的理想！,5604933625,2,大度球球_626,56,14,m
4469377535791813,Fri Feb 07 17:01:43 +0800 2020,马后炮,5326881299,1,小银子全球购,241,317,f
4469372619537070,Fri Feb 07 16:42:12 +0800 2020,"李文亮医生的不幸遭遇让我想起了17年前以生命为代价推动中国法治进程，值得国人纪念的另一个湖北人孙志刚。<a  href=""https://m.weibo.cn/search?containerid=231522type%3D1%26t%3D10%26q%3D%23%E7%A7%91%E5%AD%A6%E6%8A%97%E5%87%BB%E7%96%AB%E6%83%85%23&extparam=%23%E7%A7%91%E5%AD%A6%E6%8A%97%E5%87%BB%E7%96%AB%E6%83%85%23"" data-hide=""""><span class=""surl-text"">#科学抗击疫情#</span></a> <a  href=""https://m.weibo.cn/search?containerid=231522type%3D1%26t%3D10%26q%3D%23%E6%AD%A6%E6%B1%89%E5%8A%A0%E6%B2%B9%23"" data-hide=""""><span class=""surl-text"">#武汉加油#</span></a>",1884324762,0,只想改个名呢,2359,1193,f
4469372040728999,Fri Feb 07 16:39:53 +0800 2020,希望李文亮医生的事迹和这场疫情将来可以拍成一部电影，真实反映这场牵动全国的疫情中社会中不同个体的故事，把李文亮医生的故事当做主线。,2365774154,0,笨小孩fight,266,132,m
4469366404410671,Fri Feb 07 16:17:30 +0800 2020,"谢谢！！！希望能还原真相！不要再欺骗我们了！！我们需要真相还李医生一个公道！！他是英雄啊！他不是罪人！为何要为那些人身前生后都不得安宁！！！<span class=""url-icon""><img alt=[泪] src=""https://h5.sinaimg.cn/m/emoticon/icon/default/d_lei-1b4b02f8b1.png"" 
                style=""width:1em; height:1em;"" /></span><span class=""url-icon""><img alt=[泪] src=""https://h5.sinaimg.cn/m/emoticon/icon/default/d_lei-1b4b02f8b1.png"" 
                style=""width:1em; height:1em;"" /></span><span class=""url-icon""><img alt=[泪] src=""https://h5.sinaimg.cn/m/emoticon/icon/default/d_lei-1b4b02f8b1.png"" 
                style=""width:1em; height:1em;"" /></span>",3561751655,0,谦君自牧_,91,78,f
4469366303034775,Fri Feb 07 16:17:05 +0800 2020,致敬李医生,5699514642,0,不插不舒服斯基丶,452,10,m
4469363622725375,Fri Feb 07 16:06:27 +0800 2020,希望光明日报能真正对的起「光明」二字，而不是跟某二流报纸一起为虎作伥,2463386474,2,jyocelibate,192,179,m
4469358681740212,Fri Feb 07 15:46:49 +0800 2020,"我也明白这个道理，可是我还是忍不住伤心💔，还是忍不住想出声为李医生讨一个公道，毕竟我的良知还在，它不允许我沉默<span class=""url-icon""><img alt=[泪] src=""https://h5.sinaimg.cn/m/emoticon/icon/default/d_lei-1b4b02f8b1.png"" 
                style=""width:1em; height:1em;"" /></span>",6784448394,3,宇七lion,141,0,m
4469357160030024,Fri Feb 07 15:40:46 +0800 2020,<a href='/n/nnatalielie'>@nnatalielie</a>,1639490057,0,没昵称行咩,208,478,f
4469355528453706,Fri Feb 07 15:34:16 +0800 2020,我只想知道李医生病情为什么会恶化，以及他的父母是否真出院没事了，目前家人身体健康如何,3928971541,4,想长个的退子,459,460,f
4469354735818326,Fri Feb 07 15:31:08 +0800 2020,"光明，是一种妥协<span class=""url-icon""><img alt=[喵喵] src=""https://h5.sinaimg.cn/m/emoticon/icon/others/d_miao-61fe2a7aaa.png"" 
                style=""width:1em; height:1em;"" /></span>",2435409360,0,忘梦君别离,2,18,m
