﻿4469328440817608,Fri Feb 07 13:46:39 +0800 2020,请为李文亮医生正名！不要假惺惺的“痛惜”！请不要再说他是八个造谣者之一！真正的造谣者是疫情发生之后，公开表示“可防可控”的政府官员！,1942777457,84,昵称不可用怎么办-布噜blue,206,313,f
4469330173226836,Fri Feb 07 13:53:32 +0800 2020,"<span class=""url-icon""><img alt=[思考] src=""https://h5.sinaimg.cn/m/emoticon/icon/default/d_sikao-c599fd085f.png"" 
                style=""width:1em; height:1em;"" /></span>可确实不是sars啊…他自己也讲了对自己后续工作没影响啊",5503834119,数据缺失,巨烦跑步,79,1912,f
4469328319292219,Fri Feb 07 13:46:10 +0800 2020,蛇鼠一窝，虚情假意,2163681494,48,3unshine-Tony,734,448,m
4469329737568922,Fri Feb 07 13:51:47 +0800 2020,"真是唯恐天下不乱哈<span class=""url-icon""><img alt=[思考] src=""https://h5.sinaimg.cn/m/emoticon/icon/default/d_sikao-c599fd085f.png"" 
                style=""width:1em; height:1em;"" /></span>",5503834119,数据缺失,巨烦跑步,79,1912,f
4469328705869381,Fri Feb 07 13:47:42 +0800 2020,你到底想怎么样？,2623128943,数据缺失,邦彦图鲁,319,601,m
4469328554292979,Fri Feb 07 13:47:06 +0800 2020,要是武汉政府听了李医生的话我们全国人民至于坐月子嘛,6419503049,32,吃鱼味,661,59,f
4469338256190067,Fri Feb 07 14:25:38 +0800 2020,有一说一，李医生不是上报政府的人，他只是告诉了亲朋好友。政府不是要听李医生的话，而是应该重视专家们按程序上报的信息,7282606696,数据缺失,如假包换小自在,147,185,f
4469333461655305,Fri Feb 07 14:06:36 +0800 2020,"钟南山说封武汉的时候,还有武汉人说,只有你们外地人在瞎紧张…我们该吃吃该玩玩开开心心准备过年…事情没有发展到现在…谁都没想到严重性",7205479236,数据缺失,快被逼疯的小小小非洲人,337,33,f
4469328835054475,Fri Feb 07 13:48:12 +0800 2020,昨天半夜 12点 3点 9点,5748209355,17,兔头宅急送,11,28817,f
4469330559324092,Fri Feb 07 13:55:04 +0800 2020,昨天9点多没有呼吸的，然后民间自发借的ecmo，借了两个多小时，可想而知,2274451620,数据缺失,东京东京东京塔,632,290,f
4469448323276995,Fri Feb 07 21:43:01 +0800 2020,回复<a href='/n/脸都红了333'>@脸都红了333</a>:那人家就是没有，你能怎么办，具体你得问他们领导去了,6271927539,数据缺失,Unrestrained-Me,20,78,m
4469328462611388,Fri Feb 07 13:46:44 +0800 2020,说那都晚了，他们公信力没了,6063254778,18,九鬼松楠,57,336,m
4469329741781224,Fri Feb 07 13:51:49 +0800 2020,彻查他的医嘱，光明，是一种态度，我们就要光明,2274451620,11,东京东京东京塔,632,290,f
4469329745427599,Fri Feb 07 13:51:50 +0800 2020,满口的仁义道德其实是吃人。,5018232567,10,一朵温情,114,171,f
4469436658364379,Fri Feb 07 20:56:39 +0800 2020,当代鲁迅,1372695851,数据缺失,八彩五月网,319,486,m
4469330240892408,Fri Feb 07 13:53:48 +0800 2020,好好查查李医生去世时候发生了什么，政府到底作为不作为。,6073548191,9,藏不住的大白牙,22,86,f
4469332584880950,Fri Feb 07 14:03:06 +0800 2020,心痛！悲哀！,6881706733,数据缺失,Lai-荞妹,77,153,f
4469328374208308,Fri Feb 07 13:46:23 +0800 2020,人在做，天在看！真是一出好戏啊！,6065710665,12,可乐的杂货铺201611,252,69,f
4469330861212938,Fri Feb 07 13:56:15 +0800 2020,我们要真相，要道歉。不看这些官场话,2000589365,6,清晨C-liang,163,611,m
4469330135351506,Fri Feb 07 13:53:23 +0800 2020,能不能不关闭评论？,3901621147,10,八月的蜜蜜,39,49,f
4469331469514134,Fri Feb 07 13:58:41 +0800 2020,老百姓需要有正常发言的地方，我们不是法律工作者，做不到言论严谨，我们说的就是心里面想说的话，在如此疫情面前，政府处置失当，难道百姓连质疑的声音不允许吗？,3901621147,数据缺失,八月的蜜蜜,39,49,f
4469329578207025,Fri Feb 07 13:51:10 +0800 2020,关爱医务人员，团结一致，万众一心。 那些企图打着“李文亮医生”旗号，引导舆论，试图击溃人民自信心和分裂民族凝聚力的人，请你做个人吧！ 请网民认真思考，合理质疑，不要被带节奏,3568328232,9,l海是没有城的墙l,604,55,f
4469328612824691,Fri Feb 07 13:47:19 +0800 2020,大家发了又来精选一些评论……,5142269784,7,Blingbling茗,517,1144,f
4469329200799396,Fri Feb 07 13:49:40 +0800 2020,大家关心的是是被训诫的事吧,6202545164,3,爱骑马的憨憨,3127,459,m
4469330014037724,Fri Feb 07 13:52:54 +0800 2020,确实 而且落实之后 训诫的事怎么解决的 为啥没看到道歉,6073548191,数据缺失,藏不住的大白牙,22,86,f
4469332153056677,Fri Feb 07 14:01:24 +0800 2020,回复<a href='/n/藏不住的大白牙'>@藏不住的大白牙</a>:对需要一个答案，谁下令训诫的，是谁在掩盖给国家和人民带来如此大的伤害，这种人有什么可包庇的,6202545164,数据缺失,爱骑马的憨憨,3127,459,m
4469332279086334,Fri Feb 07 14:01:54 +0800 2020,心痛！悲哀！起来！不愿做奴隶的人们！,6881706733,3,Lai-荞妹,77,153,f
4469329158989891,Fri Feb 07 13:49:30 +0800 2020,2月6日21:30分 在墓地 读着墓碑上 那些已离开这人世的 所有好人的名字  我怀疑 坏人都埋在哪里? 还是他们永远活在我们中间?,1894776975,7,浓墨淡青,29,38,m
4469330139553260,Fri Feb 07 13:53:23 +0800 2020,你能做到吗 你能听明白吗,6122611790,2,七瓣大蒜,473,24847,f
4469330672735203,Fri Feb 07 13:55:31 +0800 2020,光明，是一种态度，我们需要这种态度,2274451620,2,东京东京东京塔,632,290,f
4469329896441639,Fri Feb 07 13:52:26 +0800 2020,呵呵,5822080095,2,兔子BaobaooO,12,31,f
4469329527347624,Fri Feb 07 13:50:57 +0800 2020,那另外那些为抗疫而牺牲的人是否也应该拥有这样的悼念文？,3070969200,2,崛起的甜甜,250,144,f
4469328340061154,Fri Feb 07 13:46:14 +0800 2020,我就静静地看着,2901304551,2,hyf_1996,616,690,m
4469340294088470,Fri Feb 07 14:33:45 +0800 2020,别致敬 我们要道歉,5629811624,2,改名字运气就能好了吗,477,2432,m
4469441171102690,Fri Feb 07 21:14:35 +0800 2020,真相:昨下午六点，李病危，院长被骂，迫于舆论，急忙从别处借ECOM，一直到晚上十点多才送到医院。李心肺复苏按压3小时，肋骨全断。晚九点半，确认死亡。领导让继续插管抢救，医生护士不解，十点四十左右放弃抢救，十一点张发博确认李死亡，被秒删。此时ECOM到院，领导继续让抢救，数小时后，公布李死亡,6271927539,1,Unrestrained-Me,20,78,m
4469336113017849,Fri Feb 07 14:17:08 +0800 2020,全力抢救了？<a href='/n/光明日报'>@光明日报</a> <a href='/n/武汉中心医院'>@武汉中心医院</a> <a href='/n/央视新闻'>@央视新闻</a> <a href='/n/光明日报'>@光明日报</a> <a href='/n/平安武汉'>@平安武汉</a>,6620296350,1,田朴子璞,112,91,f
4469334942038181,Fri Feb 07 14:12:29 +0800 2020,光明就仅仅是一种态度？难道不是一种作为吗？,5851146635,1,NIGHTMARE-BY,67,54,f
4469328814992213,Fri Feb 07 13:48:07 +0800 2020,昨晚哭了好久好久。发生的客观事实就是  李文亮医生去世了。而且他带这一张训诫书走了。而最打动我的是。 他才34岁， 妻子也感染了，还有未出世的孩子。 武汉大学毕业呀,3906423318,1,lxp2013222429,134,144,m
4469328571751971,Fri Feb 07 13:47:09 +0800 2020,"中央必须要查清楚真相  还李医生一个公道<span class=""url-icon""><img alt=[泪] src=""https://h5.sinaimg.cn/m/emoticon/icon/default/d_lei-1b4b02f8b1.png"" 
                style=""width:1em; height:1em;"" /></span><span class=""url-icon""><img alt=[泪] src=""https://h5.sinaimg.cn/m/emoticon/icon/default/d_lei-1b4b02f8b1.png"" 
                style=""width:1em; height:1em;"" /></span><span class=""url-icon""><img alt=[泪] src=""https://h5.sinaimg.cn/m/emoticon/icon/default/d_lei-1b4b02f8b1.png"" 
                style=""width:1em; height:1em;"" /></span><span class=""url-icon""><img alt=[泪] src=""https://h5.sinaimg.cn/m/emoticon/icon/default/d_lei-1b4b02f8b1.png"" 
                style=""width:1em; height:1em;"" /></span><span class=""url-icon""><img alt=[泪] src=""https://h5.sinaimg.cn/m/emoticon/icon/default/d_lei-1b4b02f8b1.png"" 
                style=""width:1em; height:1em;"" /></span>",5447729712,2,闫一鸣entilll,575,347,f
4469504908444330,Sat Feb 08 01:27:52 +0800 2020,何时道歉，为其正名<a href='/n/人民日报'>@人民日报</a>,1886791514,0,破碎流年年,378,697,m
4469383252531734,Fri Feb 07 17:24:26 +0800 2020,主持人当时也哽咽了,1228028423,0,小花宝儿儿,179,61,f
4469349278515161,Fri Feb 07 15:09:27 +0800 2020,叫别人 关爱 医护人员 你们呢 ？这么久了 连一个正视都不肯 一句道歉都没有 ....明显官老爷架子比较重要啊,1947742643,0,仙灵古堡,41,422,m
4469348221983520,Fri Feb 07 15:05:14 +0800 2020,武汉使用私家车来住，特别是越野车和面包车，人在里面有空调不冷，比体育馆好用，还一人一车不会互相感染，比体育馆好，还可以无聊的时候听广播和给手机充电，还有私密性的好处，武汉几百万辆私家车马上可以用，不需要时间去等,5039610854,0,huyuetianshi1988,163,154,m
4469346833575068,Fri Feb 07 14:59:43 +0800 2020,这次疫情大家都受苦了，借此表达一下对光明的期盼,1196516393,0,天色不早了,309,1707,m
4469343918573670,Fri Feb 07 14:48:09 +0800 2020,人不在了，有什么用呢,5227247048,0,风随星辰,86,181,m
4469336377364088,Fri Feb 07 14:18:11 +0800 2020,tm人不在了就哀悼哀悼就完事了,6612320695,0,TL-Hmmm,72,83,m
4469335512402850,Fri Feb 07 14:14:45 +0800 2020,道歉！,6610478563,0,阿于2006,507,114,m
4469334015679828,Fri Feb 07 14:08:48 +0800 2020,叼 垃圾,5245742652,0,周傑JerryChow,190,177,m
4469333390922251,Fri Feb 07 14:06:19 +0800 2020,不要你们虚情假意惺惺作态当初干什么去了！！！只要平反！！！,5230977661,0,i2455,16,8,f
4469330999442837,Fri Feb 07 13:56:48 +0800 2020,呵呵,2628484875,0,NI520i,47,6,f
4469330995929882,Fri Feb 07 13:56:48 +0800 2020,"让李医生好好的走吧，安息<span class=""url-icon""><img alt=[蜡烛] src=""https://h5.sinaimg.cn/m/emoticon/icon/others/o_lazhu-6209fc6e73.png"" 
                style=""width:1em; height:1em;"" /></span><span class=""url-icon""><img alt=[蜡烛] src=""https://h5.sinaimg.cn/m/emoticon/icon/others/o_lazhu-6209fc6e73.png"" 
                style=""width:1em; height:1em;"" /></span><span class=""url-icon""><img alt=[蜡烛] src=""https://h5.sinaimg.cn/m/emoticon/icon/others/o_lazhu-6209fc6e73.png"" 
                style=""width:1em; height:1em;"" /></span>",6873923357,0,Happinesswwww,105,11,f
4469329225472456,Fri Feb 07 13:49:46 +0800 2020,"请关注受灾最严重的县级市。 湖北汉川110万人县级市，感染人数530，死亡12，无三甲医院！医疗资源紧缺！医护人员严重不足！请求支援！<a  href=""https://m.weibo.cn/search?containerid=231522type%3D1%26t%3D10%26q%3D%23%E6%B1%89%E5%B7%9D%E5%91%8A%E6%80%A5%23&extparam=%23%E6%B1%89%E5%B7%9D%E5%91%8A%E6%80%A5%23"" data-hide=""""><span class=""surl-text"">#汉川告急#</span></a>",6117410702,0,前一秒钟自由放空,117,16,m
4469329150178959,Fri Feb 07 13:49:28 +0800 2020,滚,6860802275,0,高泽就是爱佳佳,4,1,m
4469328902508771,Fri Feb 07 13:48:29 +0800 2020,能不能给他家开一个捐款渠道？,3906423318,0,lxp2013222429,134,144,m
4469330886457436,Fri Feb 07 13:56:22 +0800 2020,为什么,5848317282,数据缺失,衣尤lm,94,78,f
4469328873645791,Fri Feb 07 13:48:22 +0800 2020,伤的是全中国老百姓的心！太凉了,1305198267,1,H樂樂,310,157,f
4469328327843216,Fri Feb 07 13:46:12 +0800 2020,呵呵,1075145661,0,德玛西亚光子炮,599,334,f
4469328106015325,Fri Feb 07 13:45:19 +0800 2020,呵呵,2628484875,0,NI520i,47,6,f
4469328092811065,Fri Feb 07 13:45:16 +0800 2020,?,2681439752,1,千年老蕉,138,290,f
4469328458092697,Fri Feb 07 13:46:43 +0800 2020,默默看着，要不要再删再来精选……,2347509954,8,日暮不赏t,62,115,m
4469335160819013,Fri Feb 07 14:13:21 +0800 2020,"监察委赴武汉的新闻透露出来仅仅20分钟后，卫健委表态了，为卫健委的高效点赞<span class=""url-icon""><img alt=[good] src=""https://h5.sinaimg.cn/m/emoticon/icon/others/h_good-644bcfa993.png"" 
                style=""width:1em; height:1em;"" /></span>，更为卫健委的觉悟敏感度点赞<span class=""url-icon""><img alt=[赞] src=""https://h5.sinaimg.cn/m/emoticon/icon/others/h_zan-e3d1e596da.png"" 
                style=""width:1em; height:1em;"" /></span>",6062686800,0,seismic_yang,13,24,m
4469328243786630,Fri Feb 07 13:45:52 +0800 2020,向英雄致敬,6499976312,1,长着狗耳朵的猫猫,30,3,f
4469728514882492,Sat Feb 08 16:16:24 +0800 2020,我们要的是道歉和正名。,7387862293,0,古典诺斯替主义,133,19,f
4469336762319330,Fri Feb 07 14:19:43 +0800 2020,被训诫背后的事肯定有很多难言之隐，每一位在家的中国人在痛惜无奈的时候，请务必冷静镇定，把精力集中在防控疫情上，而不是互相攻击，非常时期万事不易，湖北加油！中国加油！,5307895618,1,FLOVV3R,63,22,m
4469328760299051,Fri Feb 07 13:47:55 +0800 2020,请为李文亮医生正名！不要假惺惺的“痛惜”！请不要再说他是八个造谣者之一！真正的造谣者是疫情发生之后，公开表示“可防可控”的政府官员！,3852578709,2,行测申论不上75不改名,910,711,f
