﻿4484275766204700,Thu Mar 19 19:41:59 +0800 2020,预设好了自己愿意相信的结果，多少调查都没用。以前的泸州学生跳楼事件也是，李医生这事也是。这么多年了，人心真是一点没变,3190083193,39,ephemeralia,156,372,m
4484276160922329,Thu Mar 19 19:43:32 +0800 2020,"就这？<span class=""url-icon""><img alt=[疑问] src=""https://h5.sinaimg.cn/m/emoticon/icon/default/d_yiwen-40a816d206.png"" style=""width:1em; height:1em;"" /></span>",6672557563,17,阿醺醺醺醺,89,35,f
4484276047801348,Thu Mar 19 19:43:06 +0800 2020,整篇文章，也没什么内容，无非大事化了小事化无，最后就一句话，他吹哨了，可惜听的人是个聋子（最后想说，公安也没干错什么，他们只是遵守职责，他们也不知道当时的真相）,7129487868,19,C罗C罗Cxc罗,606,53,m
4484285228740160,Thu Mar 19 20:19:34 +0800 2020,李文亮是个好医生，愿逝者安息，一路走好,5843686361,37,Only灬小,82,30592,m
4484277477176041,Thu Mar 19 19:48:47 +0800 2020,很详尽了,1236169007,0,夏天有时凉,1143,1494,m
4484278136048714,Thu Mar 19 19:51:24 +0800 2020,还行吧，所有人都没有错，错在咱们没有应对类似情况的制度,1133630645,4,corbie,214,108,m
4484278580602952,Thu Mar 19 19:53:09 +0800 2020,看调查报告的意思是有法可依的，那依据的是哪个法律的哪一条，既然依据这样的法律导致了错误的后果，那是不是法律本身就有问题，是不是本身就不够严谨导致容易错用，这时候应该修法了。如果警察依据了法律办了错事，凭什么要把责任甩给执行的警察？,2542252385,7,宇智波稀里哗啦,67,282,m
4484275875607043,Thu Mar 19 19:42:25 +0800 2020,这就是我们的制度自信！我为生活在中国而骄傲！支持党中央的一切决定！中国加油！,6124607776,2,我永远只喜欢堀未央奈,9,21,f
4484285736268743,Thu Mar 19 20:21:36 +0800 2020,医院有关领导具体是谁？能说么？,5684071525,2,长腿大王哈哈哈,64,54,m
4484278929157441,Thu Mar 19 19:54:33 +0800 2020,我找不出问题，或许这才是问题的原因，我不知道该怪谁，只是觉得那么多年老体弱的人都治好了，李医生却……,6138840958,1,Yukiho的心,62,17,f
4484595963605531,Fri Mar 20 16:54:20 +0800 2020,致敬李文亮医生，支持国家的决定,5624103398,0,曹欣思s,128,47,f
4484364563541170,Fri Mar 20 01:34:49 +0800 2020,如果依照中华人民共和国传染病法调查处理，会是什么结论,1366802735,0,香菇土豆炸酱面,384,245,m
4484333559520939,Thu Mar 19 23:31:37 +0800 2020,个人谈点感想： 1.谈话派出所和当事民警没错，他们依法履行职责，希望不要让履责的基层民警扛锅 2.12月30日和31日是个重要时间节点 3.协和专家为什么没提前介入？ 4.院外专家判断医疗方案比较规范，主诊医生认为医疗方案规范，两人判断为什么有差距？,1454390373,0,篱笆墙上的粑粑,52,23,m
4484305953125256,Thu Mar 19 21:41:56 +0800 2020,过程写得很详细,1196516393,0,天色不早了,309,1707,m
4484277834456443,Thu Mar 19 19:50:12 +0800 2020,蹲后续,2016835517,0,灿烂的淞,794,307,f
4484277393648883,Thu Mar 19 19:48:27 +0800 2020,"处理很中肯了<span class=""url-icon""><img alt=[good] src=""https://h5.sinaimg.cn/m/emoticon/icon/others/h_good-644bcfa993.png"" style=""width:1em; height:1em;"" /></span>",7285922555,0,啊啊啊去2019,65,13,f
4484277540495241,Thu Mar 19 19:49:01 +0800 2020,官方的不得了,6579061426,1,刘老妹儿吖,23,0,f
