﻿4469324679143279,Fri Feb 07 13:31:42 +0800 2020,中央已经要全面调查，希望有一个合理的结局,6637228634,34683,渊鱼K,191,601,m
4469324863077015,Fri Feb 07 13:32:26 +0800 2020,我们需要的是道歉,5245110616,30139,清梦星河远,156,78,f
4469324854664667,Fri Feb 07 13:32:24 +0800 2020,致敬？他最需要的是一个道歉,1912390223,24696,羊丽园,389,518,f
4469324574415587,Fri Feb 07 13:31:17 +0800 2020,请照顾好他的家人,6094349617,7756,Juin孤岛,479,97,f
4469324863546143,Fri Feb 07 13:32:26 +0800 2020,致敬已毫无意义 不够重视让我想起了去医院看病的情形 非要严重到无可救药 医生才会极度重视 否则就非常轻视 疫情这件事情到今天地步亦是如此道理,1807284735,6753,多小至,600,783,f
4469324678791227,Fri Feb 07 13:31:42 +0800 2020,经中央批准，国家监察委员会决定派出调查组赴湖北省武汉市，就群众反映的涉及李文亮医生的有关问题作全面调查。最新消息，希望调查清楚，还国人一个事实。<a href='/n/人民日报'>@人民日报</a>,5995260774,5190,吾困吾心,191,163,m
4469326251351862,Fri Feb 07 13:37:57 +0800 2020,致敬已晚了，配合检查吧,3030240965,5066,万饿之猿,264,468,m
4469326616429638,Fri Feb 07 13:39:24 +0800 2020,现在道歉有啥用。。。中央严查吧,1724680812,3819,你是怎么了奥奥,561,179,m
4469324817051349,Fri Feb 07 13:32:14 +0800 2020,国家监委已派调查组来调查了很快会有结果,6362005121,2827,古月5883,151,20,f
4469324535931694,Fri Feb 07 13:31:07 +0800 2020,中央监察委到武汉调查李医生一事了,2640596695,2236,帆船骑士,779,172,m
4469328915131216,Fri Feb 07 13:48:32 +0800 2020,昨天夜里肯定有没睡的吧 一会通知去世 一会通知抢救的。。。,5483419469,1507,桔子杯z,297,16,f
4469324863365852,Fri Feb 07 13:32:26 +0800 2020,既然付出了巨大代价，就要吸取教训。如《观视频》中所说，希望国家完善的辟谣机制，再辟谣的同时给出真实的情况。,5335454187,1427,小学生苦力,37,27,m
4469328609005657,Fri Feb 07 13:47:19 +0800 2020,武汉市政府的致敬毫无意义,1940743081,1427,阿酱易上头,287,470,f
4469329066308440,Fri Feb 07 13:49:08 +0800 2020,百分之二致死率 为什么他这么年轻 说没就没了?,2115623262,1327,BlueblueblueSH,308,520,f
4469326599590247,Fri Feb 07 13:39:19 +0800 2020,补偿他的家人吧 最实际最有用,7190022788,1304,mommemow,134,1,f
4469326662452405,Fri Feb 07 13:39:35 +0800 2020,少说虚言，多做实事。,5359891751,1070,去归北向南,148,145,f
4469331037047418,Fri Feb 07 13:56:57 +0800 2020,一个普通医生就这样走了。 他在过去的一个多月里， 前半个月精神受折磨， 公安训诫单位谈话。 后半个月身体受折磨， 确诊是肺炎尘埃落定。 世界卫生组织哀悼他， 武汉市政府深切哀悼万分惋惜， 中国医师协会也哀悼， 更多的是普通民众哀悼他。,67219571,1034,心理医生范新刚,935,63270,m
4469328591788318,Fri Feb 07 13:47:15 +0800 2020,我始终相信我们的国家，很多情况下我们都可以感受到国家的力量和速度，让我们信心加倍。但是我很恨这些拖国家后腿，损害政府名誉垃圾官，希望中央可以从中可以看到和接受一些地方官就是垃圾到这种程度事实，尽快出一些政策管管这些官，不然真得失明心了。,5609683684,779,一颗小萝bei,201,350,f
4469329191801991,Fri Feb 07 13:49:37 +0800 2020,"致敬？只是致敬？万千网友都知道的来龙去脉仅仅得到的是致敬？ 原谅我的无礼或是无知又或是冲动 我是真的真的觉得非常痛惜 希望还一个公道吧 也希望只此一次 以后别再发生这种事了吧<span class=""url-icon""><img alt=[作揖] src=""https://h5.sinaimg.cn/m/emoticon/icon/others/h_zuoyi-cb12e18fd5.png"" 
                style=""width:1em; height:1em;"" /></span><span class=""url-icon""><img alt=[作揖] src=""https://h5.sinaimg.cn/m/emoticon/icon/others/h_zuoyi-cb12e18fd5.png"" 
                style=""width:1em; height:1em;"" /></span><span class=""url-icon""><img alt=[作揖] src=""https://h5.sinaimg.cn/m/emoticon/icon/others/h_zuoyi-cb12e18fd5.png"" 
                style=""width:1em; height:1em;"" /></span>",6018823295,765,失意小糊,35,40,m
4469324804726192,Fri Feb 07 13:32:12 +0800 2020,一觉醒来就中午了，不知道错过了什么,5455663851,496,小小宇宙0921,3955,3985,f
4469329833377038,Fri Feb 07 13:52:11 +0800 2020,您配吗,6090713955,389,最最最好的kiku,29,43,m
4469330844394979,Fri Feb 07 13:56:12 +0800 2020,因为某些领导的决策和不作为才导致今天这样严重的疫情发生！请问是怀着什么心态去给医生致敬的？,1052412513,430,狐狸先生的夫人,235,100,f
4469324783696608,Fri Feb 07 13:32:07 +0800 2020,英雄走好！当年还差点考去华中师范大学了，还好没有考！,6037880621,304,抹茶味的华夫饼,287,292,m
4469325769415844,Fri Feb 07 13:36:02 +0800 2020,光明，是一种态度,3643331441,299,天涯共此时1314,157,43,m
4469326029084047,Fri Feb 07 13:37:04 +0800 2020,照顾好他家人以及道歉,6548877847,292,星空der鹿鹿,279,130,f
4469324481879755,Fri Feb 07 13:30:55 +0800 2020,请照顾好他的家人,2183856230,210,hccity,419,112,f
4469327073787202,Fri Feb 07 13:41:13 +0800 2020,救救李医生的家人吧！,1804321221,203,芒芒碌碌,394,173,f
4469328873056374,Fri Feb 07 13:48:22 +0800 2020,有用吗？人都不在了,1973725397,189,蚊子princess的小窝,608,440,f
4469328898302573,Fri Feb 07 13:48:28 +0800 2020,接受中央调查吧，现在才知道要致歉！,2353179355,140,Elizabethhhhhhhhhhh,236,338,m
4469326021413699,Fri Feb 07 13:37:02 +0800 2020,呵呵,5637354392,149,烟火_earth,151,25,m
4469329485538412,Fri Feb 07 13:50:47 +0800 2020,是不是真的中央派人去调查了，有人能跟我说一声吗？消息可靠吗？昨晚哭了大半夜，睡到中午才醒的,5674821629,131,爱吃龙眼的小雯雯,56,23,f
4469329485545167,Fri Feb 07 13:50:48 +0800 2020,"好难受 妻子孩子怎么办<span class=""url-icon""><img alt=[悲伤] src=""https://h5.sinaimg.cn/m/emoticon/icon/default/d_beishang-f8d6de06c8.png"" 
                style=""width:1em; height:1em;"" /></span>",6122611790,100,七瓣大蒜,473,24847,f
4469324855130805,Fri Feb 07 13:32:24 +0800 2020,明白,2822415115,83,开水白菜__,534,323,m
4469324603008433,Fri Feb 07 13:31:24 +0800 2020,人民英雄一路走好！,1038705983,100,茉莉清香zxf,366,43,f
4469333301921296,Fri Feb 07 14:05:58 +0800 2020,世界上没有从天而降的英雄 只有挺身而出的凡人,5312303469,94,只想来看看21,178,45,m
4469328328499358,Fri Feb 07 13:46:12 +0800 2020,中央一定要严查，李医生多好,5473073933,98,一米阳光or小瓶子,610,156,f
4469329938536160,Fri Feb 07 13:52:36 +0800 2020,人活着的时候就应该好好治疗抢救,2714660941,73,瑶环瑜珥糕,415,142,f
4469328898886284,Fri Feb 07 13:48:27 +0800 2020,身边的公知还挺多 其实学历也不过是本科大二还没读完 他们获取信息的方式只有通过片面的自媒体 真是可悲 在自己都没有形成自己的分析时头脑已经被潜移默化的影响 麻木和愚昧地嚷嚷着是与非 而且爸妈没有教过不要不懂装懂么,3638781382,91,Vividjjx,186,828,f
4469327074163596,Fri Feb 07 13:41:13 +0800 2020,始终坚信，正义可能会迟到，但永远不会缺席,5237182307,70,懒猫晚期少女,156,47,f
4469329959573513,Fri Feb 07 13:52:40 +0800 2020,呵呵，来查了你致敬，早干嘛了,5827519465,81,小姐姐kunkun,440,62,f
4469332900069249,Fri Feb 07 14:04:21 +0800 2020,"问过自己配不配了吗<span class=""url-icon""><img alt=[拜拜] src=""https://h5.sinaimg.cn/m/emoticon/icon/default/d_baibai-71b47dffdc.png"" 
                style=""width:1em; height:1em;"" /></span>",6098819591,78,稻稻稻稻稻城-,374,5064,m
4469330857005181,Fri Feb 07 13:56:14 +0800 2020,致敬有什么用……人都已经去世了……可惜了一位人民的好医生,5445018603,63,尤美mi,98,48,f
4469328814402331,Fri Feb 07 13:48:08 +0800 2020,来公示下，你们怎么表示慰问的？不需要公示，请做出有效行动！！,2411550132,56,河南南阳新野冤案蔡保建,1425,654,f
4469329598490654,Fri Feb 07 13:51:15 +0800 2020,希望中央能有个合理的解释 调查清楚 还英雄一个清白,6263326067,74,H1947495922,69,3,f
4469332559627050,Fri Feb 07 14:03:00 +0800 2020,昨晚半夜看到了好多消息真的很悲愤，希望中央一定要严查，还一个公道,5441337039,51,柒-槿年,96,43,f
4469329242871511,Fri Feb 07 13:49:50 +0800 2020,作为一名医生，他确实是一个英雄。希望不只是李医生，也希望其他医护人员感染了病毒可以得到足够的重视。,2093379267,57,Landzg_,37,45,m
4469328873642197,Fri Feb 07 13:48:22 +0800 2020,希望中央有一个合理的结果,3739973683,55,大爷从没赢,4,46,m
4469333927595944,Fri Feb 07 14:08:27 +0800 2020,都说网上喷子和键盘侠多，现在你网民再怎么表达愤怒也没法在微博上体现了，因为别人根本就看不到,2348492011,55,乔峙雄,141,115,m
4469332514326626,Fri Feb 07 14:02:50 +0800 2020,善待每一个在这时期说真话的人,5870481721,36,泰国普吉减肥训练营,64,10364,m
4469333927045733,Fri Feb 07 14:08:26 +0800 2020,我们需要的是公正，公平，还有真相。这么年轻，不应该感染后这么快就不在了。。我们需要真相,1984826545,55,小小弥胡桃,340,127,m
4469332580993742,Fri Feb 07 14:03:06 +0800 2020,不要致敬，要道歉。要给李医生家人补偿。,1883036100,44,carrieyunyun,169,271,f
4469329586436304,Fri Feb 07 13:51:11 +0800 2020,我们需要道歉，和对家人妥善安排,3919796301,28,泡芙小姐姐姐姐,394,182,f
4469326025110313,Fri Feb 07 13:37:03 +0800 2020,英雄,5444068108,31,南瓜茶先生,533,449,m
4469333314538700,Fri Feb 07 14:06:00 +0800 2020,有些人的致敬太吓人了，等调查完再说吧,2095796183,38,小赵老师Jingtonix,110,121,m
4469342748070661,Fri Feb 07 14:43:30 +0800 2020,昨晚没睡的轻轻路过,6817644973,20,春天快快来,49,14,m
4469333160351224,Fri Feb 07 14:05:23 +0800 2020,致敬，这个词语真好听，中央和群众会看到致敬，但不会被致敬所蒙蔽,6372458230,16,安河桥北的xiaoqi,544,111,m
4469333223181692,Fri Feb 07 14:05:39 +0800 2020,死了人就致敬，深切哀悼，真的有哀悼吗？我们需要的是哀悼吗？李文亮医生需要的是道歉。,1526357591,30,游弋的蓝小鱼,462,261,f
4469331003730769,Fri Feb 07 13:56:50 +0800 2020,国家监委出马希望有一个合理的解释吧,2749881825,14,gkoiu,273,113,f
4469328877514021,Fri Feb 07 13:48:23 +0800 2020,等着调查吧,5850334928,15,honey田田圈,984,183,f
4469329716360520,Fri Feb 07 13:51:43 +0800 2020,不仅调查清楚，赔偿也要到位,1806732265,21,圆圆酱姑娘,1376,702,f
4469338209426047,Fri Feb 07 14:25:28 +0800 2020,人微言轻，差一点拯救了所有人，英雄走好,6319483937,20,MZ沙雕,77,0,m
4469328915377875,Fri Feb 07 13:48:32 +0800 2020,最相信纪委，从小的敬仰,7330814545,17,resulttess,54,2,m
4469342517161496,Fri Feb 07 14:42:34 +0800 2020,世界以痛吻我，我却报之以歌。,5551641439,6,ssamayo,954,148,m
4469329749456827,Fri Feb 07 13:51:50 +0800 2020,人都走了。。,1744251832,12,考拉的棉花糖,834,814,f
4469327048535918,Fri Feb 07 13:41:07 +0800 2020,一路走好！好难过。,1425223643,17,凭海临风927,2133,1073,f
4469332811648288,Fri Feb 07 14:04:00 +0800 2020,我希望我能看到调查内容，以及最终结果,2935300747,5,Blanche七七,331,192,f
4469329699226257,Fri Feb 07 13:51:39 +0800 2020,没事没事 中央已经成立了调查组呢,5889801515,8,撒一颗软糖-,188,131,f
4469329468870381,Fri Feb 07 13:50:44 +0800 2020,现在对于他来说可能不需要你的致敬，请先为他正名，然后照顾好他的一家老小比你的致敬更有用。,5262431754,14,青青子衿lllllll,407,57,f
4469329577854803,Fri Feb 07 13:51:10 +0800 2020,给监察组好好说说怎么个致敬法吧,2833732904,8,我是他长,24,41,m
4469329221106995,Fri Feb 07 13:49:44 +0800 2020,"你也别哀悼了<span class=""url-icon""><img alt=[怒] src=""https://h5.sinaimg.cn/m/emoticon/icon/default/d_nu-54e54e160b.png"" 
                style=""width:1em; height:1em;"" /></span><span class=""url-icon""><img alt=[怒] src=""https://h5.sinaimg.cn/m/emoticon/icon/default/d_nu-54e54e160b.png"" 
                style=""width:1em; height:1em;"" /></span><span class=""url-icon""><img alt=[怒] src=""https://h5.sinaimg.cn/m/emoticon/icon/default/d_nu-54e54e160b.png"" 
                style=""width:1em; height:1em;"" /></span>反正中央要来调查了！！！！！",2562012093,11,柒柒三十二,319,305,f
4469333214106156,Fri Feb 07 14:05:36 +0800 2020,英雄已经逝世，可悲的是微博还有营销号借机带节奏，这难道不是对英雄的侮辱吗,5655536748,8,Hyperiondepotship,243,41,m
4469333181121148,Fri Feb 07 14:05:29 +0800 2020,中央来调查了，太好了，请还李医生及其家人一个公道！,1771717341,9,荡漾双十年华,94,40,f
4469328302588126,Fri Feb 07 13:46:05 +0800 2020,我可以理解成是道歉吗？,5358870929,6,仁者无敌7998,37,783,f
4469339653106151,Fri Feb 07 14:31:12 +0800 2020,人死了有啥用 照顾人家妻子孩子家人才重要,5326473343,3,a装睡的璐小姐,286,532,f
4469337152508107,Fri Feb 07 14:21:16 +0800 2020,"早干嘛来着？人都没了<span class=""url-icon""><img alt=[泪] src=""https://h5.sinaimg.cn/m/emoticon/icon/default/d_lei-1b4b02f8b1.png"" 
                style=""width:1em; height:1em;"" /></span><span class=""url-icon""><img alt=[泪] src=""https://h5.sinaimg.cn/m/emoticon/icon/default/d_lei-1b4b02f8b1.png"" 
                style=""width:1em; height:1em;"" /></span><span class=""url-icon""><img alt=[泪] src=""https://h5.sinaimg.cn/m/emoticon/icon/default/d_lei-1b4b02f8b1.png"" 
                style=""width:1em; height:1em;"" /></span>",1490427180,6,qiaoqiaoweiwei,82,142,f
4469339748946407,Fri Feb 07 14:31:34 +0800 2020,向这些伟大的逆行者致敬！但致敬对于他而言是不够的！活着的时候他要的是一份认可、是政府给予的精神支持，如果给那么一点点也好啊！请不要让广大医生心寒、让广大医生家属心寒！希望政府能够给予这些伟大的逆行者一个交待，一份理解！相信我们的政府、我们的祖国会让我们永远在光明之中感受希望！,3820641321,10,劉敏莹,273,330,f
4469337450892241,Fri Feb 07 14:22:26 +0800 2020,追责,2853985710,4,Garlicclove,130,48,m
4469329565584442,Fri Feb 07 13:51:07 +0800 2020,还原真相,3227743531,10,晓晓jjjjjj0311,55,58,f
4469329237676584,Fri Feb 07 13:49:48 +0800 2020,"请给他一个道歉<span class=""url-icon""><img alt=[悲伤] src=""https://h5.sinaimg.cn/m/emoticon/icon/default/d_beishang-f8d6de06c8.png"" 
                style=""width:1em; height:1em;"" /></span>",3168626732,3,越越kitty,162,3239,f
4469328579163992,Fri Feb 07 13:47:12 +0800 2020,中国加油🇨🇳,6643042348,8,憋住气亲自己,72,128,f
4469333306124920,Fri Feb 07 14:05:58 +0800 2020,国家还是在进步的,1745895134,4,吴家的sweeties,84,242,f
4469332991825630,Fri Feb 07 14:04:44 +0800 2020,我希望我能看到调查内容，及最终结果,2935300747,4,Blanche七七,331,192,f
4469332630926231,Fri Feb 07 14:03:18 +0800 2020,"需要一个道歉就那么难吗<span class=""url-icon""><img alt=[泪] src=""https://h5.sinaimg.cn/m/emoticon/icon/default/d_lei-1b4b02f8b1.png"" 
                style=""width:1em; height:1em;"" /></span><span class=""url-icon""><img alt=[泪] src=""https://h5.sinaimg.cn/m/emoticon/icon/default/d_lei-1b4b02f8b1.png"" 
                style=""width:1em; height:1em;"" /></span><span class=""url-icon""><img alt=[泪] src=""https://h5.sinaimg.cn/m/emoticon/icon/default/d_lei-1b4b02f8b1.png"" 
                style=""width:1em; height:1em;"" /></span>",1027555814,5,莫奈之花园,817,483,f
4469330865426842,Fri Feb 07 13:56:17 +0800 2020,全面调查,1854960457,5,深圳深深深几许,540,125404,m
4469339849433791,Fri Feb 07 14:31:59 +0800 2020,已经不想看新闻了……说不出来的感受，就想哭,1594884954,6,紫氏春丽,1276,386,f
4469339078519057,Fri Feb 07 14:28:55 +0800 2020,中央必须彻查 ！,2450856697,7,没有微博名1111111,293,294,f
4469333516859010,Fri Feb 07 14:06:49 +0800 2020,民意是要听取的，必须有所回应。,6332102979,6,Jacky_hwj,197,88,m
4469332803233041,Fri Feb 07 14:03:58 +0800 2020,希望中央严查，给一个说法,1968255820,9,jessicasisii小珏,175,1363,f
4469332522010412,Fri Feb 07 14:02:51 +0800 2020,请武汉市政府善待他的家人！,6267422344,5,用户marongman1666,13,1,f
4469332476256526,Fri Feb 07 14:02:40 +0800 2020,人都走了，这种致敬有什么意义呢，不如多照顾照顾他的家人吧,1567043424,5,不止旅行,10,7035,f
4469330860890019,Fri Feb 07 13:56:15 +0800 2020,🌠🌠🌠 致平凡的人 尽却尘与土 你我同根 闻魂游陌曲 亮照汉阳树,5042709899,6,参灵江南,446,189,m
4469329954918566,Fri Feb 07 13:52:40 +0800 2020,"李医生一路走好<span class=""url-icon""><img alt=[蜡烛] src=""https://h5.sinaimg.cn/m/emoticon/icon/others/o_lazhu-6209fc6e73.png"" 
                style=""width:1em; height:1em;"" /></span><span class=""url-icon""><img alt=[蜡烛] src=""https://h5.sinaimg.cn/m/emoticon/icon/others/o_lazhu-6209fc6e73.png"" 
                style=""width:1em; height:1em;"" /></span><span class=""url-icon""><img alt=[蜡烛] src=""https://h5.sinaimg.cn/m/emoticon/icon/others/o_lazhu-6209fc6e73.png"" 
                style=""width:1em; height:1em;"" /></span>",5659244133,5,我是坚强的贝壳girl,339,94,f
4469339451500048,Fri Feb 07 14:30:24 +0800 2020,可惜了，又少了个人才,5093290957,5,李玉霞思密达,212,63,f
4469339275334179,Fri Feb 07 14:29:41 +0800 2020,我建议你们在水果湖立个李医生的雕像,6909334334,9,焦急发汗,56,3,m
4469332480665272,Fri Feb 07 14:02:42 +0800 2020,希望能照顾好他的家人，给他们充分的尊重，让他体面的离开,5822247351,6,N丶哈尔莫尼亚,132,1122,f
4469329955819521,Fri Feb 07 13:52:40 +0800 2020,"想哭，求疫情快点过去吧<span class=""url-icon""><img alt=[泪] src=""https://h5.sinaimg.cn/m/emoticon/icon/default/d_lei-1b4b02f8b1.png"" 
                style=""width:1em; height:1em;"" /></span>",7268825040,2,梦过后70626,420,32,f
4469329082921725,Fri Feb 07 13:49:12 +0800 2020,打太极,2400784261,7,云朵点宝宝,421,25,f
4469404584620568,Fri Feb 07 18:49:13 +0800 2020,先道歉吧,3230969161,1,苏大强祝李汶翰26岁生日快乐,1030,31234,m
4469340482826861,Fri Feb 07 14:34:29 +0800 2020,是吗,2164860213,2,biu_11111,526,2565,f
4469335412479775,Fri Feb 07 14:14:21 +0800 2020,人死不能复生 做点实际的吧！关心下妻儿以后的生活 多给予帮助,1875610463,4,每天自个儿吃,65,57,m
4469333394590703,Fri Feb 07 14:06:20 +0800 2020,哦……,5436575454,5,Blink第X号,289,55,f
4469333222528091,Fri Feb 07 14:05:39 +0800 2020,人间正道是沧桑,5671039959,5,诸葛猴急09,47,29,m
4469332773489797,Fri Feb 07 14:03:52 +0800 2020,希望他的家人能够好好的生活,1232202772,3,做自己的太阳213,2236,1327,f
4469332631381791,Fri Feb 07 14:03:18 +0800 2020,道歉,1930867585,6,Hi景欢,972,830,f
4469332522023097,Fri Feb 07 14:02:52 +0800 2020,彻查吧,7344044190,7,你在哪里201005,42,0,m
4469332283714776,Fri Feb 07 14:01:55 +0800 2020,要真相,5589745516,2,小鱼儿麻麻嘘嘘小米xuxu,474,138,f
4469329448265878,Fri Feb 07 13:50:38 +0800 2020,致歉！,5636038623,3,yinfaye,307,187,f
4469391872189499,Fri Feb 07 17:58:42 +0800 2020,哦,3023756202,0,AL丶橘子,688,284,m
4469333181124717,Fri Feb 07 14:05:29 +0800 2020,唉……不知道说什么了，请还英雄一个清白！,5056490545,3,最遥远的相遇,194,68,f
4469332455002440,Fri Feb 07 14:02:35 +0800 2020,向英雄致敬,6418525379,0,花荚姐姐,1298,104855,f
4469332254256066,Fri Feb 07 14:01:47 +0800 2020,他是英雄,2123068614,2,鱼泡小先生,131,1463,m
4469328919334882,Fri Feb 07 13:48:33 +0800 2020,"李文亮医生，一路走好<span class=""url-icon""><img alt=[蜡烛] src=""https://h5.sinaimg.cn/m/emoticon/icon/others/o_lazhu-6209fc6e73.png"" 
                style=""width:1em; height:1em;"" /></span><span class=""url-icon""><img alt=[蜡烛] src=""https://h5.sinaimg.cn/m/emoticon/icon/others/o_lazhu-6209fc6e73.png"" 
                style=""width:1em; height:1em;"" /></span><span class=""url-icon""><img alt=[蜡烛] src=""https://h5.sinaimg.cn/m/emoticon/icon/others/o_lazhu-6209fc6e73.png"" 
                style=""width:1em; height:1em;"" /></span>",5494317096,8,可乐与啤酒_,495,572,f
4469328462301467,Fri Feb 07 13:46:44 +0800 2020,需要真相,2704831792,7,Na纳姐,152,285,f
4469342714666958,Fri Feb 07 14:43:22 +0800 2020,"<span class=""url-icon""><img alt=[蜡烛] src=""https://h5.sinaimg.cn/m/emoticon/icon/others/o_lazhu-6209fc6e73.png"" 
                style=""width:1em; height:1em;"" /></span><span class=""url-icon""><img alt=[蜡烛] src=""https://h5.sinaimg.cn/m/emoticon/icon/others/o_lazhu-6209fc6e73.png"" 
                style=""width:1em; height:1em;"" /></span><span class=""url-icon""><img alt=[蜡烛] src=""https://h5.sinaimg.cn/m/emoticon/icon/others/o_lazhu-6209fc6e73.png"" 
                style=""width:1em; height:1em;"" /></span>",6883722299,2,August的老虎,215,21,f
4469333881178518,Fri Feb 07 14:08:16 +0800 2020,等待调查结果，希望英雄不会无缘无故的走,1762188222,6,geroge张智明,440,873,m
4469332773777729,Fri Feb 07 14:03:52 +0800 2020,请照顾好他的家人,6657661770,5,CassieDee,292,33,f
4469333395128742,Fri Feb 07 14:06:20 +0800 2020,123,5721487713,1,一藏森林,231,23,m
4469332765361600,Fri Feb 07 14:03:50 +0800 2020,唉。,6009307182,0,二元醛-,162,18,m
4469330794162492,Fri Feb 07 13:55:59 +0800 2020,呵呵,5422360520,4,国服最菜王者荣耀选手,223,156,m
4469328906315651,Fri Feb 07 13:48:29 +0800 2020,需要一个解释,5221068996,2,小悟T,481,4439,m
4469778800305779,Sat Feb 08 19:36:13 +0800 2020,英雄走好,7029966976,0,小丑八怪咦b,49,0,m
4469643202654848,Sat Feb 08 10:37:24 +0800 2020,"<span class=""url-icon""><img alt=[蜡烛] src=""https://h5.sinaimg.cn/m/emoticon/icon/others/o_lazhu-6209fc6e73.png"" 
                style=""width:1em; height:1em;"" /></span><span class=""url-icon""><img alt=[蜡烛] src=""https://h5.sinaimg.cn/m/emoticon/icon/others/o_lazhu-6209fc6e73.png"" 
                style=""width:1em; height:1em;"" /></span><span class=""url-icon""><img alt=[蜡烛] src=""https://h5.sinaimg.cn/m/emoticon/icon/others/o_lazhu-6209fc6e73.png"" 
                style=""width:1em; height:1em;"" /></span>",6883722299,0,August的老虎,215,21,f
4469618489837945,Sat Feb 08 08:59:12 +0800 2020,配合检查吧,6420252130,0,腰有些突出,74,16,m
4469517797387821,Sat Feb 08 02:19:05 +0800 2020,坦诚面对，,1231233583,0,dcr飞鱼,169,253,m
4469489699788853,Sat Feb 08 00:27:26 +0800 2020,正大好的年华,5109634743,0,张毓婉l,812,207,f
4469408875458726,Fri Feb 07 19:06:16 +0800 2020,现在最重要的难道不是武汉的其他市民吗？知道武汉还有多少人没受到治疗，多少人被感染了吗？事情还没确定呢怎么大家都定性了呢，天啊，这是李医生希望看到的样子吗？挑动民心，不顾疫情，在公共媒体上随意评论没有确定的事，无语了,5544009063,1,零灵06614,466,181,m
4469408291881163,Fri Feb 07 19:03:57 +0800 2020,笑话,1643314143,0,小水牛不吃草只吃肉,233,192,f
4469406014635831,Fri Feb 07 18:54:54 +0800 2020,请保护好他的家人,6516274113,0,顺德容桂一心口腔,194,34,f
4469404723533361,Fri Feb 07 18:49:46 +0800 2020,请还他一个公道！,5709615875,0,yong敢前行,438,53,f
4469402458398091,Fri Feb 07 18:40:46 +0800 2020,他已经看不见了,1876931363,0,邋遢圈,684,324,m
4469401430187475,Fri Feb 07 18:36:41 +0800 2020,应该是道歉才对吧？,3176511634,0,我是满手是翔,262,1764,m
4469395847644615,Fri Feb 07 18:14:30 +0800 2020,人已经走了，能做点实际的吗？希望你们能照顾好他的家人！,6450006964,0,用户玖紫君,1113,171,f
4469340230955158,Fri Feb 07 14:33:30 +0800 2020,唉 一个好医生啊,6168038486,1,瞧我的仙女棒,265,26,f
4469338843066462,Fri Feb 07 14:27:59 +0800 2020,然后呢,1688464510,0,要努力的兔兔,713,319,f
4469337831790047,Fri Feb 07 14:23:57 +0800 2020,<a href='/n/M鹿M的寧七七'>@M鹿M的寧七七</a>    妥善照顾好李医生的家人吧,1893679613,0,二次元萌二呆呆呆,102,345,f
4469337567904659,Fri Feb 07 14:22:54 +0800 2020,我们要真相,2263747270,0,Queenie荞,82,88,f
4469333503737662,Fri Feb 07 14:06:46 +0800 2020,说好的好人一生平安呢？,2843187133,0,我家WiFi不好使,1125,3596,f
4469333264993918,Fri Feb 07 14:05:48 +0800 2020,英雄,6130809984,0,杀马特新乡刘德华,325,547,m
4469332740709554,Fri Feb 07 14:03:43 +0800 2020,补贴啊，致敬以后得给他家人关照,5585638023,1,大雄说酒,98,170,m
4469332572951720,Fri Feb 07 14:03:04 +0800 2020,请做好善后，不能让他白白牺牲,1731516632,0,Chris_RaLe,1205,825,m
4469330840185134,Fri Feb 07 13:56:11 +0800 2020,"<span class=""url-icon""><img alt=[蜡烛] src=""https://h5.sinaimg.cn/m/emoticon/icon/others/o_lazhu-6209fc6e73.png"" 
                style=""width:1em; height:1em;"" /></span>🙏",7147911799,0,大米粥贼好吃,186,33,f
4469329938762867,Fri Feb 07 13:52:36 +0800 2020,严查,5694979953,2,大大大小姐33333,820,30,f
4469329728416170,Fri Feb 07 13:51:45 +0800 2020,"<span class=""url-icon""><img alt=[微笑] src=""https://h5.sinaimg.cn/m/emoticon/icon/default/d_hehe-039d0a6a8a.png"" 
                style=""width:1em; height:1em;"" /></span>好在说有什么用，人都没了",2249241590,2,应该是个很厉害的人儿,507,368,f
4469329431263134,Fri Feb 07 13:50:35 +0800 2020,要道歉,2632322915,0,時雨君的菌,935,241,m
4469329414598459,Fri Feb 07 13:50:31 +0800 2020,致敬能换回一个生命吗,1941652972,2,嬙嫱,207,2007,f
4469329254506237,Fri Feb 07 13:49:52 +0800 2020,唉！早干嘛了,2650495015,0,明天你好yuxi,209,57,f
4469329187451059,Fri Feb 07 13:49:37 +0800 2020,致敬就算了，道歉吧,1267714355,0,周燕妮_Jenny,553,1779,f
4469328918950677,Fri Feb 07 13:48:33 +0800 2020,哦,5636245309,0,阿叮46,45,5,f
4469328600944236,Fri Feb 07 13:47:17 +0800 2020,哦,1988812635,1,段竹君,703,760,f
4469339681652900,Fri Feb 07 14:31:18 +0800 2020,请他一个公道,5081721063,0,文明燕,1144,520,f
4469326947781505,Fri Feb 07 13:40:43 +0800 2020,中央纪委来了，我看武汉政府，武汉中心医院结果如何？,6186020837,78,萌二姐917,131,13,f
4469329753675664,Fri Feb 07 13:51:52 +0800 2020,出师未捷身先死，长使英雄泪满襟,6053368005,7,性感海阔天空666,192,31,m
4469328881337622,Fri Feb 07 13:48:23 +0800 2020,呵呵，真的是惜字如金，就这态度？,5622417792,12,路过大西洋TB,120,126,m
4469329079054105,Fri Feb 07 13:49:11 +0800 2020,哦,3724620584,4,山有木兮木有枝心悦君兮君不知道,83,50,f
4469329938758628,Fri Feb 07 13:52:35 +0800 2020,一定要还疫情“吹哨人”李文亮一个公道,2792272717,7,桐楠桐楠,166,10,m
4469330857580594,Fri Feb 07 13:56:15 +0800 2020,致敬？我们需要的是道歉！,6459473135,4,天下无双4234,86,1,f
4469333307065379,Fri Feb 07 14:05:59 +0800 2020,致敬现在有用吗？,7293476673,1,熟悉的陌生33741,10,1,m
4469340222839997,Fri Feb 07 14:33:28 +0800 2020,希望别被带节奏了,6284261719,5,星坠05395,38,5,m
4469330798062364,Fri Feb 07 13:56:01 +0800 2020,做出实际行动好吗,6590344668,4,心星呐,26,2,f
4469336821375523,Fri Feb 07 14:19:57 +0800 2020,全国人民需要一个答复,6269734905,1,光影猎手Herman,167,29,m
4469333146974333,Fri Feb 07 14:05:21 +0800 2020,冲动是魔鬼,5029952454,3,大爷5029952454,1418,105,m
4469525762002633,Sat Feb 08 02:50:44 +0800 2020,我始终相信我们的国家，很多情况下我们都可以感受到国家的力量和速度，让我们信心加倍。我很恨这些拖国家后腿，损害政府名誉垃圾，各种舆论已经逼得中央出手调查此事，相当于是在疫情严重期分散注意力来做这件事，就这么被舆论要挟着来调查，哎，添乱的人太多，清醒的人太少。现在是谈这些的时候吗？,7252566778,1,萌萌嘛嘛嘛,40,2,f
4469408682237246,Fri Feb 07 19:05:30 +0800 2020,还是要给民众说话的权利和机会！ 要把民怨释放出来才能更好稳定发展！,7341274142,1,玩物尚物,159,5,m
