﻿4469480870398454,Fri Feb 07 23:52:20 +0800 2020,"营销号给老子下去<span class=""url-icon""><img alt=[顶] src=""https://h5.sinaimg.cn/m/emoticon/icon/default/d_ding-e7a0057a7d.png"" 
                style=""width:1em; height:1em;"" /></span>操",6185861332,5235,幻觉欢笑声,97,1243,m
4469480854372885,Fri Feb 07 23:52:17 +0800 2020,中国加油！！！！！,3927092338,1135,hongyang_lmhChen,540,333,m
4469481168829862,Fri Feb 07 23:53:32 +0800 2020,加油！！！！！！！！,6409512624,1261,Ltmiraitowa,314,1237,f
4469480841214714,Fri Feb 07 23:52:14 +0800 2020,永远不知道怀着怎样的心情点开热搜， 抱怨？报恩？愤慨？难过？ 永远不知道真相后来怎样， 于是我们稀里糊涂的活成了沉默的大多数人,6243761175,860,宅就是为社会做贡献,297,11542,f
4469480899853859,Fri Feb 07 23:52:27 +0800 2020,武汉加油！中国加油！,5193445514,578,SevenRidd1e,704,853,f
4469480878548759,Fri Feb 07 23:52:23 +0800 2020,"致敬奋斗在一线工作人员，大家也要保护好自己，远离人群，尽量不出门<span class=""url-icon""><img alt=[拳头] src=""https://h5.sinaimg.cn/m/emoticon/icon/others/h_quantou-0a4441543d.png"" 
                style=""width:1em; height:1em;"" /></span> ",5544774913,495,rabbit每日速递,46,24157,f
4469481932105822,Fri Feb 07 23:56:34 +0800 2020,新年是一个人过的，这个元宵也是。爸妈在武汉汉阳区，我在汉口，老公在广州。不过没关系，我们都很安全，这点就够了。只期望疫情快点能过去，希望我们的医护人员都能平平安安，希望全国人民健健康康。2021年新年，我们再来欢聚一堂，过一个热热闹闹的新年！,1777119091,467,泰瑞是最乖的崽崽,85,350,m
4469480954028530,Fri Feb 07 23:52:41 +0800 2020,加油武汉！加油中国！我们可以！,5731192527,326,羽珊-YiBo,1648,137978,f
4469483366532693,Sat Feb 08 00:02:16 +0800 2020,虽然国家体制和某些官僚有这样那样的问题，但国还是我的国，我们14亿人民的家园！这次疫情的教训希望能吸取，在以后的日子里做得更好[加油][加油][加油][加油][加油][加油],6106563789,81,请外籍入境人员混蛋,82,38,f
4469484461413570,Sat Feb 08 00:06:37 +0800 2020,"李医生事件出来时大家都在声讨，于是出现了一群人：称质疑政府医院高层的人是“海外势力，反动带节奏”，于是所谓的“自由言论”又被压制住了<span class=""url-icon""><img alt=[摊手] src=""https://h5.sinaimg.cn/m/emoticon/icon/default/d_tanshou-3abaa4ed77.png"" 
                style=""width:1em; height:1em;"" /></span><span class=""url-icon""><img alt=[摊手] src=""https://h5.sinaimg.cn/m/emoticon/icon/default/d_tanshou-3abaa4ed77.png"" 
                style=""width:1em; height:1em;"" /></span><span class=""url-icon""><img alt=[摊手] src=""https://h5.sinaimg.cn/m/emoticon/icon/default/d_tanshou-3abaa4ed77.png"" 
                style=""width:1em; height:1em;"" /></span>",2846156632,59,_鯉煜昂,240,245,m
4469482363312146,Fri Feb 07 23:58:16 +0800 2020,那个律师好烦啊！有什么办法让他闭嘴封号啊！我主页关注所有的微博里都有他！比营销号还要营销！！,5938982805,22,称尼照相馆,228,39204,f
4469490227933442,Sat Feb 08 00:29:32 +0800 2020,武汉红十字会挪用定增给汉口医院一万个N95口罩，请人民日报关注此事件！公信力不能再丧失了！！,1687107457,21,痞子老师,65,422,m
4469481105935834,Fri Feb 07 23:53:17 +0800 2020,作为湖北人谢谢全国各地的帮助了,2445571885,238,出肉的吴彦祖,170,23339,m
4469480874607823,Fri Feb 07 23:52:22 +0800 2020,武汉加油！中国加油！,5846408805,182,思莹的莹,291,390,f
4469480874895476,Fri Feb 07 23:52:22 +0800 2020,“无论对错，我不允许你说”。 总之你不该说，你说 便是你错！” ,5024510065,248,王昆彭,919,7468,m
4469480887524922,Fri Feb 07 23:52:25 +0800 2020,"武汉加油中国🇨🇳 加油<span class=""url-icon""><img alt=[心] src=""https://h5.sinaimg.cn/m/emoticon/icon/others/l_xin-6912791858.png"" 
                style=""width:1em; height:1em;"" /></span>",6063633776,126,蓄满温柔送一博,215,12013,f
4469599301033302,Sat Feb 08 07:42:57 +0800 2020,阻击战到了关键时刻，武汉，挺住！中国，加油！,2591650150,113,串场绿茵,276,67396,m
4469480992517778,Fri Feb 07 23:52:50 +0800 2020,中国加油！！！！相信国家，相信党,3743319430,114,正版宣之,204,383,f
4469491184654162,Sat Feb 08 00:33:20 +0800 2020,"能不能让国家政府治理一下渣浪里面的营销号、黄色视频小说、反动派的小号等。。<span class=""url-icon""><img alt=[微笑] src=""https://h5.sinaimg.cn/m/emoticon/icon/default/d_hehe-039d0a6a8a.png"" 
                style=""width:1em; height:1em;"" /></span><span class=""url-icon""><img alt=[微笑] src=""https://h5.sinaimg.cn/m/emoticon/icon/default/d_hehe-039d0a6a8a.png"" 
                style=""width:1em; height:1em;"" /></span><span class=""url-icon""><img alt=[微笑] src=""https://h5.sinaimg.cn/m/emoticon/icon/default/d_hehe-039d0a6a8a.png"" 
                style=""width:1em; height:1em;"" /></span>",3906254107,101,天然阿呆,281,523,m
4469481788898810,Fri Feb 07 23:56:00 +0800 2020,疫情还未得到有效控制，大家切莫大意，不着急在这时，做好各项防御，一起努力，没有不来的春天，没有战胜不了的困难，中国加油，武汉加油,3820837166,85,螺蛳湾房哥,201,11029,m
4469484003389590,Sat Feb 08 00:04:48 +0800 2020,学医救不了中国，央视没有尽到媒体的追求事实的最基本原则，没有核实情况下，跟风造谣李医生等人为造谣者，导致政府公信力丢失，造成大逃亡，你们就是罪人！！！「你们继续删，我会坚持公理到最后，让更多的人看到这些道貌岸然的媒体」,1969142801,111,石头人大六个,30,1193,m
4469480983768660,Fri Feb 07 23:52:48 +0800 2020,在家的第十五天  体温正常  呼吸正常  饮食异常 体重锐减,6601354334,54,女权bo,241,401987,f
4469480904362818,Fri Feb 07 23:52:28 +0800 2020,封一座城，护一国人，没有被禁锢的城，只有离不开的爱！武汉加油！湖北加油！中国加油！致敬英雄，平安健康，凯旋归来！,2478638064,49,恁爷,77,114,m
4469480899584630,Fri Feb 07 23:52:27 +0800 2020,加油！！加油💪,3680743535,32,钰钰睡了喔,261,268,f
4469480954298050,Fri Feb 07 23:52:40 +0800 2020,加油,5282197874,27,小桶锅,52,1394,f
4469484943610390,Sat Feb 08 00:08:31 +0800 2020,向所有在战线上保护我们家园的医生、警察、社区工作者、党员等等致敬！不能上前线，就积极准备复工复产，为经济做贡献。理性发言，不被带节奏，也是一份助力,2177288603,31,乔Paul,136,71,m
4469480937779530,Fri Feb 07 23:52:36 +0800 2020,希望明天会更好吧,6346324006,23,咸蛋黄啵啵小奶鹅,979,3804,f
4469480887529396,Fri Feb 07 23:52:25 +0800 2020,武汉加油,6188830473,19,她入他城丿黄泉,188,1757,m
4469481072251299,Fri Feb 07 23:53:09 +0800 2020,人们在乎真相吗？ 人们在乎的是自己的愤怒怎么发泄。 他们高呼着正义，自由，理想， 碾压过一个个事件， 至于真相，不重要。 人们总是轻而易举就找到下一个事件， 继续胡闹。 继续狂欢。,6242787678,26,辣目洋娜的微博,207,2629,f
4469483026268638,Sat Feb 08 00:00:55 +0800 2020,"但愿李医生的英年早逝，能唤醒说慌者的良知，也希望这样事中没阴谋！英雄走好！<span class=""url-icon""><img alt=[蜡烛] src=""https://h5.sinaimg.cn/m/emoticon/icon/others/o_lazhu-6209fc6e73.png"" 
                style=""width:1em; height:1em;"" /></span>",3991770291,27,潘明先生,911,3014363,m
4469481210435840,Fri Feb 07 23:53:42 +0800 2020,致敬白衣使者，致敬守护生命的英雄，万众一心，遇事不怕不惧，武汉人民加油！我们一起渡过难关！,5178421005,21,知名吸啵博主,994,17378,f
4469483018106727,Sat Feb 08 00:00:53 +0800 2020,训诫至今未撤销吧？？？？？,2725351405,29,大漠飞沙走四方,883,117,m
4469523417462785,Sat Feb 08 02:41:24 +0800 2020,"人民日报，报你想报，蔽你想蔽，望用实情，回之众人<span class=""url-icon""><img alt=[微笑] src=""https://h5.sinaimg.cn/m/emoticon/icon/default/d_hehe-039d0a6a8a.png"" 
                style=""width:1em; height:1em;"" /></span>",1930389252,21,happybarbara,168,298,f
4469484112744905,Sat Feb 08 00:05:14 +0800 2020,武汉加油！！！中国加油！！！,6253087609,15,今日宝藏,1782,1734139,m
4469481537540406,Fri Feb 07 23:54:59 +0800 2020,武汉，挺住！中国，加油！ ,1904228041,8,中国地震台网速报,378,10494961,m
4469509723085557,Sat Feb 08 01:47:00 +0800 2020,呼吁撤销“人民日报”的人民二字！你不配,1571977015,17,蒙冤玩具枪,390,9593,m
4469481436544695,Fri Feb 07 23:54:35 +0800 2020,没有一个春天不会到来！中国加油！,3004776835,10,熱愛夏风,386,669,f
4469484377039328,Sat Feb 08 00:06:17 +0800 2020,未来返程高峰，请务必延迟上班不然功亏一篑,2564135462,9,吕哥在北京,6057,51512,m
4469506367371490,Sat Feb 08 01:33:39 +0800 2020,渣报，马屁报，墙头草报！少特么用人民的名义👊🏾,1822053393,17,淡淡-燃,622,3824,m
4469480925103191,Fri Feb 07 23:52:33 +0800 2020,"加油中国<span class=""url-icon""><img alt=[武汉加油] src=""https://h5.sinaimg.cn/m/emoticon/icon/others/cw_wuhanjiayou-0e0df8741a.png"" 
                style=""width:1em; height:1em;"" /></span><span class=""url-icon""><img alt=[武汉加油] src=""https://h5.sinaimg.cn/m/emoticon/icon/others/cw_wuhanjiayou-0e0df8741a.png"" 
                style=""width:1em; height:1em;"" /></span><span class=""url-icon""><img alt=[武汉加油] src=""https://h5.sinaimg.cn/m/emoticon/icon/others/cw_wuhanjiayou-0e0df8741a.png"" 
                style=""width:1em; height:1em;"" /></span><span class=""url-icon""><img alt=[武汉加油] src=""https://h5.sinaimg.cn/m/emoticon/icon/others/cw_wuhanjiayou-0e0df8741a.png"" 
                style=""width:1em; height:1em;"" /></span>",1805059150,7,Cecilia_小幸运,156,16047,f
4469501641208831,Sat Feb 08 01:14:53 +0800 2020,"拜托别再煽情了……这两天看到的一切让人心灰意冷！<span class=""url-icon""><img alt=[伤心] src=""https://h5.sinaimg.cn/m/emoticon/icon/others/l_shangxin-934f730572.png"" 
                style=""width:1em; height:1em;"" /></span>",1263185077,10,奕贤_LYX,863,536,f
4469500772389451,Sat Feb 08 01:11:26 +0800 2020,摆脱别再煽情了……,1263185077,11,奕贤_LYX,863,536,f
4469482023856764,Fri Feb 07 23:56:56 +0800 2020,"我们总是能够在面对困难时候拧成一股绳。可爱的中国人。<span class=""url-icon""><img alt=[心] src=""https://h5.sinaimg.cn/m/emoticon/icon/others/l_xin-6912791858.png"" 
                style=""width:1em; height:1em;"" /></span>",5504223934,8,刘刘是阿七,630,4644,m
4469481495695425,Fri Feb 07 23:54:49 +0800 2020,加油加油加油，我们一起加油，一起战胜疫情,6327004937,4,恋恋祝廖慧佳0415生日快乐,376,13577,f
4469492907988498,Sat Feb 08 00:40:11 +0800 2020,武汉加油，中国加油 我们一定可以挺过难关，迎来春暖花开之时,5213365034,4,M晗禹M,515,178,f
4469482615427658,Fri Feb 07 23:59:17 +0800 2020,"中国加油 武汉加油<span class=""url-icon""><img alt=[心] src=""https://h5.sinaimg.cn/m/emoticon/icon/others/l_xin-6912791858.png"" 
                style=""width:1em; height:1em;"" /></span>",5101274441,4,一九八二的你,202,1684,f
4469482091207427,Fri Feb 07 23:57:11 +0800 2020,聽從指揮，配合抗疫，第一選項。,5740886445,5,靈尋軀體,104,262,f
4469481026203988,Fri Feb 07 23:52:58 +0800 2020,春天会来，我们一起等待,6479697268,5,厦门李李,2088,29292,f
4469519471219766,Sat Feb 08 02:25:44 +0800 2020,"疫情时期有很多冒着生命危险奋斗在前线的医务工作者和其他前线工作者，他们的努力和勇敢都是值得我们去支持和赞扬。致敬#所有还在工作维持我们生活的人感恩<span class=""url-icon""><img alt=[心] src=""https://h5.sinaimg.cn/m/emoticon/icon/others/l_xin-6912791858.png"" 
                style=""width:1em; height:1em;"" /></span>",1684845555,3,小虫虫呀,535,1239,f
4469517138671910,Sat Feb 08 02:16:27 +0800 2020,一个14天不行，就两个14天……坚持不出门，全国人民挺过这个难关！愿国泰民安🇨🇳 🙏愿国家🇨🇳 富强🙏愿这一切都能尽快结束🙏！愿所有人在这一场战役结束都能笑着走出去拥抱阳光☀️ 加油💪中国🇨🇳,2605897644,4,hui慧子--,388,55800,f
4469480979885507,Fri Feb 07 23:52:47 +0800 2020,"有没有下次一起去武汉看樱花的<span class=""url-icon""><img alt=[心] src=""https://h5.sinaimg.cn/m/emoticon/icon/others/l_xin-6912791858.png"" 
                style=""width:1em; height:1em;"" /></span><span class=""url-icon""><img alt=[心] src=""https://h5.sinaimg.cn/m/emoticon/icon/others/l_xin-6912791858.png"" 
                style=""width:1em; height:1em;"" /></span><span class=""url-icon""><img alt=[心] src=""https://h5.sinaimg.cn/m/emoticon/icon/others/l_xin-6912791858.png"" 
                style=""width:1em; height:1em;"" /></span>",2565922845,5,欧尚名品奢FK,618,1264,m
4469487564850679,Sat Feb 08 00:18:57 +0800 2020,----大家一切如意，提前祝愿节日安康！！！！,6247310507,2,禅理,0,21006,m
4469486067801048,Sat Feb 08 00:12:59 +0800 2020,"<span class=""url-icon""><img alt=[心] src=""https://h5.sinaimg.cn/m/emoticon/icon/others/l_xin-6912791858.png"" 
                style=""width:1em; height:1em;"" /></span><span class=""url-icon""><img alt=[心] src=""https://h5.sinaimg.cn/m/emoticon/icon/others/l_xin-6912791858.png"" 
                style=""width:1em; height:1em;"" /></span><span class=""url-icon""><img alt=[心] src=""https://h5.sinaimg.cn/m/emoticon/icon/others/l_xin-6912791858.png"" 
                style=""width:1em; height:1em;"" /></span>加油加油！",1731584321,3,JA_Makeup,827,10387,f
4469484414662978,Sat Feb 08 00:06:25 +0800 2020,"这部大片为什么没有张文宏？<span class=""url-icon""><img alt=[怒] src=""https://h5.sinaimg.cn/m/emoticon/icon/default/d_nu-54e54e160b.png"" 
                style=""width:1em; height:1em;"" /></span>送我上去<span class=""url-icon""><img alt=[怒] src=""https://h5.sinaimg.cn/m/emoticon/icon/default/d_nu-54e54e160b.png"" 
                style=""width:1em; height:1em;"" /></span><span class=""url-icon""><img alt=[怒] src=""https://h5.sinaimg.cn/m/emoticon/icon/default/d_nu-54e54e160b.png"" 
                style=""width:1em; height:1em;"" /></span><span class=""url-icon""><img alt=[怒] src=""https://h5.sinaimg.cn/m/emoticon/icon/default/d_nu-54e54e160b.png"" 
                style=""width:1em; height:1em;"" /></span><span class=""url-icon""><img alt=[怒] src=""https://h5.sinaimg.cn/m/emoticon/icon/default/d_nu-54e54e160b.png"" 
                style=""width:1em; height:1em;"" /></span><span class=""url-icon""><img alt=[怒] src=""https://h5.sinaimg.cn/m/emoticon/icon/default/d_nu-54e54e160b.png"" 
                style=""width:1em; height:1em;"" /></span><span class=""url-icon""><img alt=[怒] src=""https://h5.sinaimg.cn/m/emoticon/icon/default/d_nu-54e54e160b.png"" 
                style=""width:1em; height:1em;"" /></span>",6585680703,4,DPT龙虾,50,258,m
4469482569029457,Fri Feb 07 23:59:06 +0800 2020,"岂曰无衣，与子同裳。 修我甲兵，与子偕行。 共御江城，天下同心。<span class=""url-icon""><img alt=[心] src=""https://h5.sinaimg.cn/m/emoticon/icon/others/l_xin-6912791858.png"" 
                style=""width:1em; height:1em;"" /></span>",1878341091,7,李木青nina,113,77,f
4469482301271300,Fri Feb 07 23:58:01 +0800 2020,"不管怎样，我始终相信，明天会更好<span class=""url-icon""><img alt=[心] src=""https://h5.sinaimg.cn/m/emoticon/icon/others/l_xin-6912791858.png"" 
                style=""width:1em; height:1em;"" /></span>",7302804923,6,卿辉一笑,192,207,m
4469481205688675,Fri Feb 07 23:53:41 +0800 2020,营销号别蹭热度了！武汉武汉快点好起来！我还要去看樱花！,2876529924,4,天气好了就去见你,402,1748,f
4469481202260506,Fri Feb 07 23:53:40 +0800 2020,"武汉加油<span class=""url-icon""><img alt=[武汉加油] src=""https://h5.sinaimg.cn/m/emoticon/icon/others/cw_wuhanjiayou-0e0df8741a.png"" 
                style=""width:1em; height:1em;"" /></span>，中国加油🇨🇳",5034183717,6,我也就只是想想,556,10206,f
4469480967250425,Fri Feb 07 23:52:43 +0800 2020,二流报纸爬,3592590903,5,与田祐希的暖宝宝,617,653,f
4469482389039342,Fri Feb 07 23:58:23 +0800 2020,武汉加油！中国加油！🇨🇳,2257633852,4,魏狗biss,747,779,m
4469482271363161,Fri Feb 07 23:57:55 +0800 2020,武汉加油，中国必胜！,5410630247,3,九沐L,102,10138,f
4469497005742492,Sat Feb 08 00:56:27 +0800 2020,武汉加油！中国加油！,6286978396,2,聆静200705,1969,4715,f
4469496577912657,Sat Feb 08 00:54:46 +0800 2020,挺住 加油 我们绝不添乱[加油][加油],3070859037,3,Starwich,236,1253,m
4469495005542166,Sat Feb 08 00:48:30 +0800 2020,🇨🇳 必胜,5019442539,2,吃钙奶饼干长大的山东人,77,19207,m
4469492497166702,Sat Feb 08 00:38:33 +0800 2020,希望中纪委监察委查出真相，还逝者公道，还有严惩不贷这帮不得力的官员，因为其错误政绩观引发了这次疫情蔓延,5506639995,4,没有零食了,547,341,m
4469491767518723,Sat Feb 08 00:35:39 +0800 2020,斗胆问一句：湖北省委，武汉市委领导对这次疫情应负什么责任？经济损失惨重，失去这么多人命，国家声誉损毁，党的事业被重挫，政府公信力尽失，全面脱贫攻坚全面小康社会被影响，就抓红会几个小鬼出气？,1693492781,8,不要说话喔,713,1978,m
4469483320128232,Sat Feb 08 00:02:04 +0800 2020,"黑夜过后就是最美的太阳<span class=""url-icon""><img alt=[心] src=""https://h5.sinaimg.cn/m/emoticon/icon/others/l_xin-6912791858.png"" 
                style=""width:1em; height:1em;"" /></span>",5101274441,4,一九八二的你,202,1684,f
4470075371298558,Sun Feb 09 15:14:41 +0800 2020,调查结果呢？已经两天了过去了,1768943654,2,-树巷少年,1436,3555,m
4469499828912774,Sat Feb 08 01:07:41 +0800 2020,特么拐点在哪？！为啥不统一推迟到元宵节后上班？！为啥有些地区是3号就得上班？！我倒是想在家办公，破单位天天逼着去上班，一天啥防疫措施都没有，就会量个体温，口罩都得自己想办法准备，艹，我买的口罩也就够撑到下周上班了，到时候咋办？！公交也停运，没车的同事出行都不便，还上班呢，靠走路吗,2130732314,4,Ms_混吃等死小姐,1362,2535,f
4469497588850559,Sat Feb 08 00:58:47 +0800 2020,万家团聚，病毒消散。元宵圆满，灯如往宵。,5491728920,2,鹿嫚嫚,145,118,f
4469494006916108,Sat Feb 08 00:44:33 +0800 2020,勇敢的人总是在替不作为者的行为用生命和健康买单！这是这个太平盛世的大中国的最大耻辱！,5930885563,4,岁念如歌,63,64,m
4469493999264668,Sat Feb 08 00:44:31 +0800 2020,独自在家喝点酒，然后心里堵的慌，以为我的国已经很强大，现在才发现是那么的脆弱,2429314434,4,黑洞设计师,920,365,m
4469482737108898,Fri Feb 07 23:59:46 +0800 2020,"明年的元宵节，我们可以热闹地过一个<span class=""url-icon""><img alt=[泪] src=""https://h5.sinaimg.cn/m/emoticon/icon/default/d_lei-1b4b02f8b1.png"" 
                style=""width:1em; height:1em;"" /></span><span class=""url-icon""><img alt=[泪] src=""https://h5.sinaimg.cn/m/emoticon/icon/default/d_lei-1b4b02f8b1.png"" 
                style=""width:1em; height:1em;"" /></span>",5878477032,2,llzerollzero,235,379,f
4469482527293788,Fri Feb 07 23:58:55 +0800 2020,"坚定信心，抗击疫情，守望相助，大爱无疆！<span class=""url-icon""><img alt=[给你小心心] src=""https://h5.sinaimg.cn/m/emoticon/icon/others/qixi2018_xiaoxinxin-afb8c6ea83.png"" 
                style=""width:1em; height:1em;"" /></span><span class=""url-icon""><img alt=[给你小心心] src=""https://h5.sinaimg.cn/m/emoticon/icon/others/qixi2018_xiaoxinxin-afb8c6ea83.png"" 
                style=""width:1em; height:1em;"" /></span>",5100914041,2,微雨燕双飞0108,150,173,m
4469481612724197,Fri Feb 07 23:55:18 +0800 2020,如果万事开头难，那我们一定会有个好的结局！,5410630247,2,九沐L,102,10138,f
4469482334111178,Fri Feb 07 23:58:10 +0800 2020,"中国加油！武汉加油！我现在回不去了<span class=""url-icon""><img alt=[泪] src=""https://h5.sinaimg.cn/m/emoticon/icon/default/d_lei-1b4b02f8b1.png"" 
                style=""width:1em; height:1em;"" /></span><span class=""url-icon""><img alt=[泪] src=""https://h5.sinaimg.cn/m/emoticon/icon/default/d_lei-1b4b02f8b1.png"" 
                style=""width:1em; height:1em;"" /></span>",3289169914,3,一个有梦想的咸鱼y,136,1315,m
4469500353455370,Sat Feb 08 01:09:46 +0800 2020,既然李医生平反了，那么纪念李医生的那些微博就不用和谐了，很多微博只是纪念，没其他内容，干嘛要秒封呢？他们在害怕什么？,5830769557,4,Franz-Lee,273,97,m
4469497169872015,Sat Feb 08 00:57:07 +0800 2020,墙外官宣墙内抢救的事，请你给公众一个解释！,5778644399,5,童童呵呵复唧唧,334,206,m
4469487665830180,Sat Feb 08 00:19:21 +0800 2020,丧事变喜事,2955684002,3,dchao8888,1266,295,m
4470324215636616,Mon Feb 10 07:43:29 +0800 2020,生活可能并不完美，但你的坚强、乐观、努力、勇敢却能让它熠熠生辉。早安！,6636421800,1,Lyn英姑,800,545,f
4469698311526327,Sat Feb 08 14:16:22 +0800 2020,现在继续坚持，相信春天来了我们最靓<a href='/n/人民日报'>@人民日报</a> 致敬人民卫士！,7333678905,1,小雪蓝天暖阳阳玫瑰茶,128,48,f
4469648525707588,Sat Feb 08 10:58:33 +0800 2020,加油加油 我们一定会好的,6985964668,1,顾希诚,55,5374,m
4469602639375508,Sat Feb 08 07:56:13 +0800 2020,中国加油[加油],6477583551,1,湖水清清sy,2424,1841,f
4469600986911144,Sat Feb 08 07:49:39 +0800 2020,武汉加油！中国加油！,5259637787,1,Promise_Lyn,1795,3452,m
4469596235455645,Sat Feb 08 07:30:46 +0800 2020,中国🇨🇳加油！坚持就是胜利！,5714730505,1,幸福的现在进行时,1744,103828,f
4469553092359401,Sat Feb 08 04:39:20 +0800 2020,不是钟老重担千斤，而是体制，是后期人才导向发生了变化。娱乐？综艺？能救人嘛？在民众中大量捞金遇到问题就靠他们施舍？结婚发2亿元，捐款20万。建议:取缔综艺节目，培养年轻人正确思想导向！,5166705314,3,东城南友,110,1271,m
4469538693594830,Sat Feb 08 03:42:06 +0800 2020,致敬奋斗在一线工作人员，大家也要保护好自己，远离人群，尽量不出门[贊],6540017507,1,壞萌萌噠是小方的兄弟,392,518773,f
4469537615217901,Sat Feb 08 03:37:50 +0800 2020,"【<a  href=""https://m.weibo.cn/search?containerid=231522type%3D1%26t%3D10%26q%3D%23%E4%BD%A0%E5%A5%BD%EF%BC%8C%E6%98%8E%E5%A4%A9%23"" data-hide=""""><span class=""surl-text"">#你好，明天#</span></a>】为武汉加油 为中国加油<span class=""url-icon""><img alt=[心] src=""https://h5.sinaimg.cn/m/emoticon/icon/others/l_xin-6912791858.png"" 
                style=""width:1em; height:1em;"" /></span><span class=""url-icon""><img alt=[心] src=""https://h5.sinaimg.cn/m/emoticon/icon/others/l_xin-6912791858.png"" 
                style=""width:1em; height:1em;"" /></span><span class=""url-icon""><img alt=[心] src=""https://h5.sinaimg.cn/m/emoticon/icon/others/l_xin-6912791858.png"" 
                style=""width:1em; height:1em;"" /></span>",3186874730,1,流水小乔人家,2430,15928,f
4469534956416774,Sat Feb 08 03:27:16 +0800 2020,加油,6571022488,1,哆啦A梦-3,657,1791,f
4469532808743259,Sat Feb 08 03:18:44 +0800 2020,"故去的人一路走好  还在奋斗的 请您一定保重 疫情过后都他妈好好的听到没<span class=""url-icon""><img alt=[泪] src=""https://h5.sinaimg.cn/m/emoticon/icon/default/d_lei-1b4b02f8b1.png"" 
                style=""width:1em; height:1em;"" /></span> 加油",2215434303,1,也许当时忙着微笑和哭泣,94,233,m
4469520481679546,Sat Feb 08 02:29:45 +0800 2020,武汉加油  中国加油,5792218890,1,大奎的佳宝,694,24081,f
4469513435518066,Sat Feb 08 02:01:45 +0800 2020,武汉加油！中国加油！奋战在一线的医护人员和解放军加油！,1977668573,1,晨曦加油啊,987,658,f
4469512345132757,Sat Feb 08 01:57:25 +0800 2020,中国加油！🇨🇳🇨🇳,3211299665,1,千与千邪,160,3732,f
4469509882489228,Sat Feb 08 01:47:38 +0800 2020,"我爱我的国家！❤️虽然不那么完美，但我愿意全力支持和建设她！<span class=""url-icon""><img alt=[中国赞] src=""https://h5.sinaimg.cn/m/emoticon/icon/others/d_chnlike-2c6f482dac.png"" 
                style=""width:1em; height:1em;"" /></span><span class=""url-icon""><img alt=[中国赞] src=""https://h5.sinaimg.cn/m/emoticon/icon/others/d_chnlike-2c6f482dac.png"" 
                style=""width:1em; height:1em;"" /></span><span class=""url-icon""><img alt=[中国赞] src=""https://h5.sinaimg.cn/m/emoticon/icon/others/d_chnlike-2c6f482dac.png"" 
                style=""width:1em; height:1em;"" /></span>元宵节快乐🏮🏮🏮",6189756686,1,ChristinaC520,1000,472,f
4469503687532004,Sat Feb 08 01:23:00 +0800 2020,加油！！,3176192314,2,李小柔阿,85,624,f
4469499254706520,Sat Feb 08 01:05:24 +0800 2020,"我们会好起来<span class=""url-icon""><img alt=[心] src=""https://h5.sinaimg.cn/m/emoticon/icon/others/l_xin-6912791858.png"" 
                style=""width:1em; height:1em;"" /></span>",2232156952,1,白白骆驼,1016,580,f
4469494506838263,Sat Feb 08 00:46:31 +0800 2020,"中国加油，武汉加油<span class=""url-icon""><img alt=[爱你] src=""https://h5.sinaimg.cn/m/emoticon/icon/default/d_aini-4a23c0524a.png"" 
                style=""width:1em; height:1em;"" /></span><span class=""url-icon""><img alt=[爱你] src=""https://h5.sinaimg.cn/m/emoticon/icon/default/d_aini-4a23c0524a.png"" 
                style=""width:1em; height:1em;"" /></span><span class=""url-icon""><img alt=[爱你] src=""https://h5.sinaimg.cn/m/emoticon/icon/default/d_aini-4a23c0524a.png"" 
                style=""width:1em; height:1em;"" /></span>",5777123559,1,东男神hw,40,109,m
4469494476679257,Sat Feb 08 00:46:25 +0800 2020,武汉[加油],5177980198,1,奶味气泡o,350,352,f
4469494053257612,Sat Feb 08 00:44:44 +0800 2020,武汉挺住，中国加油💪,6546500943,1,明chang98925,97,145,m
4469494007669356,Sat Feb 08 00:44:32 +0800 2020,春天如约而至🙏🙏🙏,6414437699,1,txh27812,1665,846,m
4469493781081215,Sat Feb 08 00:43:39 +0800 2020,"2020将会是历史上最不平凡的一年<span class=""url-icon""><img alt=[心] src=""https://h5.sinaimg.cn/m/emoticon/icon/others/l_xin-6912791858.png"" 
                style=""width:1em; height:1em;"" /></span>",3740554413,1,橘子i姑娘,330,302,f
4469493738864141,Sat Feb 08 00:43:29 +0800 2020,武汉！挺住！中国🇨🇳 加油！,5634915477,1,iMD_小小小倩,867,11050,f
4469492996438347,Sat Feb 08 00:40:32 +0800 2020,武汉挺住！中国加油！,5239471451,1,韓笑HN4A,1301,2806,f
4469490509216839,Sat Feb 08 00:30:39 +0800 2020,"我们相信，没有一个春天不会到来<span class=""url-icon""><img alt=[拳头] src=""https://h5.sinaimg.cn/m/emoticon/icon/others/h_quantou-0a4441543d.png"" 
                style=""width:1em; height:1em;"" /></span>",2189875474,1,璐子兮子兮200086,1169,297,f
4469489246608149,Sat Feb 08 00:25:37 +0800 2020,热干面加油！我爱武汉！,7184488070,1,ZiHua_Jin,256,1240,f
4469488805928441,Sat Feb 08 00:23:52 +0800 2020,中国加油！,5945485750,1,Progress_AK,247,477,m
4469487908844750,Sat Feb 08 00:20:18 +0800 2020,"武汉加油[加油]中国加油🇨🇳我们一起加油<span class=""url-icon""><img alt=[心] src=""https://h5.sinaimg.cn/m/emoticon/icon/others/l_xin-6912791858.png"" 
                style=""width:1em; height:1em;"" /></span>",5199658523,1,3库昊0,170,851,m
4469486315347353,Sat Feb 08 00:13:58 +0800 2020,人民日报，什么时候能迎来代表人民的那一天呢,6588672815,2,天道民心942674,150,16,m
4469486008644370,Sat Feb 08 00:12:46 +0800 2020,"加油武汉<span class=""url-icon""><img alt=[good] src=""https://h5.sinaimg.cn/m/emoticon/icon/others/h_good-644bcfa993.png"" 
                style=""width:1em; height:1em;"" /></span>",6091127783,1,大好时光茅小春,1002,563,m
4469485316614433,Sat Feb 08 00:10:00 +0800 2020,元宵节快乐！！！！,5945801571,1,噼里啪啦叽里呱啦-,162,222,f
4469484582563170,Sat Feb 08 00:07:06 +0800 2020,"等到黑夜翻面之后会是新的白昼<span class=""url-icon""><img alt=[心] src=""https://h5.sinaimg.cn/m/emoticon/icon/others/l_xin-6912791858.png"" 
                style=""width:1em; height:1em;"" /></span>",2050635943,2,Ula-薇,308,119,f
4469484578791401,Sat Feb 08 00:07:05 +0800 2020,"加油，挺住！春天总会到来的<span class=""url-icon""><img alt=[泪] src=""https://h5.sinaimg.cn/m/emoticon/icon/default/d_lei-1b4b02f8b1.png"" 
                style=""width:1em; height:1em;"" /></span>",2061497802,1,baby630_279,497,602,f
4469483953901005,Sat Feb 08 00:04:36 +0800 2020,加油啊,1877918787,1,请给我哈哈哈哈哈哈,659,503,f
4469482669867616,Fri Feb 07 23:59:29 +0800 2020,武汉加油！中国加油！,5975375298,1,zshhy超白白白,111,146,f
4469482653037915,Fri Feb 07 23:59:26 +0800 2020,"武汉，加油！中国，加油！<span class=""url-icon""><img alt=[心] src=""https://h5.sinaimg.cn/m/emoticon/icon/others/l_xin-6912791858.png"" 
                style=""width:1em; height:1em;"" /></span><span class=""url-icon""><img alt=[心] src=""https://h5.sinaimg.cn/m/emoticon/icon/others/l_xin-6912791858.png"" 
                style=""width:1em; height:1em;"" /></span>",7160369471,2,魅魅小影一一,210,131,f
4469482443764302,Fri Feb 07 23:58:36 +0800 2020,中国加油,5206860808,1,口嗨馆,771,548604,f
4469482439181170,Fri Feb 07 23:58:35 +0800 2020,中国加油武汉加油中国必胜！,6080040979,1,娱乐兔兔,1019,113358,f
4469482267854213,Fri Feb 07 23:57:54 +0800 2020,"加油<span class=""url-icon""><img alt=[心] src=""https://h5.sinaimg.cn/m/emoticon/icon/others/l_xin-6912791858.png"" 
                style=""width:1em; height:1em;"" /></span>",5637474358,2,今天调色盘是什么色呢,429,562,f
4469482204167780,Fri Feb 07 23:57:39 +0800 2020,武汉加油[加油],6268890439,1,妈咪依依19,2647,369527,f
4469482095131660,Fri Feb 07 23:57:13 +0800 2020,中国加油 🇨🇳大家要隔离好，不要乱跑。期待好消息的热搜,3197828085,1,鹿瑶宝宝,1239,2840,f
4469482066220070,Fri Feb 07 23:57:06 +0800 2020,加油呀！我们一定会等会到春暖花开，大家都不用戴口罩,6351622404,1,五四号芋圆甜草,262,13380,f
4469482024478589,Fri Feb 07 23:56:56 +0800 2020,"中国加油！战胜疫情！让战斗在一线的工作人员和病人早日与家人团圆<span class=""url-icon""><img alt=[心] src=""https://h5.sinaimg.cn/m/emoticon/icon/others/l_xin-6912791858.png"" 
                style=""width:1em; height:1em;"" /></span>",5440798337,1,yijianzhongqinghjy,308,795,f
4469482016059161,Fri Feb 07 23:56:54 +0800 2020,武汉加油！中国加油！晚安，希望明天看到的是接踵而来的好消息 ,3880241973,1,是你的亚怼怼呀,834,21742,f
4469481999113044,Fri Feb 07 23:56:49 +0800 2020,加油💪我们是一个大家庭！中国人民团结在一起抵抗疫情！总会过去的🙏,5625644609,1,One-Myth箜白,1133,22100,f
4469481986839734,Fri Feb 07 23:56:47 +0800 2020,"武汉加油<span class=""url-icon""><img alt=[心] src=""https://h5.sinaimg.cn/m/emoticon/icon/others/l_xin-6912791858.png"" 
                style=""width:1em; height:1em;"" /></span>中国加油<span class=""url-icon""><img alt=[心] src=""https://h5.sinaimg.cn/m/emoticon/icon/others/l_xin-6912791858.png"" 
                style=""width:1em; height:1em;"" /></span>",5515465386,0,是颗梨,32,206,f
4469481885154674,Fri Feb 07 23:56:23 +0800 2020,加油(ง •̀_•́)ง,2553491805,1,遥遥姚姚,393,185,f
4469481839124318,Fri Feb 07 23:56:11 +0800 2020,黑暗快过去了，光明终将到来,6485248148,1,君睿安然,783,244,f
4469481831246547,Fri Feb 07 23:56:09 +0800 2020,"总会春暖花开的，我们相约一起看樱花好不好<span class=""url-icon""><img alt=[心] src=""https://h5.sinaimg.cn/m/emoticon/icon/others/l_xin-6912791858.png"" 
                style=""width:1em; height:1em;"" /></span><span class=""url-icon""><img alt=[心] src=""https://h5.sinaimg.cn/m/emoticon/icon/others/l_xin-6912791858.png"" 
                style=""width:1em; height:1em;"" /></span><span class=""url-icon""><img alt=[心] src=""https://h5.sinaimg.cn/m/emoticon/icon/others/l_xin-6912791858.png"" 
                style=""width:1em; height:1em;"" /></span>",5664909818,1,南汆丸子,178,2396,f
4469481777109085,Fri Feb 07 23:55:57 +0800 2020,武汉加油💪 中国加油💪💪,5401560168,2,Sunny_sky0901,603,10845,f
4469481746825501,Fri Feb 07 23:55:50 +0800 2020,加油！！！！！！！,5706980637,1,向前看琦,184,253,f
4469481709223639,Fri Feb 07 23:55:41 +0800 2020,加油中国！加油武汉,1237498954,1,糖糖的Tiramisu,486,13546,f
4469481671784344,Fri Feb 07 23:55:32 +0800 2020,加油,5864734598,1,畅月贰捌贰,112,7165,m
4469481671354000,Fri Feb 07 23:55:31 +0800 2020,"<a  href=""https://m.weibo.cn/search?containerid=231522type%3D1%26t%3D10%26q%3D%23%E4%BD%A0%E5%A5%BD%2C%E6%98%8E%E5%A4%A9%23&isnewpage=1"" data-hide=""""><span class=""surl-text"">#你好,明天#</span></a> 无论是什么节日明天一定会到来，致敬逆行的工作者们！加油！！！💪💪💪",5492998575,1,青青的妈201602,1066,381,f
4469481634145274,Fri Feb 07 23:55:23 +0800 2020,"比病毒更折磨人的是心态，本来大过年喜庆的日子每天经历好消息，坏消息，大喜大悲，心理被病毒折磨。微博不敢看了，愿岁月安好，国泰民安，重开微博日，病情战胜时[加油]<span class=""url-icon""><img alt=[鲜花] src=""https://h5.sinaimg.cn/m/emoticon/icon/others/w_xianhua-6efa26efdf.png"" 
                style=""width:1em; height:1em;"" /></span>",6185367160,2,无脚鸟阿升96,13,15,m
4469481629291913,Fri Feb 07 23:55:22 +0800 2020,加油,7074566732,1,球球祝李汶翰26岁生日快乐,720,750,f
4469481616921272,Fri Feb 07 23:55:18 +0800 2020,加油加油加油加油加油加油加油加油加油加油加油加油加油加油加油加油加油加油加油加油加油加油加油加油加油加油加油加油加油加油,6301481961,1,情侣体验馆,279,42004,f
4469481604410179,Fri Feb 07 23:55:16 +0800 2020,武汉加油！中国加油！💪,5932434544,1,困困坤坤困困cxk,1030,4503,f
4469481600764411,Fri Feb 07 23:55:15 +0800 2020,讲真的，从确诊到离世这么短时间，严重怀疑有内幕，中央监委不是说下来人彻查吗，希望不是流于形式,6547684553,2,一块想恋爱的老腊肉,205,91,m
4469481570646803,Fri Feb 07 23:55:08 +0800 2020,可是好多人都没有等到春天的到来,5438056064,1,葉照瑩ya_,758,797,f
4469481553824099,Fri Feb 07 23:55:04 +0800 2020,<a href='/n/心理医生常向东'>@心理医生常向东</a> <a href='/n/中国警方在线'>@中国警方在线</a> <a href='/n/武汉中心医院'>@武汉中心医院</a> 哥啊，我又睡不着了，院哥，静哥，常医师——公君工号虚虎,6570733209,1,公君公学公的信伯君李朝童,119,10715,m
4469481550489516,Fri Feb 07 23:55:03 +0800 2020,加油中国 加油武汉 加油我大河南平顶山,2577011541,1,大脸猫爱吃鱼jkpa,2835,715,f
4469481520425954,Fri Feb 07 23:54:56 +0800 2020,我深爱这片土地，我知道我的每一次愤怒，都源于我对祖国的热爱以及对黑暗的不满。你在，我在，大家在！！武汉加油！！,5108828098,2,陈醋是小可爱,208,250,m
4469481483358605,Fri Feb 07 23:54:46 +0800 2020,武汉加油,5112761970,1,银河昕动日记,195,1096,f
4469481445042244,Fri Feb 07 23:54:38 +0800 2020,中国加油！武汉加油！ 国泰民安！,5756327591,2,吧唧一口甜丞_,69,184,f
4469481382816511,Fri Feb 07 23:54:23 +0800 2020,武汉加油 💪热干面加油💪,5857160787,1,半夏曲scum,186,492,f
4469481381848908,Fri Feb 07 23:54:22 +0800 2020,加油武汉！加油中国！黑暗终将过去！,2113355273,1,if-you-are-GD,247,459,f
4469481374398568,Fri Feb 07 23:54:21 +0800 2020,中国加油！！,6013003248,1,Super-帅比,100,22062,f
4469481357295775,Fri Feb 07 23:54:17 +0800 2020,营销号是啥东西？,3860450705,1,于思远同学,192,2453,m
4469481331633335,Fri Feb 07 23:54:11 +0800 2020,致敬奋斗在一线的工作人员！大家也在家里不和国家添麻烦,3210445682,1,SilkageYoung,59,94,m
4469481332034084,Fri Feb 07 23:54:11 +0800 2020,元宵即团圆，挺过这段每天都是元宵，武汉加油！,3306054467,1,一个嗲精呢,257,11564,m
4469481323539238,Fri Feb 07 23:54:09 +0800 2020,加油一切都会好的,5708412073,1,所有的美好都不如你,283,116993,f
4469481315701111,Fri Feb 07 23:54:07 +0800 2020,加油,5896448675,1,格子阳光K,228,97,f
4469481310923833,Fri Feb 07 23:54:06 +0800 2020,武汉加油，中国加油！,6174862748,1,Sammie2010,210,14,f
4469481302500849,Fri Feb 07 23:54:03 +0800 2020,"没有心情过元宵节，然后我春节也没有过好，是不是应该退我一岁<span class=""url-icon""><img alt=[失望] src=""https://h5.sinaimg.cn/m/emoticon/icon/default/d_shiwang-7925938d93.png"" 
                style=""width:1em; height:1em;"" /></span><span class=""url-icon""><img alt=[失望] src=""https://h5.sinaimg.cn/m/emoticon/icon/default/d_shiwang-7925938d93.png"" 
                style=""width:1em; height:1em;"" /></span><span class=""url-icon""><img alt=[失望] src=""https://h5.sinaimg.cn/m/emoticon/icon/default/d_shiwang-7925938d93.png"" 
                style=""width:1em; height:1em;"" /></span>",6327004937,1,恋恋祝廖慧佳0415生日快乐,376,13577,f
4469481302505756,Fri Feb 07 23:54:04 +0800 2020,武汉挺住，中国加油💪,2010801061,1,荷yyl,274,519,f
4469481260686500,Fri Feb 07 23:53:53 +0800 2020,"你好，明天<span class=""url-icon""><img alt=[武汉加油] src=""https://h5.sinaimg.cn/m/emoticon/icon/others/cw_wuhanjiayou-0e0df8741a.png"" 
                style=""width:1em; height:1em;"" /></span>",5391344752,1,改名字上热评,67,1936,m
4469481210425280,Fri Feb 07 23:53:41 +0800 2020,我相信很快一定会击败疫情的，很快🙏🙏🙏,3771991144,1,猪猪一定很棒棒,74,2663,m
4469481193322856,Fri Feb 07 23:53:37 +0800 2020,守住自己的心，所有人不管站在哪种角度，都是。,3175842964,1,Annnyeah,181,1608,m
4469481189165081,Fri Feb 07 23:53:37 +0800 2020,武汉，挺住！中国，加油！,3720882953,1,凌空zly,219,2447,f
4469481176805481,Fri Feb 07 23:53:34 +0800 2020,致敬您们，注意身体，加油,7309077317,1,Wlh天蓝陪你去跳海,356,14241,m
4469481177260104,Fri Feb 07 23:53:34 +0800 2020,春天总会来的，武汉加油！中国加油！！,1802747460,1,艾泠,206,988,f
4469481168588883,Fri Feb 07 23:53:32 +0800 2020,"也许大家都在寻找那逝去的正义吧，以及很多被掩盖的真相，中国加油<span class=""url-icon""><img alt=[心] src=""https://h5.sinaimg.cn/m/emoticon/icon/others/l_xin-6912791858.png"" 
                style=""width:1em; height:1em;"" /></span>，武汉必胜！",6164431998,1,余三少,328,4818,m
4469481159673403,Fri Feb 07 23:53:30 +0800 2020,武汉加油！,6601749219,1,土豆炒虾_,106,97,f
4469481159966209,Fri Feb 07 23:53:29 +0800 2020,武汉加油，中国加油，春天马上就要来啦[加油][加油],2791736341,1,九瓶好居,399,257,f
4469481139115928,Fri Feb 07 23:53:25 +0800 2020,"武汉加油！中国加油！<span class=""url-icon""><img alt=[拳头] src=""https://h5.sinaimg.cn/m/emoticon/icon/others/h_quantou-0a4441543d.png"" 
                style=""width:1em; height:1em;"" /></span><span class=""url-icon""><img alt=[拳头] src=""https://h5.sinaimg.cn/m/emoticon/icon/others/h_quantou-0a4441543d.png"" 
                style=""width:1em; height:1em;"" /></span><span class=""url-icon""><img alt=[拳头] src=""https://h5.sinaimg.cn/m/emoticon/icon/others/h_quantou-0a4441543d.png"" 
                style=""width:1em; height:1em;"" /></span><span class=""url-icon""><img alt=[拳头] src=""https://h5.sinaimg.cn/m/emoticon/icon/others/h_quantou-0a4441543d.png"" 
                style=""width:1em; height:1em;"" /></span>",6047589351,1,奶凶也凶,224,14274,f
4469481126732190,Fri Feb 07 23:53:21 +0800 2020,加油，我们一定会挺过去！💪🏻,1902104630,1,柒月二十贰,389,20426,m
4469481105274216,Fri Feb 07 23:53:17 +0800 2020,"中国加油！<span class=""url-icon""><img alt=[武汉加油] src=""https://h5.sinaimg.cn/m/emoticon/icon/others/cw_wuhanjiayou-0e0df8741a.png"" 
                style=""width:1em; height:1em;"" /></span><span class=""url-icon""><img alt=[武汉加油] src=""https://h5.sinaimg.cn/m/emoticon/icon/others/cw_wuhanjiayou-0e0df8741a.png"" 
                style=""width:1em; height:1em;"" /></span><span class=""url-icon""><img alt=[武汉加油] src=""https://h5.sinaimg.cn/m/emoticon/icon/others/cw_wuhanjiayou-0e0df8741a.png"" 
                style=""width:1em; height:1em;"" /></span>",7063228795,1,喝下午茶的miao,1483,2562,f
4469481093050298,Fri Feb 07 23:53:14 +0800 2020,会好起来的 一定会的！,3759163270,1,_Devil丿,256,1379,f
4469481071994895,Fri Feb 07 23:53:09 +0800 2020,"<span class=""url-icon""><img alt=[武汉加油] src=""https://h5.sinaimg.cn/m/emoticon/icon/others/cw_wuhanjiayou-0e0df8741a.png"" 
                style=""width:1em; height:1em;"" /></span><span class=""url-icon""><img alt=[武汉加油] src=""https://h5.sinaimg.cn/m/emoticon/icon/others/cw_wuhanjiayou-0e0df8741a.png"" 
                style=""width:1em; height:1em;"" /></span><span class=""url-icon""><img alt=[武汉加油] src=""https://h5.sinaimg.cn/m/emoticon/icon/others/cw_wuhanjiayou-0e0df8741a.png"" 
                style=""width:1em; height:1em;"" /></span><span class=""url-icon""><img alt=[武汉加油] src=""https://h5.sinaimg.cn/m/emoticon/icon/others/cw_wuhanjiayou-0e0df8741a.png"" 
                style=""width:1em; height:1em;"" /></span>",5034183717,2,我也就只是想想,556,10206,f
4469481063459071,Fri Feb 07 23:53:07 +0800 2020,"武汉加油<span class=""url-icon""><img alt=[武汉加油] src=""https://h5.sinaimg.cn/m/emoticon/icon/others/cw_wuhanjiayou-0e0df8741a.png"" 
                style=""width:1em; height:1em;"" /></span><span class=""url-icon""><img alt=[武汉加油] src=""https://h5.sinaimg.cn/m/emoticon/icon/others/cw_wuhanjiayou-0e0df8741a.png"" 
                style=""width:1em; height:1em;"" /></span><span class=""url-icon""><img alt=[武汉加油] src=""https://h5.sinaimg.cn/m/emoticon/icon/others/cw_wuhanjiayou-0e0df8741a.png"" 
                style=""width:1em; height:1em;"" /></span>我们明年约元宵<span class=""url-icon""><img alt=[心] src=""https://h5.sinaimg.cn/m/emoticon/icon/others/l_xin-6912791858.png"" 
                style=""width:1em; height:1em;"" /></span><span class=""url-icon""><img alt=[心] src=""https://h5.sinaimg.cn/m/emoticon/icon/others/l_xin-6912791858.png"" 
                style=""width:1em; height:1em;"" /></span><span class=""url-icon""><img alt=[心] src=""https://h5.sinaimg.cn/m/emoticon/icon/others/l_xin-6912791858.png"" 
                style=""width:1em; height:1em;"" /></span>",5870420434,1,曼宝宝无悔,276,3455,m
4469481054751196,Fri Feb 07 23:53:05 +0800 2020,一切都会好起来的❤,5164994593,1,龠了个僭,1145,167,f
4469481055412435,Fri Feb 07 23:53:05 +0800 2020,加油！一定要快点好起来啊,5928517949,1,醋栗奶柚,228,545,f
4469481046335500,Fri Feb 07 23:53:03 +0800 2020,左边一个雷神山！右边一个火神山！中间一个钟南山！,2960515921,2,JGS_WZY,170,3313,f
