﻿4469291564509367,Fri Feb 07 11:20:06 +0800 2020,"心都碎了<span class=""url-icon""><img alt=[伤心] src=""https://h5.sinaimg.cn/m/emoticon/icon/others/l_shangxin-934f730572.png"" 
                style=""width:1em; height:1em;"" /></span>",7097184476,1777,2020_妞ye快乐,155,57,f
4469297457421983,Fri Feb 07 11:43:32 +0800 2020,请拿出实际行动，好好保护更多的人吧，照顾好英雄的家人。,1865652885,1405,入江小小鱼,617,181,f
4469297462229760,Fri Feb 07 11:43:33 +0800 2020,"或许他从没想过要当英雄，但现在随着他的离世成了人们媒体口中的英雄<span class=""url-icon""><img alt=[蜡烛] src=""https://h5.sinaimg.cn/m/emoticon/icon/others/o_lazhu-6209fc6e73.png"" 
                style=""width:1em; height:1em;"" /></span><span class=""url-icon""><img alt=[蜡烛] src=""https://h5.sinaimg.cn/m/emoticon/icon/others/o_lazhu-6209fc6e73.png"" 
                style=""width:1em; height:1em;"" /></span><span class=""url-icon""><img alt=[蜡烛] src=""https://h5.sinaimg.cn/m/emoticon/icon/others/o_lazhu-6209fc6e73.png"" 
                style=""width:1em; height:1em;"" /></span>",5936718543,956,小肥羊的mirror,83,88,m
4469291648601151,Fri Feb 07 11:20:27 +0800 2020,"李医生永远活在我们心中<span class=""url-icon""><img alt=[心] src=""https://h5.sinaimg.cn/m/emoticon/icon/others/l_xin-6912791858.png"" 
                style=""width:1em; height:1em;"" /></span>",6346324006,766,咸蛋黄啵啵小奶鹅,982,3804,f
4469291548447762,Fri Feb 07 11:20:02 +0800 2020,致敬英雄,5334026411,453,柚子西o,62,42,m
4469291640562736,Fri Feb 07 11:20:25 +0800 2020,一声叹息,1967427503,381,Doris_Hammer,144,77,f
4469292412087343,Fri Feb 07 11:23:28 +0800 2020,医者仁心啊！武汉加油！中国加油！,3274013203,285,熊猫充电中,262,280,f
4469312527569537,Fri Feb 07 12:43:25 +0800 2020,请善待李文亮医生的家人，你我都是普通人，及时没有力量也要保护的人，即使没有力量也要做个正直的人，不是吗？,5582710434,212,2020今年上岸的郝大宝,179,2,f
4469297466440274,Fri Feb 07 11:43:34 +0800 2020,除了惋惜心痛还能说什么，那么年轻的生命就这样没有了......,3868791994,178,MissBig_F,357,3301,f
4469292030498449,Fri Feb 07 11:21:57 +0800 2020,敬畏生命,2292385031,162,李昕昕李昕,147,249,m
4469292135508247,Fri Feb 07 11:22:23 +0800 2020,曙光在即，武汉加油！,1431296072,112,掉落人间的小册子,974,514,m
4469292898642772,Fri Feb 07 11:25:24 +0800 2020,和平年代的英雄......！,1243533000,117,Viviansilenthill,234,642,f
4469293858794525,Fri Feb 07 11:29:13 +0800 2020,"一路走好，这段时间您辛苦了，好好休息吧<span class=""url-icon""><img alt=[蜡烛] src=""https://h5.sinaimg.cn/m/emoticon/icon/others/o_lazhu-6209fc6e73.png"" 
                style=""width:1em; height:1em;"" /></span><span class=""url-icon""><img alt=[蜡烛] src=""https://h5.sinaimg.cn/m/emoticon/icon/others/o_lazhu-6209fc6e73.png"" 
                style=""width:1em; height:1em;"" /></span>",5222956039,102,一只阿狸i,67,125,f
4469291921190917,Fri Feb 07 11:21:32 +0800 2020,"<span class=""url-icon""><img alt=[泪] src=""https://h5.sinaimg.cn/m/emoticon/icon/default/d_lei-1b4b02f8b1.png"" 
                style=""width:1em; height:1em;"" /></span><span class=""url-icon""><img alt=[泪] src=""https://h5.sinaimg.cn/m/emoticon/icon/default/d_lei-1b4b02f8b1.png"" 
                style=""width:1em; height:1em;"" /></span><span class=""url-icon""><img alt=[泪] src=""https://h5.sinaimg.cn/m/emoticon/icon/default/d_lei-1b4b02f8b1.png"" 
                style=""width:1em; height:1em;"" /></span><span class=""url-icon""><img alt=[泪] src=""https://h5.sinaimg.cn/m/emoticon/icon/default/d_lei-1b4b02f8b1.png"" 
                style=""width:1em; height:1em;"" /></span><span class=""url-icon""><img alt=[心] src=""https://h5.sinaimg.cn/m/emoticon/icon/others/l_xin-6912791858.png"" 
                style=""width:1em; height:1em;"" /></span><span class=""url-icon""><img alt=[心] src=""https://h5.sinaimg.cn/m/emoticon/icon/others/l_xin-6912791858.png"" 
                style=""width:1em; height:1em;"" /></span><span class=""url-icon""><img alt=[心] src=""https://h5.sinaimg.cn/m/emoticon/icon/others/l_xin-6912791858.png"" 
                style=""width:1em; height:1em;"" /></span><span class=""url-icon""><img alt=[心] src=""https://h5.sinaimg.cn/m/emoticon/icon/others/l_xin-6912791858.png"" 
                style=""width:1em; height:1em;"" /></span>",5664057931,70,我就想问为啥昵称不可用,24,2,f
4469292928124110,Fri Feb 07 11:25:31 +0800 2020,李医生一路走好，天堂祥瑞！,6468880625,79,月是故乡mg,49,136,m
4469292835741866,Fri Feb 07 11:25:10 +0800 2020,"逝者安息<span class=""url-icon""><img alt=[心] src=""https://h5.sinaimg.cn/m/emoticon/icon/others/l_xin-6912791858.png"" 
                style=""width:1em; height:1em;"" /></span>",5138428516,56,T_FlyCloud,275,166,f
4469292818602405,Fri Feb 07 11:25:06 +0800 2020,心已碎,2851873904,41,sttopp,658,378,f
4469293854585207,Fri Feb 07 11:29:12 +0800 2020,一路走好  再无伤痛,5512714686,37,_卷耳儿,292,6744,f
4469292391049416,Fri Feb 07 11:23:24 +0800 2020,一声叹息,1946166431,35,勤奋的若若,228,235,f
4469297675581826,Fri Feb 07 11:44:24 +0800 2020,"多么希望不是真的<span class=""url-icon""><img alt=[泪] src=""https://h5.sinaimg.cn/m/emoticon/icon/default/d_lei-1b4b02f8b1.png"" 
                style=""width:1em; height:1em;"" /></span><span class=""url-icon""><img alt=[泪] src=""https://h5.sinaimg.cn/m/emoticon/icon/default/d_lei-1b4b02f8b1.png"" 
                style=""width:1em; height:1em;"" /></span><span class=""url-icon""><img alt=[泪] src=""https://h5.sinaimg.cn/m/emoticon/icon/default/d_lei-1b4b02f8b1.png"" 
                style=""width:1em; height:1em;"" /></span><span class=""url-icon""><img alt=[泪] src=""https://h5.sinaimg.cn/m/emoticon/icon/default/d_lei-1b4b02f8b1.png"" 
                style=""width:1em; height:1em;"" /></span>",5793914542,27,要上岸的小猹,253,25,f
4469292651516565,Fri Feb 07 11:24:25 +0800 2020,致敬！,6029069451,28,武林萌主-赵公子,283,33,f
4469293687409281,Fri Feb 07 11:28:33 +0800 2020,"走好<span class=""url-icon""><img alt=[蜡烛] src=""https://h5.sinaimg.cn/m/emoticon/icon/others/o_lazhu-6209fc6e73.png"" 
                style=""width:1em; height:1em;"" /></span>",1887662744,20,Majingyi659,311,804,f
4469293620458682,Fri Feb 07 11:28:17 +0800 2020,痛心啊！,1915319820,21,吉星高照六六六,197,277,m
4469294672635842,Fri Feb 07 11:32:28 +0800 2020,致敬李医生,2548067071,15,暮念咔咔,122,68,f
4469292664155200,Fri Feb 07 11:24:29 +0800 2020,最帅的李医生,5935407632,18,您的孙先森,58,86,m
4469292882259948,Fri Feb 07 11:25:21 +0800 2020,致敬,6089167985,17,点缀星河_321,78,80,f
4469292651527267,Fri Feb 07 11:24:26 +0800 2020,"一路走好<span class=""url-icon""><img alt=[蜡烛] src=""https://h5.sinaimg.cn/m/emoticon/icon/others/o_lazhu-6209fc6e73.png"" 
                style=""width:1em; height:1em;"" /></span>",3165225662,9,Hiiiu_,274,249,m
4469294517472081,Fri Feb 07 11:31:51 +0800 2020,"<span class=""url-icon""><img alt=[泪] src=""https://h5.sinaimg.cn/m/emoticon/icon/default/d_lei-1b4b02f8b1.png"" 
                style=""width:1em; height:1em;"" /></span><span class=""url-icon""><img alt=[泪] src=""https://h5.sinaimg.cn/m/emoticon/icon/default/d_lei-1b4b02f8b1.png"" 
                style=""width:1em; height:1em;"" /></span><span class=""url-icon""><img alt=[泪] src=""https://h5.sinaimg.cn/m/emoticon/icon/default/d_lei-1b4b02f8b1.png"" 
                style=""width:1em; height:1em;"" /></span>",5563727848,8,吹圆号的火柴人,248,31,f
4469292882104954,Fri Feb 07 11:25:20 +0800 2020,"<span class=""url-icon""><img alt=[蜡烛] src=""https://h5.sinaimg.cn/m/emoticon/icon/others/o_lazhu-6209fc6e73.png"" 
                style=""width:1em; height:1em;"" /></span><span class=""url-icon""><img alt=[蜡烛] src=""https://h5.sinaimg.cn/m/emoticon/icon/others/o_lazhu-6209fc6e73.png"" 
                style=""width:1em; height:1em;"" /></span><span class=""url-icon""><img alt=[蜡烛] src=""https://h5.sinaimg.cn/m/emoticon/icon/others/o_lazhu-6209fc6e73.png"" 
                style=""width:1em; height:1em;"" /></span>",6341451205,8,Myteriousme,132,62,f
4469297349098730,Fri Feb 07 11:43:06 +0800 2020,唉心碎💔一路走好,1636174957,5,jennynui,121,3336883,f
4469294610418471,Fri Feb 07 11:32:12 +0800 2020,一路走好武漢加油,7356417351,9,有你真好0805,230,11,f
4469297616891805,Fri Feb 07 11:44:10 +0800 2020,"致敬医生，武汉加油<span class=""url-icon""><img alt=[心] src=""https://h5.sinaimg.cn/m/emoticon/icon/others/l_xin-6912791858.png"" 
                style=""width:1em; height:1em;"" /></span><span class=""url-icon""><img alt=[心] src=""https://h5.sinaimg.cn/m/emoticon/icon/others/l_xin-6912791858.png"" 
                style=""width:1em; height:1em;"" /></span>",1566435243,7,武汉-胡琴芬,71,248,f
4469294081936923,Fri Feb 07 11:30:06 +0800 2020,"<span class=""url-icon""><img alt=[蜡烛] src=""https://h5.sinaimg.cn/m/emoticon/icon/others/o_lazhu-6209fc6e73.png"" 
                style=""width:1em; height:1em;"" /></span><span class=""url-icon""><img alt=[蜡烛] src=""https://h5.sinaimg.cn/m/emoticon/icon/others/o_lazhu-6209fc6e73.png"" 
                style=""width:1em; height:1em;"" /></span><span class=""url-icon""><img alt=[蜡烛] src=""https://h5.sinaimg.cn/m/emoticon/icon/others/o_lazhu-6209fc6e73.png"" 
                style=""width:1em; height:1em;"" /></span>",7291596150,6,现哥小迷妹lwx,387,88,f
4469294505440996,Fri Feb 07 11:31:47 +0800 2020,悲伤，一路走好,5249275526,7,过目不忘小情人,93,134,m
4469292403302321,Fri Feb 07 11:23:27 +0800 2020,致敬,5891025423,7,念旧I旧念,82,93,f
4469297697303254,Fri Feb 07 11:44:29 +0800 2020,"致敬您!<span class=""url-icon""><img alt=[蜡烛] src=""https://h5.sinaimg.cn/m/emoticon/icon/others/o_lazhu-6209fc6e73.png"" 
                style=""width:1em; height:1em;"" /></span><span class=""url-icon""><img alt=[蜡烛] src=""https://h5.sinaimg.cn/m/emoticon/icon/others/o_lazhu-6209fc6e73.png"" 
                style=""width:1em; height:1em;"" /></span><span class=""url-icon""><img alt=[蜡烛] src=""https://h5.sinaimg.cn/m/emoticon/icon/others/o_lazhu-6209fc6e73.png"" 
                style=""width:1em; height:1em;"" /></span>",6893080150,3,哎鸭马鸭可爱鸭,210,1300,f
4469297344941124,Fri Feb 07 11:43:05 +0800 2020,"好心疼<span class=""url-icon""><img alt=[泪] src=""https://h5.sinaimg.cn/m/emoticon/icon/default/d_lei-1b4b02f8b1.png"" 
                style=""width:1em; height:1em;"" /></span><span class=""url-icon""><img alt=[泪] src=""https://h5.sinaimg.cn/m/emoticon/icon/default/d_lei-1b4b02f8b1.png"" 
                style=""width:1em; height:1em;"" /></span><span class=""url-icon""><img alt=[泪] src=""https://h5.sinaimg.cn/m/emoticon/icon/default/d_lei-1b4b02f8b1.png"" 
                style=""width:1em; height:1em;"" /></span>",5523205710,3,Khanivore_,77,3406,f
4469297017489826,Fri Feb 07 11:41:47 +0800 2020,照顾好家人！,7071833650,7,小亚62568,239,48,f
4469292349216091,Fri Feb 07 11:23:13 +0800 2020,一路走好,5036182416,3,Mimo88888888_,202,391,m
4469296912880087,Fri Feb 07 11:41:22 +0800 2020,转发微博,2041599444,1,思琦leehom,605,413,f
4469292818612908,Fri Feb 07 11:25:06 +0800 2020,"<span class=""url-icon""><img alt=[蜡烛] src=""https://h5.sinaimg.cn/m/emoticon/icon/others/o_lazhu-6209fc6e73.png"" 
                style=""width:1em; height:1em;"" /></span><span class=""url-icon""><img alt=[蜡烛] src=""https://h5.sinaimg.cn/m/emoticon/icon/others/o_lazhu-6209fc6e73.png"" 
                style=""width:1em; height:1em;"" /></span><span class=""url-icon""><img alt=[蜡烛] src=""https://h5.sinaimg.cn/m/emoticon/icon/others/o_lazhu-6209fc6e73.png"" 
                style=""width:1em; height:1em;"" /></span>",1708781400,2,晚di没有安,189,36,m
4469297680079009,Fri Feb 07 11:44:25 +0800 2020,"一路走好，<span class=""url-icon""><img alt=[心] src=""https://h5.sinaimg.cn/m/emoticon/icon/others/l_xin-6912791858.png"" 
                style=""width:1em; height:1em;"" /></span>",6225935022,1,花猫撞满怀,61,36,f
4469297025519126,Fri Feb 07 11:41:49 +0800 2020,"<span class=""url-icon""><img alt=[蜡烛] src=""https://h5.sinaimg.cn/m/emoticon/icon/others/o_lazhu-6209fc6e73.png"" 
                style=""width:1em; height:1em;"" /></span>",2998437267,2,可CoComy,145,69,f
4469297336777327,Fri Feb 07 11:43:03 +0800 2020,"<span class=""url-icon""><img alt=[蜡烛] src=""https://h5.sinaimg.cn/m/emoticon/icon/others/o_lazhu-6209fc6e73.png"" 
                style=""width:1em; height:1em;"" /></span><span class=""url-icon""><img alt=[蜡烛] src=""https://h5.sinaimg.cn/m/emoticon/icon/others/o_lazhu-6209fc6e73.png"" 
                style=""width:1em; height:1em;"" /></span><span class=""url-icon""><img alt=[蜡烛] src=""https://h5.sinaimg.cn/m/emoticon/icon/others/o_lazhu-6209fc6e73.png"" 
                style=""width:1em; height:1em;"" /></span><span class=""url-icon""><img alt=[蜡烛] src=""https://h5.sinaimg.cn/m/emoticon/icon/others/o_lazhu-6209fc6e73.png"" 
                style=""width:1em; height:1em;"" /></span><span class=""url-icon""><img alt=[蜡烛] src=""https://h5.sinaimg.cn/m/emoticon/icon/others/o_lazhu-6209fc6e73.png"" 
                style=""width:1em; height:1em;"" /></span>",5936111756,1,燚燚夏日222,87,45,f
4469311505066753,Fri Feb 07 12:39:20 +0800 2020,"千言万语化作一句叹息 望一路走好<span class=""url-icon""><img alt=[蜡烛] src=""https://h5.sinaimg.cn/m/emoticon/icon/others/o_lazhu-6209fc6e73.png"" 
                style=""width:1em; height:1em;"" /></span><span class=""url-icon""><img alt=[蜡烛] src=""https://h5.sinaimg.cn/m/emoticon/icon/others/o_lazhu-6209fc6e73.png"" 
                style=""width:1em; height:1em;"" /></span><span class=""url-icon""><img alt=[蜡烛] src=""https://h5.sinaimg.cn/m/emoticon/icon/others/o_lazhu-6209fc6e73.png"" 
                style=""width:1em; height:1em;"" /></span>",5720577930,3,1130ii,196,26,m
4469297386348550,Fri Feb 07 11:43:15 +0800 2020,李文亮医生,5264544166,1,这个夏天好热66,119,157,f
4469297361400191,Fri Feb 07 11:43:09 +0800 2020,致敬最可爱的白衣天使,6357010899,3,浅浅Love,24,12,m
4469292659114345,Fri Feb 07 11:24:28 +0800 2020,照顾好遗孀好吗,7214782382,87,爱笑的章小妞,41,6,f
4469311639010443,Fri Feb 07 12:39:52 +0800 2020,"不想要时势造英雄，有的事本可以避免<span class=""url-icon""><img alt=[悲伤] src=""https://h5.sinaimg.cn/m/emoticon/icon/default/d_beishang-f8d6de06c8.png"" 
                style=""width:1em; height:1em;"" /></span>",6062272138,39,榴莲柚子菠萝蜜,170,4,f
4469297554663591,Fri Feb 07 11:43:55 +0800 2020,"生命如此脆弱<span class=""url-icon""><img alt=[泪] src=""https://h5.sinaimg.cn/m/emoticon/icon/default/d_lei-1b4b02f8b1.png"" 
                style=""width:1em; height:1em;"" /></span><span class=""url-icon""><img alt=[泪] src=""https://h5.sinaimg.cn/m/emoticon/icon/default/d_lei-1b4b02f8b1.png"" 
                style=""width:1em; height:1em;"" /></span><span class=""url-icon""><img alt=[泪] src=""https://h5.sinaimg.cn/m/emoticon/icon/default/d_lei-1b4b02f8b1.png"" 
                style=""width:1em; height:1em;"" /></span>，英雄一路走好🙏🙏🙏",5943056182,7,海之韵5168,5,4,f
4469297315090114,Fri Feb 07 11:42:58 +0800 2020,"一路走好<span class=""url-icon""><img alt=[蜡烛] src=""https://h5.sinaimg.cn/m/emoticon/icon/others/o_lazhu-6209fc6e73.png"" 
                style=""width:1em; height:1em;"" /></span><span class=""url-icon""><img alt=[蜡烛] src=""https://h5.sinaimg.cn/m/emoticon/icon/others/o_lazhu-6209fc6e73.png"" 
                style=""width:1em; height:1em;"" /></span><span class=""url-icon""><img alt=[蜡烛] src=""https://h5.sinaimg.cn/m/emoticon/icon/others/o_lazhu-6209fc6e73.png"" 
                style=""width:1em; height:1em;"" /></span>",7307653596,5,蓝莓酷酷,7,0,f
