﻿4484330799793177,Thu Mar 19 23:20:40 +0800 2020,违规出具训诫书？所以说是李文亮所为本就够不成训诫还是训诫这种做法是违规的？那派出所到底是根据哪条相关法规进行训诫的呢？法规是否存在合理？,3030451357,579,亲爱的七禾,350,307,f
4484327377401496,Thu Mar 19 23:07:04 +0800 2020,对调查中发现的有关单位和人员应对疫情反应迟缓、防控不严、履职不力等情况，将由有关方面进一步深入开展调查，严肃追责问责。,1942387713,229,xmgejun,125,81,m
4484327444597696,Thu Mar 19 23:07:20 +0800 2020,"可惜李医生看不见也听不到了<span class=""url-icon""><img alt=[蜡烛] src=""https://h5.sinaimg.cn/m/emoticon/icon/others/o_lazhu-6209fc6e73.png"" style=""width:1em; height:1em;"" /></span><span class=""url-icon""><img alt=[蜡烛] src=""https://h5.sinaimg.cn/m/emoticon/icon/others/o_lazhu-6209fc6e73.png"" style=""width:1em; height:1em;"" /></span><span class=""url-icon""><img alt=[蜡烛] src=""https://h5.sinaimg.cn/m/emoticon/icon/others/o_lazhu-6209fc6e73.png"" style=""width:1em; height:1em;"" /></span>",1603239294,156,洛丽塔的小宇宙,280,125,f
4484333102370317,Thu Mar 19 23:29:49 +0800 2020,"<a href='/n/一路上有你ZL'>@一路上有你ZL</a>: 就让李医生安静的走吧，在另一个世界，他听到了道歉，他会过的很好<span class=""url-icon""><img alt=[蜡烛] src=""https://h5.sinaimg.cn/m/emoticon/icon/others/o_lazhu-6209fc6e73.png"" style=""width:1em; height:1em;"" /></span>",2069197860,44,加油加油BOBO,271,214,f
4484329122077152,Thu Mar 19 23:13:59 +0800 2020,相关人员引以为戒！,1249066837,29,风青扬629,630,509,m
4484331160022979,Thu Mar 19 23:22:06 +0800 2020,李医生一路走好！,5735133755,22,深情不及9伴996,170,81,f
4484334662579340,Thu Mar 19 23:36:01 +0800 2020,"一路走好<span class=""url-icon""><img alt=[蜡烛] src=""https://h5.sinaimg.cn/m/emoticon/icon/others/o_lazhu-6209fc6e73.png"" style=""width:1em; height:1em;"" /></span><span class=""url-icon""><img alt=[蜡烛] src=""https://h5.sinaimg.cn/m/emoticon/icon/others/o_lazhu-6209fc6e73.png"" style=""width:1em; height:1em;"" /></span>",6973009742,17,梦一场23118,22,0,m
4484324005080316,Thu Mar 19 22:53:40 +0800 2020,好像收到“训诫书”的不止李文亮医生吧，那七位呢？,3099695953,175,竹天草央,194,128,f
4484346280481978,Fri Mar 20 00:22:10 +0800 2020,希望全国引以为戒吧 专业领域的问题咨询专业领域的人去判定,5093709853,63,静谧的瞬间,203,326,m
4484329545350248,Thu Mar 19 23:15:41 +0800 2020,"李医生虽然看等不到了，但这个处理对李医生的父母很重要，记得他妈妈视频中说过想要一个说法的，说他不是会说谎的人<span class=""url-icon""><img alt=[泪] src=""https://h5.sinaimg.cn/m/emoticon/icon/default/d_lei-1b4b02f8b1.png"" style=""width:1em; height:1em;"" /></span>",3825910410,47,Running面站住亲一下,155,36,m
4484329520979190,Thu Mar 19 23:15:35 +0800 2020,以后相关部门重视一点，相信专业人士说的话！提高疾病防控中心的权力！,5586801882,25,单品燃爆款,51,0,m
4484325930243020,Thu Mar 19 23:01:18 +0800 2020,事情已经完满，愿逝者安息！公安人员也应该放下包袱，为守护武汉继续加油工作！必竟疫情还远没有结束，战斗还将继续…,5880471369,17,言要有责70275,108,24,m
4484323472665266,Thu Mar 19 22:51:32 +0800 2020,逝者安息，无意冒犯！,5246433128,9,士多俾梨好好味哦,244,334,m
4484323011209243,Thu Mar 19 22:49:42 +0800 2020,李医生一路走好，我们也不要乱带节奏了，理性冷静，相信调查组给的结果,6171443811,10,华丽婚纱de夏天,3,1,m
4484324906887912,Thu Mar 19 22:57:14 +0800 2020,"可惜李医生等不到道歉了。愿您在天堂安好。<span class=""url-icon""><img alt=[作揖] src=""https://h5.sinaimg.cn/m/emoticon/icon/others/h_zuoyi-cb12e18fd5.png"" style=""width:1em; height:1em;"" /></span>",2809080433,6,Christy_Wen2015,77,286,f
4484346750451942,Fri Mar 20 00:24:02 +0800 2020,公道自在人心！,3603289274,6,藌意诗,98,59,m
4484332200985680,Thu Mar 19 23:26:14 +0800 2020,可是他走了…太迟了,3996054954,9,我钟爱太阳花,70,69,f
4484331554370725,Thu Mar 19 23:23:39 +0800 2020,"<span class=""url-icon""><img alt=[蜡烛] src=""https://h5.sinaimg.cn/m/emoticon/icon/others/o_lazhu-6209fc6e73.png"" style=""width:1em; height:1em;"" /></span><span class=""url-icon""><img alt=[蜡烛] src=""https://h5.sinaimg.cn/m/emoticon/icon/others/o_lazhu-6209fc6e73.png"" style=""width:1em; height:1em;"" /></span><span class=""url-icon""><img alt=[蜡烛] src=""https://h5.sinaimg.cn/m/emoticon/icon/others/o_lazhu-6209fc6e73.png"" style=""width:1em; height:1em;"" /></span><span class=""url-icon""><img alt=[蜡烛] src=""https://h5.sinaimg.cn/m/emoticon/icon/others/o_lazhu-6209fc6e73.png"" style=""width:1em; height:1em;"" /></span>",5246237026,1,理想o妄想,35,121,m
4484322851080727,Thu Mar 19 22:49:04 +0800 2020,人都走了 如果能早点警觉该多好……,5017066289,2,Lz-box,164,395,m
4484331986246078,Thu Mar 19 23:25:23 +0800 2020,可惜人不在了,7019808026,1,咸蛋黄呀_,69,62,m
4484330589655475,Thu Mar 19 23:19:50 +0800 2020,可以瞑目了,2320110617,0,chris缇娜,122,114,f
4484326332902274,Thu Mar 19 23:02:54 +0800 2020,中肯,1926499900,1,渣渣LWY-,531,274,m
4484321002235109,Thu Mar 19 22:41:43 +0800 2020,"杨有监管不力责任，胡替没参与谈话的同事在笔录上签名，确实程序错误。但派出所会主动找李文亮来？是不是漏了什么<span class=""url-icon""><img alt=[doge] src=""https://h5.sinaimg.cn/m/emoticon/icon/others/d_doge-861403219c.png"" style=""width:1em; height:1em;"" /></span>",3194688654,76,穿板鞋de猫,27,18,m
4484321454518116,Thu Mar 19 22:43:32 +0800 2020,相信国家的处理意见，不要带节奏……,2786215997,6,火焰擎天手,173,685,m
4484323832792588,Thu Mar 19 22:52:59 +0800 2020,派出所错在哪里，还是听不清楚。是李医生发布疫情正确警方不该处置？还是警方处置不当，比如不该是训诫而是拘留或其他什么,6703128715,44,逃离土城,27,11,m
4484321283181795,Thu Mar 19 22:42:51 +0800 2020,国家对于传染病的报告、审核、发布是有法定程序的，未经官方渠道正式公布之前，不能私下散发传播，这是政策更是法律。派出所对李医生做出训戒决定前，应该咨询过想换部门。错就错在签没在场民警的名字。,7333498416,34,焦土201911,22,1,m
4484336306406602,Thu Mar 19 23:42:32 +0800 2020,罚当其罪方为法治，既为李文亮医生主持正义，也不对公安机关夸大处分，这才是依法治国、依法行政的应有之义。,6367762591,15,F范鹏飞,266,10,m
