﻿4469379443536934,Fri Feb 07 17:09:19 +0800 2020,"为他正名！<span class=""url-icon""><img alt=[心] src=""https://h5.sinaimg.cn/m/emoticon/icon/others/l_xin-6912791858.png"" 
                style=""width:1em; height:1em;"" /></span><span class=""url-icon""><img alt=[心] src=""https://h5.sinaimg.cn/m/emoticon/icon/others/l_xin-6912791858.png"" 
                style=""width:1em; height:1em;"" /></span><span class=""url-icon""><img alt=[心] src=""https://h5.sinaimg.cn/m/emoticon/icon/others/l_xin-6912791858.png"" 
                style=""width:1em; height:1em;"" /></span><span class=""url-icon""><img alt=[心] src=""https://h5.sinaimg.cn/m/emoticon/icon/others/l_xin-6912791858.png"" 
                style=""width:1em; height:1em;"" /></span><span class=""url-icon""><img alt=[心] src=""https://h5.sinaimg.cn/m/emoticon/icon/others/l_xin-6912791858.png"" 
                style=""width:1em; height:1em;"" /></span><span class=""url-icon""><img alt=[心] src=""https://h5.sinaimg.cn/m/emoticon/icon/others/l_xin-6912791858.png"" 
                style=""width:1em; height:1em;"" /></span>",3060062450,258,bazinga_yyuuu,1565,14824,f
4469379699727363,Fri Feb 07 17:10:20 +0800 2020,这段话说的在理,5917293963,148,学府路上骑单车,787,610,m
4469380123916423,Fri Feb 07 17:12:01 +0800 2020,这话说的在理,5277973279,72,夏m沫之蓝,211,128,m
4469379791610616,Fri Feb 07 17:10:42 +0800 2020,转发微博,1237619107,20,兩百米的天,2907,1852,m
4469380681264328,Fri Feb 07 17:14:14 +0800 2020,说的好！,2384701664,20,穿背带裤的熊猫,266,362,f
4469381834398351,Fri Feb 07 17:18:49 +0800 2020,说的真的特别感人，竖起我的大拇指,6377591522,21,学习最重要2019,218,217,f
4469380756739632,Fri Feb 07 17:14:32 +0800 2020,说的在理👍👍👍,7207620788,14,水里小鱼儿-,116,162,m
4469381247380569,Fri Feb 07 17:16:29 +0800 2020,希望李文亮医生安息，疫情一定会早日控制住的。,3478855475,13,ZXYZXYyyy,818,232,f
4469379821692982,Fri Feb 07 17:10:49 +0800 2020,这段话说的在理,3299374435,11,朱子茶亭,458,314,m
4469382405035881,Fri Feb 07 17:21:05 +0800 2020,"我们一定能战胜这次疫情，没有什么能难得住我们<span class=""url-icon""><img alt=[鲜花] src=""https://h5.sinaimg.cn/m/emoticon/icon/others/w_xianhua-6efa26efdf.png"" 
                style=""width:1em; height:1em;"" /></span><span class=""url-icon""><img alt=[鲜花] src=""https://h5.sinaimg.cn/m/emoticon/icon/others/w_xianhua-6efa26efdf.png"" 
                style=""width:1em; height:1em;"" /></span>",6039826802,3,范特西喜欢晴天,648,555,m
4469381498954827,Fri Feb 07 17:17:29 +0800 2020,"李医生我们会继续努力一定会战胜病魔的加油吧<span class=""url-icon""><img alt=[心] src=""https://h5.sinaimg.cn/m/emoticon/icon/others/l_xin-6912791858.png"" 
                style=""width:1em; height:1em;"" /></span><span class=""url-icon""><img alt=[心] src=""https://h5.sinaimg.cn/m/emoticon/icon/others/l_xin-6912791858.png"" 
                style=""width:1em; height:1em;"" /></span>",6893579666,7,迪迪不吃鱼,435,72,m
4469381792834451,Fri Feb 07 17:18:39 +0800 2020,医者仁心，这是位负责任的好医生,6916030759,7,锦瑟流年2019,305,14,f
4469381570174987,Fri Feb 07 17:17:46 +0800 2020,希望李医生能够在天堂安息，英雄一路走好,7331046129,4,你可真是个小傻瓜啊,56,39,m
4469381537026505,Fri Feb 07 17:17:38 +0800 2020,李文亮医生真的很伟大，愿英雄一路走好,7110951948,5,小蜻蜓123456789,96,26,f
4469381021228605,Fri Feb 07 17:15:34 +0800 2020,实事求是,5945245454,3,神棍SAMA7,104,135,m
4469381121932152,Fri Feb 07 17:15:59 +0800 2020,中国加油武汉加油，希望一线的医生照顾好自己,2859511084,2,好像也取不出有趣的名字,71,166,f
4469380283264902,Fri Feb 07 17:12:39 +0800 2020,"<span class=""url-icon""><img alt=[good] src=""https://h5.sinaimg.cn/m/emoticon/icon/others/h_good-644bcfa993.png"" 
                style=""width:1em; height:1em;"" /></span>",1619242035,2,HGW_XX丨7,293,226,m
4469383315717145,Fri Feb 07 17:24:41 +0800 2020,说的真的是非常的棒呀！这个是英雄呀！,5649096193,1,百里灿霞,431,178,m
4469387304183813,Fri Feb 07 17:40:32 +0800 2020,说的好,1749809695,1,hhj1980,376,187,m
4469384582124507,Fri Feb 07 17:29:43 +0800 2020,"难得的好文章！<span class=""url-icon""><img alt=[good] src=""https://h5.sinaimg.cn/m/emoticon/icon/others/h_good-644bcfa993.png"" 
                style=""width:1em; height:1em;"" /></span><span class=""url-icon""><img alt=[good] src=""https://h5.sinaimg.cn/m/emoticon/icon/others/h_good-644bcfa993.png"" 
                style=""width:1em; height:1em;"" /></span><span class=""url-icon""><img alt=[good] src=""https://h5.sinaimg.cn/m/emoticon/icon/others/h_good-644bcfa993.png"" 
                style=""width:1em; height:1em;"" /></span>",5328623240,1,南山牧场好,335,12,m
4469383830855007,Fri Feb 07 17:26:45 +0800 2020,新华社有点水平,2250324301,2,Howard宁,298,184,m
4469379510825167,Fri Feb 07 17:09:34 +0800 2020,"<span class=""url-icon""><img alt=[good] src=""https://h5.sinaimg.cn/m/emoticon/icon/others/h_good-644bcfa993.png"" 
                style=""width:1em; height:1em;"" /></span><span class=""url-icon""><img alt=[good] src=""https://h5.sinaimg.cn/m/emoticon/icon/others/h_good-644bcfa993.png"" 
                style=""width:1em; height:1em;"" /></span>",5942218315,1,栗子liz李,124,32,f
4469381222128423,Fri Feb 07 17:16:22 +0800 2020,实事求是！！！,1779036251,1,肖突突,224,719,f
4469387434341447,Fri Feb 07 17:41:04 +0800 2020,转发微博,6539719633,1,护士教育网,99,668,m
4469381758940804,Fri Feb 07 17:18:31 +0800 2020,说的在理,6040685595,1,HH梨涡淺笑,113,37,f
4469381713166905,Fri Feb 07 17:18:19 +0800 2020,说的好。,6040685595,1,HH梨涡淺笑,113,37,f
4469381700310049,Fri Feb 07 17:18:16 +0800 2020,"<span class=""url-icon""><img alt=[good] src=""https://h5.sinaimg.cn/m/emoticon/icon/others/h_good-644bcfa993.png"" 
                style=""width:1em; height:1em;"" /></span><span class=""url-icon""><img alt=[good] src=""https://h5.sinaimg.cn/m/emoticon/icon/others/h_good-644bcfa993.png"" 
                style=""width:1em; height:1em;"" /></span><span class=""url-icon""><img alt=[good] src=""https://h5.sinaimg.cn/m/emoticon/icon/others/h_good-644bcfa993.png"" 
                style=""width:1em; height:1em;"" /></span>",3212344830,1,嘘嘘-嘻嘻-哈哈,461,73,m
4469381185089325,Fri Feb 07 17:16:14 +0800 2020,"好，不狂不热，在理<span class=""url-icon""><img alt=[赞] src=""https://h5.sinaimg.cn/m/emoticon/icon/others/h_zan-e3d1e596da.png"" 
                style=""width:1em; height:1em;"" /></span>",6382224574,1,AS小雨哥哥,97,49,m
4469381939284438,Fri Feb 07 17:19:14 +0800 2020,四字如千金 实事求是,2350643037,2,巴蜀原子,136,38,m
4469379502554749,Fri Feb 07 17:09:33 +0800 2020,转发微博,5532928856,3,CarryChen-,604,109,m
4469384544183600,Fri Feb 07 17:29:35 +0800 2020,说得好！,6236047322,1,炸酱面非常好吃,1131,84,m
4469384153996626,Fri Feb 07 17:28:01 +0800 2020,说的真好,6857204582,1,打料酒,154,8,m
4469383655354589,Fri Feb 07 17:26:02 +0800 2020,在理！,6660510356,1,我叫洗碗呀,159,833,f
