﻿4469313639993466,Fri Feb 07 12:47:50 +0800 2020,缅怀尊重🙏,6723164422,170,毛毛vasdv,97,109,m
4469313538745958,Fri Feb 07 12:47:25 +0800 2020,"致敬，一路走好<span class=""url-icon""><img alt=[蜡烛] src=""https://h5.sinaimg.cn/m/emoticon/icon/others/o_lazhu-6209fc6e73.png"" 
                style=""width:1em; height:1em;"" /></span><span class=""url-icon""><img alt=[泪] src=""https://h5.sinaimg.cn/m/emoticon/icon/default/d_lei-1b4b02f8b1.png"" 
                style=""width:1em; height:1em;"" /></span>",5237053116,129,青春-眉山,1506,250663,m
4469313664757364,Fri Feb 07 12:47:55 +0800 2020,一路走好！！🙏🙏🙏我们都记得你,3314205423,106,-Rainy辰,230,509,f
4469315283348069,Fri Feb 07 12:54:22 +0800 2020,“我们沉痛悼念李文亮医生的去世。我们所有人都应该向他应对肺炎疫情的所作所为致敬。”,1902370947,113,卯金立刀,1008,483,m
4469315305123433,Fri Feb 07 12:54:27 +0800 2020,"一路走好<span class=""url-icon""><img alt=[心] src=""https://h5.sinaimg.cn/m/emoticon/icon/others/l_xin-6912791858.png"" 
                style=""width:1em; height:1em;"" /></span>",6118927821,29,闻闻的猪-,291,217,f
4469315124549408,Fri Feb 07 12:53:43 +0800 2020,"<span class=""url-icon""><img alt=[蜡烛] src=""https://h5.sinaimg.cn/m/emoticon/icon/others/o_lazhu-6209fc6e73.png"" 
                style=""width:1em; height:1em;"" /></span><span class=""url-icon""><img alt=[蜡烛] src=""https://h5.sinaimg.cn/m/emoticon/icon/others/o_lazhu-6209fc6e73.png"" 
                style=""width:1em; height:1em;"" /></span><span class=""url-icon""><img alt=[蜡烛] src=""https://h5.sinaimg.cn/m/emoticon/icon/others/o_lazhu-6209fc6e73.png"" 
                style=""width:1em; height:1em;"" /></span>致敬奋战在一线的医疗团队，不分昼夜的辛勤付出。",2450172710,31,婷婷婷_DD,110,317,f
4469314855435789,Fri Feb 07 12:52:40 +0800 2020,"一路走好<span class=""url-icon""><img alt=[蜡烛] src=""https://h5.sinaimg.cn/m/emoticon/icon/others/o_lazhu-6209fc6e73.png"" 
                style=""width:1em; height:1em;"" /></span>",3568483050,8,哈尔滨体育学院团委,241,12978,m
4469324528394293,Fri Feb 07 13:31:06 +0800 2020,"一路走好，感谢您<span class=""url-icon""><img alt=[蜡烛] src=""https://h5.sinaimg.cn/m/emoticon/icon/others/o_lazhu-6209fc6e73.png"" 
                style=""width:1em; height:1em;"" /></span><span class=""url-icon""><img alt=[蜡烛] src=""https://h5.sinaimg.cn/m/emoticon/icon/others/o_lazhu-6209fc6e73.png"" 
                style=""width:1em; height:1em;"" /></span><span class=""url-icon""><img alt=[蜡烛] src=""https://h5.sinaimg.cn/m/emoticon/icon/others/o_lazhu-6209fc6e73.png"" 
                style=""width:1em; height:1em;"" /></span>",5309341127,10,半个糯米团子,126,199,f
4469321403215141,Fri Feb 07 13:18:40 +0800 2020,"道一声李医生一路走好<span class=""url-icon""><img alt=[蜡烛] src=""https://h5.sinaimg.cn/m/emoticon/icon/others/o_lazhu-6209fc6e73.png"" 
                style=""width:1em; height:1em;"" /></span><span class=""url-icon""><img alt=[蜡烛] src=""https://h5.sinaimg.cn/m/emoticon/icon/others/o_lazhu-6209fc6e73.png"" 
                style=""width:1em; height:1em;"" /></span><span class=""url-icon""><img alt=[蜡烛] src=""https://h5.sinaimg.cn/m/emoticon/icon/others/o_lazhu-6209fc6e73.png"" 
                style=""width:1em; height:1em;"" /></span><span class=""url-icon""><img alt=[蜡烛] src=""https://h5.sinaimg.cn/m/emoticon/icon/others/o_lazhu-6209fc6e73.png"" 
                style=""width:1em; height:1em;"" /></span>我想这是每一个正直而又有良心的人应该做的事情",3194406585,15,得失那是命,384,231,m
4469316155831890,Fri Feb 07 12:57:50 +0800 2020,"一路走好<span class=""url-icon""><img alt=[蜡烛] src=""https://h5.sinaimg.cn/m/emoticon/icon/others/o_lazhu-6209fc6e73.png"" 
                style=""width:1em; height:1em;"" /></span>致敬在一线奋战的英雄",5115322890,14,桃浪七七,303,205,f
4469320451115826,Fri Feb 07 13:14:54 +0800 2020,"记住他，李文亮<span class=""url-icon""><img alt=[伤心] src=""https://h5.sinaimg.cn/m/emoticon/icon/others/l_shangxin-934f730572.png"" 
                style=""width:1em; height:1em;"" /></span><span class=""url-icon""><img alt=[伤心] src=""https://h5.sinaimg.cn/m/emoticon/icon/others/l_shangxin-934f730572.png"" 
                style=""width:1em; height:1em;"" /></span><span class=""url-icon""><img alt=[伤心] src=""https://h5.sinaimg.cn/m/emoticon/icon/others/l_shangxin-934f730572.png"" 
                style=""width:1em; height:1em;"" /></span><span class=""url-icon""><img alt=[蜡烛] src=""https://h5.sinaimg.cn/m/emoticon/icon/others/o_lazhu-6209fc6e73.png"" 
                style=""width:1em; height:1em;"" /></span><span class=""url-icon""><img alt=[蜡烛] src=""https://h5.sinaimg.cn/m/emoticon/icon/others/o_lazhu-6209fc6e73.png"" 
                style=""width:1em; height:1em;"" /></span><span class=""url-icon""><img alt=[蜡烛] src=""https://h5.sinaimg.cn/m/emoticon/icon/others/o_lazhu-6209fc6e73.png"" 
                style=""width:1em; height:1em;"" /></span>",1682402832,12,天使不老,485,700,f
4469315204344844,Fri Feb 07 12:54:03 +0800 2020,"<span class=""url-icon""><img alt=[蜡烛] src=""https://h5.sinaimg.cn/m/emoticon/icon/others/o_lazhu-6209fc6e73.png"" 
                style=""width:1em; height:1em;"" /></span><span class=""url-icon""><img alt=[蜡烛] src=""https://h5.sinaimg.cn/m/emoticon/icon/others/o_lazhu-6209fc6e73.png"" 
                style=""width:1em; height:1em;"" /></span><span class=""url-icon""><img alt=[蜡烛] src=""https://h5.sinaimg.cn/m/emoticon/icon/others/o_lazhu-6209fc6e73.png"" 
                style=""width:1em; height:1em;"" /></span>",2515681744,20,Alice---Chan,606,350,f
4469317078640189,Fri Feb 07 13:01:30 +0800 2020,一路走好！,6803142663,7,YoungXbackHoney,490,357,f
4469314168303435,Fri Feb 07 12:49:56 +0800 2020,"李文亮医生走好<span class=""url-icon""><img alt=[蜡烛] src=""https://h5.sinaimg.cn/m/emoticon/icon/others/o_lazhu-6209fc6e73.png"" 
                style=""width:1em; height:1em;"" /></span>",5782275813,8,玥玥玥玥玥越,176,14,f
4469317510825966,Fri Feb 07 13:03:13 +0800 2020,"只有说一句 <span class=""url-icon""><img alt=[蜡烛] src=""https://h5.sinaimg.cn/m/emoticon/icon/others/o_lazhu-6209fc6e73.png"" 
                style=""width:1em; height:1em;"" /></span>天堂没有病痛 一切安好  你为中国所做的已经深深铭刻在我们的心里了<span class=""url-icon""><img alt=[蜡烛] src=""https://h5.sinaimg.cn/m/emoticon/icon/others/o_lazhu-6209fc6e73.png"" 
                style=""width:1em; height:1em;"" /></span>",1012585157,18,游走于尘世的小戴,6080,13496,m
4469324389551977,Fri Feb 07 13:30:32 +0800 2020,"一路走好<span class=""url-icon""><img alt=[蜡烛] src=""https://h5.sinaimg.cn/m/emoticon/icon/others/o_lazhu-6209fc6e73.png"" 
                style=""width:1em; height:1em;"" /></span>",3541422330,3,忆青澜,725,401,f
4469314134893085,Fri Feb 07 12:49:48 +0800 2020,一路走好！致敬！,7087142320,3,爱伦小小,133,172,f
4469314411322685,Fri Feb 07 12:50:54 +0800 2020,一路走好,6637228634,2,渊鱼K,191,601,m
4469315069833098,Fri Feb 07 12:53:30 +0800 2020,好人啊,1578530697,2,爱伟霆的弟弟,227,77,m
4469316290283888,Fri Feb 07 12:58:22 +0800 2020,"<span class=""url-icon""><img alt=[蜡烛] src=""https://h5.sinaimg.cn/m/emoticon/icon/others/o_lazhu-6209fc6e73.png"" 
                style=""width:1em; height:1em;"" /></span><span class=""url-icon""><img alt=[蜡烛] src=""https://h5.sinaimg.cn/m/emoticon/icon/others/o_lazhu-6209fc6e73.png"" 
                style=""width:1em; height:1em;"" /></span><span class=""url-icon""><img alt=[蜡烛] src=""https://h5.sinaimg.cn/m/emoticon/icon/others/o_lazhu-6209fc6e73.png"" 
                style=""width:1em; height:1em;"" /></span><span class=""url-icon""><img alt=[蜡烛] src=""https://h5.sinaimg.cn/m/emoticon/icon/others/o_lazhu-6209fc6e73.png"" 
                style=""width:1em; height:1em;"" /></span><span class=""url-icon""><img alt=[蜡烛] src=""https://h5.sinaimg.cn/m/emoticon/icon/others/o_lazhu-6209fc6e73.png"" 
                style=""width:1em; height:1em;"" /></span><span class=""url-icon""><img alt=[蜡烛] src=""https://h5.sinaimg.cn/m/emoticon/icon/others/o_lazhu-6209fc6e73.png"" 
                style=""width:1em; height:1em;"" /></span>",1959298341,2,勇敢的心-------,218,180,m
4469315920901169,Fri Feb 07 12:56:54 +0800 2020,"<span class=""url-icon""><img alt=[蜡烛] src=""https://h5.sinaimg.cn/m/emoticon/icon/others/o_lazhu-6209fc6e73.png"" 
                style=""width:1em; height:1em;"" /></span><span class=""url-icon""><img alt=[蜡烛] src=""https://h5.sinaimg.cn/m/emoticon/icon/others/o_lazhu-6209fc6e73.png"" 
                style=""width:1em; height:1em;"" /></span><span class=""url-icon""><img alt=[蜡烛] src=""https://h5.sinaimg.cn/m/emoticon/icon/others/o_lazhu-6209fc6e73.png"" 
                style=""width:1em; height:1em;"" /></span>",1819664161,2,Hello小铎,318,532,m
4469316710258343,Fri Feb 07 13:00:01 +0800 2020,一路走好,1198949171,1,杨阳-儿童心理治疗师,642,431,m
4469316777344956,Fri Feb 07 13:00:18 +0800 2020,"致敬，优秀的医生！一路走好<span class=""url-icon""><img alt=[蜡烛] src=""https://h5.sinaimg.cn/m/emoticon/icon/others/o_lazhu-6209fc6e73.png"" 
                style=""width:1em; height:1em;"" /></span>",5513030246,1,木子九儿,146,126,f
4469314612377498,Fri Feb 07 12:51:42 +0800 2020,🙏🙏🙏,2079364685,1,青岛胶州湾高速交警,1578,14001,m
4469321658762930,Fri Feb 07 13:19:42 +0800 2020,"<span class=""url-icon""><img alt=[可怜] src=""https://h5.sinaimg.cn/m/emoticon/icon/default/d_kelian-3e00ccdc26.png"" 
                style=""width:1em; height:1em;"" /></span><span class=""url-icon""><img alt=[可怜] src=""https://h5.sinaimg.cn/m/emoticon/icon/default/d_kelian-3e00ccdc26.png"" 
                style=""width:1em; height:1em;"" /></span>",2768054667,1,潮流木头人,511,174,f
4469320505420876,Fri Feb 07 13:15:06 +0800 2020,"<span class=""url-icon""><img alt=[蜡烛] src=""https://h5.sinaimg.cn/m/emoticon/icon/others/o_lazhu-6209fc6e73.png"" 
                style=""width:1em; height:1em;"" /></span>",7076772331,0,渣渣陈iuiu,2167,141,m
4469315883032589,Fri Feb 07 12:56:45 +0800 2020,"致敬！<span class=""url-icon""><img alt=[蜡烛] src=""https://h5.sinaimg.cn/m/emoticon/icon/others/o_lazhu-6209fc6e73.png"" 
                style=""width:1em; height:1em;"" /></span><span class=""url-icon""><img alt=[蜡烛] src=""https://h5.sinaimg.cn/m/emoticon/icon/others/o_lazhu-6209fc6e73.png"" 
                style=""width:1em; height:1em;"" /></span><span class=""url-icon""><img alt=[蜡烛] src=""https://h5.sinaimg.cn/m/emoticon/icon/others/o_lazhu-6209fc6e73.png"" 
                style=""width:1em; height:1em;"" /></span>",5537158931,0,芽Douya,220,83,f
4469315854274524,Fri Feb 07 12:56:38 +0800 2020,"一路走好<span class=""url-icon""><img alt=[蜡烛] src=""https://h5.sinaimg.cn/m/emoticon/icon/others/o_lazhu-6209fc6e73.png"" 
                style=""width:1em; height:1em;"" /></span>",3221218313,0,Andaymin,128,87,f
4469315808230758,Fri Feb 07 12:56:26 +0800 2020,"一路走好<span class=""url-icon""><img alt=[蜡烛] src=""https://h5.sinaimg.cn/m/emoticon/icon/others/o_lazhu-6209fc6e73.png"" 
                style=""width:1em; height:1em;"" /></span><span class=""url-icon""><img alt=[蜡烛] src=""https://h5.sinaimg.cn/m/emoticon/icon/others/o_lazhu-6209fc6e73.png"" 
                style=""width:1em; height:1em;"" /></span><span class=""url-icon""><img alt=[蜡烛] src=""https://h5.sinaimg.cn/m/emoticon/icon/others/o_lazhu-6209fc6e73.png"" 
                style=""width:1em; height:1em;"" /></span>",6230658483,1,勋毒LL,79,24,f
4469315296212912,Fri Feb 07 12:54:25 +0800 2020,"唉...<span class=""url-icon""><img alt=[蜡烛] src=""https://h5.sinaimg.cn/m/emoticon/icon/others/o_lazhu-6209fc6e73.png"" 
                style=""width:1em; height:1em;"" /></span>",5887260980,0,丿Daniel_Chen丶,800,105,m
4469314700257575,Fri Feb 07 12:52:03 +0800 2020,"一路走好<span class=""url-icon""><img alt=[泪] src=""https://h5.sinaimg.cn/m/emoticon/icon/default/d_lei-1b4b02f8b1.png"" 
                style=""width:1em; height:1em;"" /></span><span class=""url-icon""><img alt=[泪] src=""https://h5.sinaimg.cn/m/emoticon/icon/default/d_lei-1b4b02f8b1.png"" 
                style=""width:1em; height:1em;"" /></span><span class=""url-icon""><img alt=[泪] src=""https://h5.sinaimg.cn/m/emoticon/icon/default/d_lei-1b4b02f8b1.png"" 
                style=""width:1em; height:1em;"" /></span><span class=""url-icon""><img alt=[泪] src=""https://h5.sinaimg.cn/m/emoticon/icon/default/d_lei-1b4b02f8b1.png"" 
                style=""width:1em; height:1em;"" /></span><span class=""url-icon""><img alt=[蜡烛] src=""https://h5.sinaimg.cn/m/emoticon/icon/others/o_lazhu-6209fc6e73.png"" 
                style=""width:1em; height:1em;"" /></span>",2420664882,1,-林佩宁,251,316,m
4469314608631883,Fri Feb 07 12:51:41 +0800 2020,"一路走好，全国人民记得你<span class=""url-icon""><img alt=[泪] src=""https://h5.sinaimg.cn/m/emoticon/icon/default/d_lei-1b4b02f8b1.png"" 
                style=""width:1em; height:1em;"" /></span>",2878596924,1,大将临,493,64,m
4469314298511872,Fri Feb 07 12:50:27 +0800 2020,一路走好，中国人民永远记得您,6031639394,1,cake花样,144,8,f
4469313975168730,Fri Feb 07 12:49:09 +0800 2020,"<span class=""url-icon""><img alt=[泪] src=""https://h5.sinaimg.cn/m/emoticon/icon/default/d_lei-1b4b02f8b1.png"" 
                style=""width:1em; height:1em;"" /></span>",5857541242,0,BTSVT,449,163,f
4469313606323716,Fri Feb 07 12:47:42 +0800 2020,"致敬，英雄<span class=""url-icon""><img alt=[蜡烛] src=""https://h5.sinaimg.cn/m/emoticon/icon/others/o_lazhu-6209fc6e73.png"" 
                style=""width:1em; height:1em;"" /></span>",5870256362,0,Z爽NN,177,72,f
4469321545367400,Fri Feb 07 13:19:14 +0800 2020,"李文亮医生辛苦了，真的是可惜啊<span class=""url-icon""><img alt=[泪] src=""https://h5.sinaimg.cn/m/emoticon/icon/default/d_lei-1b4b02f8b1.png"" 
                style=""width:1em; height:1em;"" /></span>",3516764357,0,爱吃鱼cherry,250,258,m
4469316223295425,Fri Feb 07 12:58:06 +0800 2020,"致敬，应授与抗疫英雄与医生楷模！<span class=""url-icon""><img alt=[蜡烛] src=""https://h5.sinaimg.cn/m/emoticon/icon/others/o_lazhu-6209fc6e73.png"" 
                style=""width:1em; height:1em;"" /></span><span class=""url-icon""><img alt=[蜡烛] src=""https://h5.sinaimg.cn/m/emoticon/icon/others/o_lazhu-6209fc6e73.png"" 
                style=""width:1em; height:1em;"" /></span><span class=""url-icon""><img alt=[蜡烛] src=""https://h5.sinaimg.cn/m/emoticon/icon/others/o_lazhu-6209fc6e73.png"" 
                style=""width:1em; height:1em;"" /></span>",6533315032,0,昆仑御龙氏,20,64,m
4469325303887516,Fri Feb 07 13:34:11 +0800 2020,"<span class=""url-icon""><img alt=[蜡烛] src=""https://h5.sinaimg.cn/m/emoticon/icon/others/o_lazhu-6209fc6e73.png"" 
                style=""width:1em; height:1em;"" /></span><span class=""url-icon""><img alt=[蜡烛] src=""https://h5.sinaimg.cn/m/emoticon/icon/others/o_lazhu-6209fc6e73.png"" 
                style=""width:1em; height:1em;"" /></span><span class=""url-icon""><img alt=[蜡烛] src=""https://h5.sinaimg.cn/m/emoticon/icon/others/o_lazhu-6209fc6e73.png"" 
                style=""width:1em; height:1em;"" /></span>",5846467783,0,我的幸福生活5376,141,99,f
4469321696638218,Fri Feb 07 13:19:51 +0800 2020,"谢谢，一路走好<span class=""url-icon""><img alt=[泪] src=""https://h5.sinaimg.cn/m/emoticon/icon/default/d_lei-1b4b02f8b1.png"" 
                style=""width:1em; height:1em;"" /></span><span class=""url-icon""><img alt=[蜡烛] src=""https://h5.sinaimg.cn/m/emoticon/icon/others/o_lazhu-6209fc6e73.png"" 
                style=""width:1em; height:1em;"" /></span>",3416993684,0,Z_H_Y涵,255,42,f
4469321541925313,Fri Feb 07 13:19:13 +0800 2020,"一路走好。<span class=""url-icon""><img alt=[蜡烛] src=""https://h5.sinaimg.cn/m/emoticon/icon/others/o_lazhu-6209fc6e73.png"" 
                style=""width:1em; height:1em;"" /></span>",3199300145,0,妍寳児,597,234,f
4469321491680564,Fri Feb 07 13:19:02 +0800 2020,"英雄<span class=""url-icon""><img alt=[蜡烛] src=""https://h5.sinaimg.cn/m/emoticon/icon/others/o_lazhu-6209fc6e73.png"" 
                style=""width:1em; height:1em;"" /></span>你是我们的榜样",2329155611,0,记录美好的事情,681,2912,f
4469320694015471,Fri Feb 07 13:15:52 +0800 2020,致敬,2039849123,0,Rosenvan,352,247,m
4469320518063437,Fri Feb 07 13:15:10 +0800 2020,谢谢李文亮医生，你一路走好，致敬,6763744303,0,小可爱最可爱yeah,175,124,f
4469320463236119,Fri Feb 07 13:14:57 +0800 2020,"<span class=""url-icon""><img alt=[蜡烛] src=""https://h5.sinaimg.cn/m/emoticon/icon/others/o_lazhu-6209fc6e73.png"" 
                style=""width:1em; height:1em;"" /></span><span class=""url-icon""><img alt=[蜡烛] src=""https://h5.sinaimg.cn/m/emoticon/icon/others/o_lazhu-6209fc6e73.png"" 
                style=""width:1em; height:1em;"" /></span><span class=""url-icon""><img alt=[蜡烛] src=""https://h5.sinaimg.cn/m/emoticon/icon/others/o_lazhu-6209fc6e73.png"" 
                style=""width:1em; height:1em;"" /></span><span class=""url-icon""><img alt=[蜡烛] src=""https://h5.sinaimg.cn/m/emoticon/icon/others/o_lazhu-6209fc6e73.png"" 
                style=""width:1em; height:1em;"" /></span>",2792125001,1,lqqluo,405,138,f
4469317162548503,Fri Feb 07 13:01:50 +0800 2020,一路走好,5840120444,0,笑里忘掉爱,255,36,f
4469317053397711,Fri Feb 07 13:01:24 +0800 2020,一路走好！,2588901491,0,牛角疯渝航,48,39,m
4469316991046109,Fri Feb 07 13:01:09 +0800 2020,一路走好,2969339310,0,和离i,166,1543,m
4469316617460668,Fri Feb 07 12:59:39 +0800 2020,🙏🙏🙏,2792389663,0,想静一静不是想静静,191,750,m
4469315920899814,Fri Feb 07 12:56:54 +0800 2020,"精神永存<span class=""url-icon""><img alt=[蜡烛] src=""https://h5.sinaimg.cn/m/emoticon/icon/others/o_lazhu-6209fc6e73.png"" 
                style=""width:1em; height:1em;"" /></span><span class=""url-icon""><img alt=[蜡烛] src=""https://h5.sinaimg.cn/m/emoticon/icon/others/o_lazhu-6209fc6e73.png"" 
                style=""width:1em; height:1em;"" /></span><span class=""url-icon""><img alt=[蜡烛] src=""https://h5.sinaimg.cn/m/emoticon/icon/others/o_lazhu-6209fc6e73.png"" 
                style=""width:1em; height:1em;"" /></span><span class=""url-icon""><img alt=[蜡烛] src=""https://h5.sinaimg.cn/m/emoticon/icon/others/o_lazhu-6209fc6e73.png"" 
                style=""width:1em; height:1em;"" /></span><span class=""url-icon""><img alt=[蜡烛] src=""https://h5.sinaimg.cn/m/emoticon/icon/others/o_lazhu-6209fc6e73.png"" 
                style=""width:1em; height:1em;"" /></span>",6964188450,0,阿浅不可爱吗,58,17,m
4469315791550055,Fri Feb 07 12:56:23 +0800 2020,致敬，致敬所有一线守卫家园的白衣天使,5234818753,0,老六弟啊,79,12,m
4469314461895459,Fri Feb 07 12:51:05 +0800 2020,转发微博,7167163930,0,kkw家的猫,13,0,m
4469316814951071,Fri Feb 07 13:00:26 +0800 2020,致敬,6518993853,1,飞飞可爱多555,2162,256,m
4469314013361229,Fri Feb 07 12:49:19 +0800 2020,哎，一路走好,6360190761,0,yrn19998999,62,3,m
4469315363033867,Fri Feb 07 12:54:41 +0800 2020,"<span class=""url-icon""><img alt=[泪] src=""https://h5.sinaimg.cn/m/emoticon/icon/default/d_lei-1b4b02f8b1.png"" 
                style=""width:1em; height:1em;"" /></span><span class=""url-icon""><img alt=[泪] src=""https://h5.sinaimg.cn/m/emoticon/icon/default/d_lei-1b4b02f8b1.png"" 
                style=""width:1em; height:1em;"" /></span><span class=""url-icon""><img alt=[泪] src=""https://h5.sinaimg.cn/m/emoticon/icon/default/d_lei-1b4b02f8b1.png"" 
                style=""width:1em; height:1em;"" /></span><span class=""url-icon""><img alt=[伤心] src=""https://h5.sinaimg.cn/m/emoticon/icon/others/l_shangxin-934f730572.png"" 
                style=""width:1em; height:1em;"" /></span><span class=""url-icon""><img alt=[伤心] src=""https://h5.sinaimg.cn/m/emoticon/icon/others/l_shangxin-934f730572.png"" 
                style=""width:1em; height:1em;"" /></span><span class=""url-icon""><img alt=[伤心] src=""https://h5.sinaimg.cn/m/emoticon/icon/others/l_shangxin-934f730572.png"" 
                style=""width:1em; height:1em;"" /></span>",1668498404,1,swk0806_4d3c92,234,312,f
4469315887240799,Fri Feb 07 12:56:46 +0800 2020,人民英雄，永垂不朽！,6174126289,0,青年近卫军87,174,29,m
4469315422362050,Fri Feb 07 12:54:55 +0800 2020,"一路走好<span class=""url-icon""><img alt=[蜡烛] src=""https://h5.sinaimg.cn/m/emoticon/icon/others/o_lazhu-6209fc6e73.png"" 
                style=""width:1em; height:1em;"" /></span>",5947020913,1,不忘初心990331,145,700,f
4469315254132218,Fri Feb 07 12:54:15 +0800 2020,🙏,6764122377,0,莮尙吧莎29771,668,133,m
4469314491371454,Fri Feb 07 12:51:13 +0800 2020,一路走好,6517969477,0,客栈里的小八卦,78,5,f
4469313916152921,Fri Feb 07 12:48:56 +0800 2020,"英雄一路走好<span class=""url-icon""><img alt=[蜡烛] src=""https://h5.sinaimg.cn/m/emoticon/icon/others/o_lazhu-6209fc6e73.png"" 
                style=""width:1em; height:1em;"" /></span><span class=""url-icon""><img alt=[蜡烛] src=""https://h5.sinaimg.cn/m/emoticon/icon/others/o_lazhu-6209fc6e73.png"" 
                style=""width:1em; height:1em;"" /></span>",5947020913,0,不忘初心990331,145,700,f
