﻿4469690623149642,Sat Feb 08 13:45:50 +0800 2020,给李文亮医生一个清白，给天下人一个公道！,5044173970,498,階苦,108,1011,m
4469690421777495,Sat Feb 08 13:45:02 +0800 2020,相信国家,6526033878,144,幼儿园吃饭第一名JOY,636,188,f
4469690213046909,Sat Feb 08 13:44:12 +0800 2020,给人民一个交代！,6998483725,156,北折371双弓出库,129,50,m
4469690631839574,Sat Feb 08 13:45:51 +0800 2020,好好好啊,6340625137,67,李小辛,192,1205,m
4469690107336272,Sat Feb 08 13:43:47 +0800 2020,"<span class=""url-icon""><img alt=[good] src=""https://h5.sinaimg.cn/m/emoticon/icon/others/h_good-644bcfa993.png"" 
                style=""width:1em; height:1em;"" /></span>",3592061470,27,画两个姑娘陪着我,323,244,m
