﻿4469461224154677,Fri Feb 07 22:34:16 +0800 2020,"实事求是，别走过场<span class=""url-icon""><img alt=[微笑] src=""https://h5.sinaimg.cn/m/emoticon/icon/default/d_hehe-039d0a6a8a.png"" 
                style=""width:1em; height:1em;"" /></span>",7075713117,315,Na个大民哥,447,1594,m
4469461250017203,Fri Feb 07 22:34:23 +0800 2020,"回应社会关切，还原事实真相，让公众心中的谜团得到解答，是对逝者的尊重，也是对社会负责任的态度。<span class=""url-icon""><img alt=[good] src=""https://h5.sinaimg.cn/m/emoticon/icon/others/h_good-644bcfa993.png"" 
                style=""width:1em; height:1em;"" /></span>",6152964578,86,一朵折春风,350,196,m
4469460868091980,Fri Feb 07 22:32:52 +0800 2020,正义永存！！！,2116365223,68,头上有两个旋er的璇er,482,490,f
4469460893447082,Fri Feb 07 22:32:58 +0800 2020,👌🏻 希望吧,5860464222,26,喜你成疾806,458,771,f
4469461241473233,Fri Feb 07 22:34:21 +0800 2020,用正义凝聚人心,6723606300,23,上冬拾一,80,4,f
4469460968404131,Fri Feb 07 22:33:16 +0800 2020,"不知说什么好了<span class=""url-icon""><img alt=[泪] src=""https://h5.sinaimg.cn/m/emoticon/icon/default/d_lei-1b4b02f8b1.png"" 
                style=""width:1em; height:1em;"" /></span>",2439700941,23,天亮了ldc,449,281,f
4469460985342887,Fri Feb 07 22:33:20 +0800 2020,哦,1802016770,12,草木深majacker,174,115,m
4469461425836781,Fri Feb 07 22:35:05 +0800 2020,等待调查结果吧,1409655157,9,西瓜丝,305,151,f
4469461316994658,Fri Feb 07 22:34:39 +0800 2020,正义必胜,5208722569,7,王康同学,154,9446,m
4469461291397786,Fri Feb 07 22:34:33 +0800 2020,逝者已逝 对生者是个交代,2355075437,10,ZM秋季的天空,436,364,f
4469460805216644,Fri Feb 07 22:32:37 +0800 2020,哦,2611788483,2,躁动的C大调,579,338,m
4469461778582105,Fri Feb 07 22:36:29 +0800 2020,黑夜给了我黑色眼睛,6868545920,4,韭酒久,61,2,f
4469461098848546,Fri Feb 07 22:33:47 +0800 2020,相信正义的力量,7213927869,2,狐狸的糖果屋,482,54,f
4469462025511736,Fri Feb 07 22:37:27 +0800 2020,"[加油]<span class=""url-icon""><img alt=[蜡烛] src=""https://h5.sinaimg.cn/m/emoticon/icon/others/o_lazhu-6209fc6e73.png"" 
                style=""width:1em; height:1em;"" /></span>",2801731960,3,王双双是朵花,354,563,f
4469461471468222,Fri Feb 07 22:35:16 +0800 2020,加油中国,5569490007,5,苏灵同学,214,89,m
4469461610678196,Fri Feb 07 22:35:49 +0800 2020,相信！期待！加油！,6098969869,1,踏浪归1964,385,136,m
4469461475685579,Fri Feb 07 22:35:17 +0800 2020,祖国加油，武汉加油,2758916215,1,一点2不明媚,24,176,m
4469461178259605,Fri Feb 07 22:34:06 +0800 2020,"支持<span class=""url-icon""><img alt=[爱你] src=""https://h5.sinaimg.cn/m/emoticon/icon/default/d_aini-4a23c0524a.png"" 
                style=""width:1em; height:1em;"" /></span>",7201937487,0,为人民服务的鱼干,152,28,m
4469461056282449,Fri Feb 07 22:33:36 +0800 2020,"<span class=""url-icon""><img alt=[good] src=""https://h5.sinaimg.cn/m/emoticon/icon/others/h_good-644bcfa993.png"" 
                style=""width:1em; height:1em;"" /></span>",3266789105,1,江畔独步寻花者,574,181,f
4469461841075556,Fri Feb 07 22:36:44 +0800 2020,但愿,7387810052,1,陌生黑馬51020,18,0,m
4469460968856362,Fri Feb 07 22:33:15 +0800 2020,接地气,2808808660,2,老山羊_阿里巴巴,52,140,m
