﻿4469469630346430,Fri Feb 07 23:07:41 +0800 2020,致敬李文亮医生： 就像黑夜来临，发光的人愈发闪亮。即便我是小小的萤火虫，也要勇敢的照亮路过的地方，奋力朝着日出的方向飞翔。等黎明到来时，冲上苍穹，替您俯瞰那美丽的新世界。 ——2020.2.7，夜 🙏🙏,6048000168,70,东平登协,237,338,m
4469470573132524,Fri Feb 07 23:11:26 +0800 2020,以生命的代价验证真理，用医生的职业道德以身殉职，好医生，更是一个英雄壮士！！致敬，走好，李医生！,5582806331,44,东Z9399,18,4,m
4469470850932753,Fri Feb 07 23:12:32 +0800 2020,也算为平复李医生家人的心情做了件好事。,1801457635,15,记录者老K,790,1154,m
4469473023544598,Fri Feb 07 23:21:09 +0800 2020,武汉加油，只有尽快抑制病情，才能告慰英雄们,3156949892,13,Agnes_楠楠楠,527,588,f
4469469563234386,Fri Feb 07 23:07:25 +0800 2020,武汉加油,5987764831,12,璇宝ICYX,894,276,f
4469470053647311,Fri Feb 07 23:09:22 +0800 2020,致敬李文亮医生!最善良的人!,1629017652,6,百年人生梦,414,37,m
4469474302584170,Fri Feb 07 23:26:15 +0800 2020,坐等中央调查结果,1898462935,7,榆横青年,598,13888,m
4469472955472784,Fri Feb 07 23:20:54 +0800 2020,"愿英雄一路走好<span class=""url-icon""><img alt=[蜡烛] src=""https://h5.sinaimg.cn/m/emoticon/icon/others/o_lazhu-6209fc6e73.png"" 
                style=""width:1em; height:1em;"" /></span>",6736211601,2,青青河边草0969,110,112,f
4469474973625400,Fri Feb 07 23:28:55 +0800 2020,"李文亮医生一路走好<span class=""url-icon""><img alt=[蜡烛] src=""https://h5.sinaimg.cn/m/emoticon/icon/others/o_lazhu-6209fc6e73.png"" 
                style=""width:1em; height:1em;"" /></span>，向一线人员致敬",6090413071,4,寻雾北辰,247,117,f
4469474495694378,Fri Feb 07 23:27:01 +0800 2020,"李文亮一路走好 武汉加油<span class=""url-icon""><img alt=[爱你] src=""https://h5.sinaimg.cn/m/emoticon/icon/default/d_aini-4a23c0524a.png"" 
                style=""width:1em; height:1em;"" /></span>",6076662466,3,度过了个三年,1352,1119,f
4469477800311734,Fri Feb 07 23:40:08 +0800 2020,一路走好,6334154929,0,最滁州,734,272572,f
4469477230359686,Fri Feb 07 23:37:53 +0800 2020,他是一个很值得敬佩的医生，我会永远铭记他,6615545000,1,漫无目的磕,801,607,m
4469475313062811,Fri Feb 07 23:30:16 +0800 2020,希望李文亮医生一路走好，李文亮你就是我们的英雄。,7225408976,2,有何不可悠悠我心,373,340,m
4469477108771484,Fri Feb 07 23:37:23 +0800 2020,该有的待遇，愿英雄一路走好,3783106844,2,zhcuy,103,7,m
4469473945967023,Fri Feb 07 23:24:50 +0800 2020,致敬李文亮医生  他永远在我们心中,7132590063,0,自娱自乐ying,228,223,f
4469476592608443,Fri Feb 07 23:35:21 +0800 2020,"向一线人员致敬李文亮医生一路走好<span class=""url-icon""><img alt=[蜡烛] src=""https://h5.sinaimg.cn/m/emoticon/icon/others/o_lazhu-6209fc6e73.png"" 
                style=""width:1em; height:1em;"" /></span>，",7276093977,0,小可爱兔兔89,224,46,m
4469469688108111,Fri Feb 07 23:07:55 +0800 2020,"<span class=""url-icon""><img alt=[蜡烛] src=""https://h5.sinaimg.cn/m/emoticon/icon/others/o_lazhu-6209fc6e73.png"" 
                style=""width:1em; height:1em;"" /></span>生者坚强",3234110152,6,正是慕之言的小号,561,223,m
4469471857387997,Fri Feb 07 23:16:32 +0800 2020,英雄一路走好,6484329047,2,思思魔法狮赞,110,27,f
4469470493681139,Fri Feb 07 23:11:07 +0800 2020,"这是正确快速的工作态度<span class=""url-icon""><img alt=[good] src=""https://h5.sinaimg.cn/m/emoticon/icon/others/h_good-644bcfa993.png"" 
                style=""width:1em; height:1em;"" /></span>",6236047322,3,炸酱面非常好吃,1131,84,m
4469471530071915,Fri Feb 07 23:15:14 +0800 2020,英雄一路走好！,6897975193,1,聪盺開始,134,20,m
4469470120353870,Fri Feb 07 23:09:37 +0800 2020,向先行者英雄致敬。,6334410701,2,我是小短腿53770,167,18,f
4469471798455951,Fri Feb 07 23:16:18 +0800 2020,<a href='/n/新华视点'>@新华视点</a> 英雄一路走好！,6897975193,0,聪盺開始,134,20,m
4469471647642939,Fri Feb 07 23:15:42 +0800 2020,英雄一路走好,6897975193,0,聪盺開始,134,20,m
4469474587328020,Fri Feb 07 23:27:23 +0800 2020,你是英雄，你没有离开我们，只是换种方式在我们旁边！,3645701093,1,慢慢的淡开,364,421,m
4469472892570831,Fri Feb 07 23:20:38 +0800 2020,英雄,7385214097,0,永固门窗宋振武,14,0,m
