﻿4469331498707861,Fri Feb 07 13:58:48 +0800 2020,党一直在进步，国家一直在进步。李医生，一路走好！,1862376041,134,吕远智-Mak,1581,248950,m
4469332161108125,Fri Feb 07 14:01:26 +0800 2020,向李文亮医生致敬，向所有医护人员致敬！,1769419852,119,lycheen,605,326,f
4469333134655320,Fri Feb 07 14:05:17 +0800 2020,"希望李医生能够逝者安息，天堂一路走好呀<span class=""url-icon""><img alt=[泪] src=""https://h5.sinaimg.cn/m/emoticon/icon/default/d_lei-1b4b02f8b1.png"" 
                style=""width:1em; height:1em;"" /></span><span class=""url-icon""><img alt=[泪] src=""https://h5.sinaimg.cn/m/emoticon/icon/default/d_lei-1b4b02f8b1.png"" 
                style=""width:1em; height:1em;"" /></span><span class=""url-icon""><img alt=[泪] src=""https://h5.sinaimg.cn/m/emoticon/icon/default/d_lei-1b4b02f8b1.png"" 
                style=""width:1em; height:1em;"" /></span>",6919539122,49,佛系少女锦鲤在线,834,758,f
4469331444777325,Fri Feb 07 13:58:34 +0800 2020,人民的医生走好🙏🙏,1906823922,36,超级军旗2006,898,668,m
4469335601286355,Fri Feb 07 14:15:06 +0800 2020,"李文亮医生是我们心中的英雄，他的离开让人悲痛万分，<span class=""url-icon""><img alt=[泪] src=""https://h5.sinaimg.cn/m/emoticon/icon/default/d_lei-1b4b02f8b1.png"" 
                style=""width:1em; height:1em;"" /></span><span class=""url-icon""><img alt=[泪] src=""https://h5.sinaimg.cn/m/emoticon/icon/default/d_lei-1b4b02f8b1.png"" 
                style=""width:1em; height:1em;"" /></span>我们一定要同心协力战胜疫情。<span class=""url-icon""><img alt=[拳头] src=""https://h5.sinaimg.cn/m/emoticon/icon/others/h_quantou-0a4441543d.png"" 
                style=""width:1em; height:1em;"" /></span><span class=""url-icon""><img alt=[拳头] src=""https://h5.sinaimg.cn/m/emoticon/icon/others/h_quantou-0a4441543d.png"" 
                style=""width:1em; height:1em;"" /></span><span class=""url-icon""><img alt=[拳头] src=""https://h5.sinaimg.cn/m/emoticon/icon/others/h_quantou-0a4441543d.png"" 
                style=""width:1em; height:1em;"" /></span><span class=""url-icon""><img alt=[拳头] src=""https://h5.sinaimg.cn/m/emoticon/icon/others/h_quantou-0a4441543d.png"" 
                style=""width:1em; height:1em;"" /></span>",2746934607,24,W思念成沙,2491,1105,f
4469333596268006,Fri Feb 07 14:07:07 +0800 2020,为每一位在前线默默的医生点赞，希望李医生一路走好！,5669260563,18,给个概念呗,469,142,m
4469337149036028,Fri Feb 07 14:21:14 +0800 2020,"<span class=""url-icon""><img alt=[蜡烛] src=""https://h5.sinaimg.cn/m/emoticon/icon/others/o_lazhu-6209fc6e73.png"" 
                style=""width:1em; height:1em;"" /></span>",5925617199,4,北京时间,469,601696,f
4469331222332194,Fri Feb 07 13:57:42 +0800 2020,致敬,5817237190,10,De_lei,145,665,m
4469332119642585,Fri Feb 07 14:01:15 +0800 2020,我们对逝者最好的纪念，就是携起手来战胜病魔。,7044338482,9,花想容happy6688,295,13,m
4469331242710909,Fri Feb 07 13:57:46 +0800 2020,紧密围绕在党中央周围，不忘初心，牢记使命，为实现中华民族伟大复兴的中国梦不懈奋斗！,5036423660,14,豆豆BB521,2761,1185,m
4469331469177873,Fri Feb 07 13:58:40 +0800 2020,点灯,5530258475,8,大美矮寨小兔仙,53,43,f
4469331800549196,Fri Feb 07 13:59:59 +0800 2020,致敬，文亮，一路走好🙏🙏🙏,1219208310,10,李永斌SX,399,408,m
4469336594565300,Fri Feb 07 14:19:02 +0800 2020,向英雄致敬,5522645769,6,王敏杰20200202,54,17,m
4469333998471878,Fri Feb 07 14:08:44 +0800 2020,一路走好，辛苦了我们的李医生，祈祷不要再有这样的事了。,7244401395,8,可爱的瓜瓜思宇,91,20,m
4469331364235191,Fri Feb 07 13:58:15 +0800 2020,"英雄长眠<span class=""url-icon""><img alt=[蜡烛] src=""https://h5.sinaimg.cn/m/emoticon/icon/others/o_lazhu-6209fc6e73.png"" 
                style=""width:1em; height:1em;"" /></span><span class=""url-icon""><img alt=[蜡烛] src=""https://h5.sinaimg.cn/m/emoticon/icon/others/o_lazhu-6209fc6e73.png"" 
                style=""width:1em; height:1em;"" /></span><span class=""url-icon""><img alt=[蜡烛] src=""https://h5.sinaimg.cn/m/emoticon/icon/others/o_lazhu-6209fc6e73.png"" 
                style=""width:1em; height:1em;"" /></span>",5428832658,11,是阿芜呐,100,19,f
4469337341502889,Fri Feb 07 14:22:01 +0800 2020,一路走好,5889314329,5,只喜欢china,269,1208,f
4469337153251002,Fri Feb 07 14:21:16 +0800 2020,就这样，他去拯救地球了,7074566246,8,一一·华裔先生,527,29093,m
4469335936575409,Fri Feb 07 14:16:25 +0800 2020,"<span class=""url-icon""><img alt=[赞] src=""https://h5.sinaimg.cn/m/emoticon/icon/others/h_zan-e3d1e596da.png"" 
                style=""width:1em; height:1em;"" /></span>对逝者最好的纪念，就是携起手来战胜病魔",2394787515,6,萤火虫0v0,86,55,m
4469335076387309,Fri Feb 07 14:13:00 +0800 2020,致敬英雄🙏🙏🙏,3635956042,4,一只草莓烊呀,470,192,f
4469336049940688,Fri Feb 07 14:16:53 +0800 2020,"<span class=""url-icon""><img alt=[蜡烛] src=""https://h5.sinaimg.cn/m/emoticon/icon/others/o_lazhu-6209fc6e73.png"" 
                style=""width:1em; height:1em;"" /></span><span class=""url-icon""><img alt=[蜡烛] src=""https://h5.sinaimg.cn/m/emoticon/icon/others/o_lazhu-6209fc6e73.png"" 
                style=""width:1em; height:1em;"" /></span><span class=""url-icon""><img alt=[蜡烛] src=""https://h5.sinaimg.cn/m/emoticon/icon/others/o_lazhu-6209fc6e73.png"" 
                style=""width:1em; height:1em;"" /></span>",2403841764,3,陈毛毛_fiona,362,446,f
4469335123208645,Fri Feb 07 14:13:12 +0800 2020,"<span class=""url-icon""><img alt=[蜡烛] src=""https://h5.sinaimg.cn/m/emoticon/icon/others/o_lazhu-6209fc6e73.png"" 
                style=""width:1em; height:1em;"" /></span><span class=""url-icon""><img alt=[蜡烛] src=""https://h5.sinaimg.cn/m/emoticon/icon/others/o_lazhu-6209fc6e73.png"" 
                style=""width:1em; height:1em;"" /></span><span class=""url-icon""><img alt=[蜡烛] src=""https://h5.sinaimg.cn/m/emoticon/icon/others/o_lazhu-6209fc6e73.png"" 
                style=""width:1em; height:1em;"" /></span>",5339259631,2,布拉拉传奇,346,114,f
4469333620916589,Fri Feb 07 14:07:14 +0800 2020,"他是英雄，致敬<span class=""url-icon""><img alt=[蜡烛] src=""https://h5.sinaimg.cn/m/emoticon/icon/others/o_lazhu-6209fc6e73.png"" 
                style=""width:1em; height:1em;"" /></span><span class=""url-icon""><img alt=[蜡烛] src=""https://h5.sinaimg.cn/m/emoticon/icon/others/o_lazhu-6209fc6e73.png"" 
                style=""width:1em; height:1em;"" /></span><span class=""url-icon""><img alt=[蜡烛] src=""https://h5.sinaimg.cn/m/emoticon/icon/others/o_lazhu-6209fc6e73.png"" 
                style=""width:1em; height:1em;"" /></span>",6518626232,4,奔跑吧玖贰叁,63,17,m
4469333054961170,Fri Feb 07 14:04:59 +0800 2020,真的是特别的遗憾，加油，相信一定会过去。,5859528663,2,大魔wang嘟嘟,352,21,m
4469332140329937,Fri Feb 07 14:01:21 +0800 2020,转发微博,3962848145,0,中华门在线,764,1690,f
4469331419540855,Fri Feb 07 13:58:29 +0800 2020,逝者安息🙏🙏🙏生者坚强[加油],3387451250,1,听风-忆梦,299,90,f
4469331377312967,Fri Feb 07 13:58:19 +0800 2020,"<span class=""url-icon""><img alt=[作揖] src=""https://h5.sinaimg.cn/m/emoticon/icon/others/h_zuoyi-cb12e18fd5.png"" 
                style=""width:1em; height:1em;"" /></span><span class=""url-icon""><img alt=[作揖] src=""https://h5.sinaimg.cn/m/emoticon/icon/others/h_zuoyi-cb12e18fd5.png"" 
                style=""width:1em; height:1em;"" /></span><span class=""url-icon""><img alt=[作揖] src=""https://h5.sinaimg.cn/m/emoticon/icon/others/h_zuoyi-cb12e18fd5.png"" 
                style=""width:1em; height:1em;"" /></span>",5251332399,0,痛心_内疚_自责,485,633,m
4469331209969180,Fri Feb 07 13:57:38 +0800 2020,致敬！,5260425714,1,逹达逹达,164,62,m
4469333554454136,Fri Feb 07 14:06:58 +0800 2020,我已经泪奔了，真的是默默付出，不求回报。,7313714787,5,兔子阔爱,534,90,m
4469335697297456,Fri Feb 07 14:15:28 +0800 2020,向李文亮医生致敬！🙏🙏🙏,1768837450,2,南青-,963,265,m
4469333021549901,Fri Feb 07 14:04:50 +0800 2020,希望这一个医生家人能够健健康康平平安安的。,7196881063,2,张先生cch,121,6,f
4469335386690193,Fri Feb 07 14:14:15 +0800 2020,向您致敬，一路走好！,5543063174,1,淡泊明志201503,84,101,m
4469335193944066,Fri Feb 07 14:13:29 +0800 2020,加油,1743431267,1,喻唐唐,247,311,f
4469334028529022,Fri Feb 07 14:08:50 +0800 2020,致敬中国医生，你们很伟大,6513033609,2,LYJUNP,64,64,f
4469334023717462,Fri Feb 07 14:08:50 +0800 2020,这些人真的是很善良的啊医者仁心啊,6571809636,2,poisonwdx,211,153,m
4469333948867875,Fri Feb 07 14:08:32 +0800 2020,真的很感谢所有的医护人员，你们真的辛苦了,6528553345,3,是你的小七叭,156,109,m
4469333860128102,Fri Feb 07 14:08:11 +0800 2020,一早上看到这个消息心里真的不好受,6576774112,0,王维煊poison,471,139,m
4469333625132332,Fri Feb 07 14:07:15 +0800 2020,希望李医生在天堂没有病痛，向李医生致敬,6631120992,3,自己具体墨迹,316,30,f
4469333399075069,Fri Feb 07 14:06:21 +0800 2020,医生一路走好，你的人生是会被人记住的,7301903505,3,haha姐姐300,540,21,f
4469331146549055,Fri Feb 07 13:57:24 +0800 2020,"<span class=""url-icon""><img alt=[蜡烛] src=""https://h5.sinaimg.cn/m/emoticon/icon/others/o_lazhu-6209fc6e73.png"" 
                style=""width:1em; height:1em;"" /></span><span class=""url-icon""><img alt=[蜡烛] src=""https://h5.sinaimg.cn/m/emoticon/icon/others/o_lazhu-6209fc6e73.png"" 
                style=""width:1em; height:1em;"" /></span><span class=""url-icon""><img alt=[蜡烛] src=""https://h5.sinaimg.cn/m/emoticon/icon/others/o_lazhu-6209fc6e73.png"" 
                style=""width:1em; height:1em;"" /></span>",7366521864,0,微胖不是胖888,408,456,f
4469331452347671,Fri Feb 07 13:58:37 +0800 2020,一路走好,7247251774,0,-宋小宋-40620,21,1,m
4469335801928944,Fri Feb 07 14:15:54 +0800 2020,平凡的医生，不平凡的一生。向您致敬！,2842401907,3,三少爷家的剑,69,15,m
4469333381961604,Fri Feb 07 14:06:17 +0800 2020,这些人真的是很伟大的真的值得敬佩,7317413027,2,我最美耶1,151,14,f
4469337098812620,Fri Feb 07 14:21:03 +0800 2020,"🙏<span class=""url-icon""><img alt=[蜡烛] src=""https://h5.sinaimg.cn/m/emoticon/icon/others/o_lazhu-6209fc6e73.png"" 
                style=""width:1em; height:1em;"" /></span>",5092648763,0,乡逸50779,89,60,m
4469336049941260,Fri Feb 07 14:16:53 +0800 2020,"李医生您一路走好，愿天堂没有苦痛，没有不公<span class=""url-icon""><img alt=[蜡烛] src=""https://h5.sinaimg.cn/m/emoticon/icon/others/o_lazhu-6209fc6e73.png"" 
                style=""width:1em; height:1em;"" /></span><span class=""url-icon""><img alt=[蜡烛] src=""https://h5.sinaimg.cn/m/emoticon/icon/others/o_lazhu-6209fc6e73.png"" 
                style=""width:1em; height:1em;"" /></span><span class=""url-icon""><img alt=[蜡烛] src=""https://h5.sinaimg.cn/m/emoticon/icon/others/o_lazhu-6209fc6e73.png"" 
                style=""width:1em; height:1em;"" /></span>",1309015820,1,薄boss的小美妞,232,280,f
4469335621529828,Fri Feb 07 14:15:10 +0800 2020,愿天堂没有病毒，李文亮医生您一路走好，致敬！！,5243515805,2,LNXOMN_,545,76,m
4469335487756909,Fri Feb 07 14:14:38 +0800 2020,医者仁心,5222045585,2,漂浮淡然的妞儿_528,102,10,f
4469335479344238,Fri Feb 07 14:14:36 +0800 2020,中国要加油，我们一定要提起精神迎接美好的春天。,7329429173,0,徐蛋蛋爱小韩,286,207,m
4469335399862414,Fri Feb 07 14:14:18 +0800 2020,"昨晚度过了一个不眠之夜，李文亮医生还是离开了。<span class=""url-icon""><img alt=[蜡烛] src=""https://h5.sinaimg.cn/m/emoticon/icon/others/o_lazhu-6209fc6e73.png"" 
                style=""width:1em; height:1em;"" /></span>",5883019034,5,小太空之奥秘,875,359,m
4469333969399529,Fri Feb 07 14:08:37 +0800 2020,一定会好起来的，李医生一路走好吧，真的辛苦了,7287666049,1,你是Oxygen-,321,690,m
4469333868552091,Fri Feb 07 14:08:13 +0800 2020,一定会战胜的 我相信,6776317786,0,我赦免一切的人,150,96,f
4469333667796990,Fri Feb 07 14:07:25 +0800 2020,希望李医生能够一路走好，也非常感谢和致敬所有的医生,7318425532,4,烊烊是一只羊,684,101,f
4469333604933591,Fri Feb 07 14:07:09 +0800 2020,这才是真正的白衣天使，一定要一路走好,6053271885,1,酸奶味威化,426,63,f
4469333574640518,Fri Feb 07 14:07:03 +0800 2020,必须致敬了，我们可以战胜难关的,6856226405,0,最好的面具就是微微笑,202,39,f
4469333465865030,Fri Feb 07 14:06:37 +0800 2020,真的好难受呀，这些为我们默默付出的人,5686032192,1,今天减肥了八,209,116,f
4469333432464230,Fri Feb 07 14:06:29 +0800 2020,其他奋斗在一线的工作人员，一定要平安归来,6096069554,0,芋头小抹茶,333,146,m
4469333407220360,Fri Feb 07 14:06:23 +0800 2020,我们是可以战胜病魔的，一起加油,6854675628,0,可爱的小萝莉先森呢,280,252,f
4469333361482868,Fri Feb 07 14:06:12 +0800 2020,向李文亮医生致敬，向所有医护人员致敬。🙏,2639003857,4,无牙子殿下,1225,286,f
4469331494436072,Fri Feb 07 13:58:47 +0800 2020,轉發微博,3476622610,0,達奇鴨,1212,752,m
