﻿4489334491250174,Thu Apr 02 18:43:33 +0800 2020,他们太值得拥有。,5865739022,69,子箫居士,3,2012,m
4489332431660250,Thu Apr 02 18:35:21 +0800 2020,"一路走好，愿天堂没有病毒<span class=""url-icon""><img alt=[泪] src=""https://h5.sinaimg.cn/m/emoticon/icon/default/d_lei-1b4b02f8b1.png"" 
                style=""width:1em; height:1em;"" /></span><span class=""url-icon""><img alt=[泪] src=""https://h5.sinaimg.cn/m/emoticon/icon/default/d_lei-1b4b02f8b1.png"" 
                style=""width:1em; height:1em;"" /></span><span class=""url-icon""><img alt=[泪] src=""https://h5.sinaimg.cn/m/emoticon/icon/default/d_lei-1b4b02f8b1.png"" 
                style=""width:1em; height:1em;"" /></span>",6207568773,60,曾经的顶流,265,1374,m
4489335019676097,Thu Apr 02 18:45:39 +0800 2020,"致敬<span class=""url-icon""><img alt=[蜡烛] src=""https://h5.sinaimg.cn/m/emoticon/icon/others/o_lazhu-6209fc6e73.png"" 
                style=""width:1em; height:1em;"" /></span>",5984583655,19,阿斯特乌比加,324,100,f
4489334998876943,Thu Apr 02 18:45:34 +0800 2020,"<span class=""url-icon""><img alt=[蜡烛] src=""https://h5.sinaimg.cn/m/emoticon/icon/others/o_lazhu-6209fc6e73.png"" 
                style=""width:1em; height:1em;"" /></span><span class=""url-icon""><img alt=[蜡烛] src=""https://h5.sinaimg.cn/m/emoticon/icon/others/o_lazhu-6209fc6e73.png"" 
                style=""width:1em; height:1em;"" /></span><span class=""url-icon""><img alt=[蜡烛] src=""https://h5.sinaimg.cn/m/emoticon/icon/others/o_lazhu-6209fc6e73.png"" 
                style=""width:1em; height:1em;"" /></span>",5917789835,6,雀斑鹿x,1212,266,f
4489332692180575,Thu Apr 02 18:36:24 +0800 2020,英雄的武汉，永远铭记！,1046420253,6,Btcall,353,4213,m
4489333367510201,Thu Apr 02 18:39:05 +0800 2020,向烈士致敬！,7361735417,4,小狮子-085,545,1725,f
4489337074772236,Thu Apr 02 18:53:48 +0800 2020,"你们是最可爱的人<span class=""url-icon""><img alt=[心] src=""https://h5.sinaimg.cn/m/emoticon/icon/others/l_xin-6912791858.png"" 
                style=""width:1em; height:1em;"" /></span>你们永远是我们心中的英雄",6852072234,2,偶尔会做春梦的猪,135,33,f
4489338047791807,Thu Apr 02 18:57:40 +0800 2020,"感谢他们的付出<span class=""url-icon""><img alt=[泪] src=""https://h5.sinaimg.cn/m/emoticon/icon/default/d_lei-1b4b02f8b1.png"" 
                style=""width:1em; height:1em;"" /></span><span class=""url-icon""><img alt=[泪] src=""https://h5.sinaimg.cn/m/emoticon/icon/default/d_lei-1b4b02f8b1.png"" 
                style=""width:1em; height:1em;"" /></span>永远记着这些可爱的人",6914443791,0,我自己呀_,695,595,f
4489337737703617,Thu Apr 02 18:56:26 +0800 2020,"真的应该评定烈士 他们都是我们的守护者 一路好走 我们为你们自豪<span class=""url-icon""><img alt=[抱抱] src=""https://h5.sinaimg.cn/m/emoticon/icon/default/d_baobao-b928ba5761.png"" 
                style=""width:1em; height:1em;"" /></span>",3911330955,0,樱桃酱转圈圈,94,13,f
4489337653708324,Thu Apr 02 18:56:06 +0800 2020,"我想看到这样的名单，我更不想看到这样的名单<span class=""url-icon""><img alt=[泪] src=""https://h5.sinaimg.cn/m/emoticon/icon/default/d_lei-1b4b02f8b1.png"" 
                style=""width:1em; height:1em;"" /></span><span class=""url-icon""><img alt=[泪] src=""https://h5.sinaimg.cn/m/emoticon/icon/default/d_lei-1b4b02f8b1.png"" 
                style=""width:1em; height:1em;"" /></span>🙏🙏",6962951786,1,白衣公子killy,430,320,f
4489337532351789,Thu Apr 02 18:55:38 +0800 2020,"这些烈士<span class=""url-icon""><img alt=[可怜] src=""https://h5.sinaimg.cn/m/emoticon/icon/default/d_kelian-3e00ccdc26.png"" 
                style=""width:1em; height:1em;"" /></span>都是最棒的永远记得他们的好<span class=""url-icon""><img alt=[泪] src=""https://h5.sinaimg.cn/m/emoticon/icon/default/d_lei-1b4b02f8b1.png"" 
                style=""width:1em; height:1em;"" /></span><span class=""url-icon""><img alt=[泪] src=""https://h5.sinaimg.cn/m/emoticon/icon/default/d_lei-1b4b02f8b1.png"" 
                style=""width:1em; height:1em;"" /></span>我们要赶快结束这场战斗",6963109425,0,快乐的小吃货o,582,567,f
4489337477692434,Thu Apr 02 18:55:25 +0800 2020,感谢强大的祖国，感谢无私奉献的医生们,6027900578,0,红装s素裹,430,311,f
4489337415065208,Thu Apr 02 18:55:10 +0800 2020,"历史将永远铭记<span class=""url-icon""><img alt=[蜡烛] src=""https://h5.sinaimg.cn/m/emoticon/icon/others/o_lazhu-6209fc6e73.png"" 
                style=""width:1em; height:1em;"" /></span><span class=""url-icon""><img alt=[蜡烛] src=""https://h5.sinaimg.cn/m/emoticon/icon/others/o_lazhu-6209fc6e73.png"" 
                style=""width:1em; height:1em;"" /></span><span class=""url-icon""><img alt=[蜡烛] src=""https://h5.sinaimg.cn/m/emoticon/icon/others/o_lazhu-6209fc6e73.png"" 
                style=""width:1em; height:1em;"" /></span>致敬",2686286147,0,Hz_欢颜,408,364,f
4489337133815327,Thu Apr 02 18:54:02 +0800 2020,"其实，我想说的是，我真的不希望有英雄出现<span class=""url-icon""><img alt=[泪] src=""https://h5.sinaimg.cn/m/emoticon/icon/default/d_lei-1b4b02f8b1.png"" 
                style=""width:1em; height:1em;"" /></span>",6983548691,0,蓝姿溪麦,467,297,f
4489337074467388,Thu Apr 02 18:53:49 +0800 2020,他们永远都是民族英雄，我们会永远记得他们。加油！[加油][加油],6217404769,0,斥安蔦,124,150,m
4489337012370776,Thu Apr 02 18:53:34 +0800 2020,人民永远铭记，铭记英雄和这个2020//<a href='/n/Btcall'>@Btcall</a>:英雄的武汉，永远铭记！,5312566059,0,抗刀小萝莉,895,33134,f
4489336840074232,Thu Apr 02 18:52:52 +0800 2020,这个必须转发，让我朋友圈朋友都看看,6964822587,0,烟雨轻微茫,402,369,f
4489341994348230,Thu Apr 02 19:13:21 +0800 2020,"只想说逝者安息我们一定会永远记住你们的<span class=""url-icon""><img alt=[泪] src=""https://h5.sinaimg.cn/m/emoticon/icon/default/d_lei-1b4b02f8b1.png"" 
                style=""width:1em; height:1em;"" /></span><span class=""url-icon""><img alt=[泪] src=""https://h5.sinaimg.cn/m/emoticon/icon/default/d_lei-1b4b02f8b1.png"" 
                style=""width:1em; height:1em;"" /></span><span class=""url-icon""><img alt=[泪] src=""https://h5.sinaimg.cn/m/emoticon/icon/default/d_lei-1b4b02f8b1.png"" 
                style=""width:1em; height:1em;"" /></span>",5310553657,1,黄痰好吃咬不断,606,292,f
4489333086451960,Thu Apr 02 18:37:58 +0800 2020,"像英雄致敬<span class=""url-icon""><img alt=[悲伤] src=""https://h5.sinaimg.cn/m/emoticon/icon/default/d_beishang-f8d6de06c8.png"" 
                style=""width:1em; height:1em;"" /></span>",5578511769,1,ZQ抱抱,333,181,m
4489343344915057,Thu Apr 02 19:18:44 +0800 2020,"英雄永垂不朽<span class=""url-icon""><img alt=[good] src=""https://h5.sinaimg.cn/m/emoticon/icon/others/h_good-644bcfa993.png"" 
                style=""width:1em; height:1em;"" /></span>",6599158504,0,风卍幡,205,100,m
4489340484826222,Thu Apr 02 19:07:21 +0800 2020,转发微博,3669595915,0,天生双子星,698,291,f
4489338236625723,Thu Apr 02 18:58:26 +0800 2020,非常感谢那个一线的医护人员，她们都在冒着生命危险去救治。,7134624202,0,蟹老板-呀,642,245,f
4489337942690131,Thu Apr 02 18:57:16 +0800 2020,他们是最值得的烈士们 伟大的牺牲,2775275635,0,一条美丽可爱的瘦子,482,80,f
4489337800299093,Thu Apr 02 18:56:42 +0800 2020,"要记得他们每一个人的名字，英雄们<span class=""url-icon""><img alt=[鲜花] src=""https://h5.sinaimg.cn/m/emoticon/icon/others/w_xianhua-6efa26efdf.png"" 
                style=""width:1em; height:1em;"" /></span>",7133505089,0,黎曼-积分,598,561,f
4489336987078405,Thu Apr 02 18:53:28 +0800 2020,"<span class=""url-icon""><img alt=[鲜花] src=""https://h5.sinaimg.cn/m/emoticon/icon/others/w_xianhua-6efa26efdf.png"" 
                style=""width:1em; height:1em;"" /></span><span class=""url-icon""><img alt=[鲜花] src=""https://h5.sinaimg.cn/m/emoticon/icon/others/w_xianhua-6efa26efdf.png"" 
                style=""width:1em; height:1em;"" /></span><span class=""url-icon""><img alt=[鲜花] src=""https://h5.sinaimg.cn/m/emoticon/icon/others/w_xianhua-6efa26efdf.png"" 
                style=""width:1em; height:1em;"" /></span>",2105214231,0,Tom的微薄之力,183,940,m
4489336869196116,Thu Apr 02 18:52:59 +0800 2020,致敬！,5604128082,0,秋心不解,544,437,m
4489334491592923,Thu Apr 02 18:43:33 +0800 2020,致敬,7216313656,1,星辰f66,32,66,m
4489334092534511,Thu Apr 02 18:41:58 +0800 2020,"英雄一路走好<span class=""url-icon""><img alt=[蜡烛] src=""https://h5.sinaimg.cn/m/emoticon/icon/others/o_lazhu-6209fc6e73.png"" 
                style=""width:1em; height:1em;"" /></span>",7097844781,1,尼ggerbiss,34,33,m
4489333795308082,Thu Apr 02 18:40:47 +0800 2020,致敬,2678095612,1,一半九九,68,105,f
4489333346256100,Thu Apr 02 18:39:00 +0800 2020,"唉一路走好<span class=""url-icon""><img alt=[失望] src=""https://h5.sinaimg.cn/m/emoticon/icon/default/d_shiwang-7925938d93.png"" 
                style=""width:1em; height:1em;"" /></span><span class=""url-icon""><img alt=[蜡烛] src=""https://h5.sinaimg.cn/m/emoticon/icon/others/o_lazhu-6209fc6e73.png"" 
                style=""width:1em; height:1em;"" /></span>",2306740602,1,躺沙发的黑皮酱,1848,1701,m
4489332570174247,Thu Apr 02 18:35:54 +0800 2020,一路走好，愿在天堂安好！,6538619608,1,AK-清歌,179,10,f
4489344369054774,Thu Apr 02 19:22:48 +0800 2020,"感谢烈士们的无悔付出，你们是最棒的<span class=""url-icon""><img alt=[good] src=""https://h5.sinaimg.cn/m/emoticon/icon/others/h_good-644bcfa993.png"" 
                style=""width:1em; height:1em;"" /></span>",7107402307,0,月婳yx,598,115,f
4489341293930998,Thu Apr 02 19:10:34 +0800 2020,"烈士们用自己宝贵的生命守护着我们，感恩有他们世界更美好<span class=""url-icon""><img alt=[心] src=""https://h5.sinaimg.cn/m/emoticon/icon/others/l_xin-6912791858.png"" 
                style=""width:1em; height:1em;"" /></span>",7107402307,0,月婳yx,598,115,f
4489338907662343,Thu Apr 02 19:01:06 +0800 2020,"你们是人民的英雄，向你们致以最崇高的敬意<span class=""url-icon""><img alt=[心] src=""https://h5.sinaimg.cn/m/emoticon/icon/others/l_xin-6912791858.png"" 
                style=""width:1em; height:1em;"" /></span><span class=""url-icon""><img alt=[泪] src=""https://h5.sinaimg.cn/m/emoticon/icon/default/d_lei-1b4b02f8b1.png"" 
                style=""width:1em; height:1em;"" /></span><span class=""url-icon""><img alt=[泪] src=""https://h5.sinaimg.cn/m/emoticon/icon/default/d_lei-1b4b02f8b1.png"" 
                style=""width:1em; height:1em;"" /></span><span class=""url-icon""><img alt=[泪] src=""https://h5.sinaimg.cn/m/emoticon/icon/default/d_lei-1b4b02f8b1.png"" 
                style=""width:1em; height:1em;"" /></span>",5226072844,0,十月玉露,596,124,f
4489338735782946,Thu Apr 02 19:00:25 +0800 2020,"感谢烈士们用自己宝贵的生命守护着我们<span class=""url-icon""><img alt=[心] src=""https://h5.sinaimg.cn/m/emoticon/icon/others/l_xin-6912791858.png"" 
                style=""width:1em; height:1em;"" /></span><span class=""url-icon""><img alt=[心] src=""https://h5.sinaimg.cn/m/emoticon/icon/others/l_xin-6912791858.png"" 
                style=""width:1em; height:1em;"" /></span><span class=""url-icon""><img alt=[心] src=""https://h5.sinaimg.cn/m/emoticon/icon/others/l_xin-6912791858.png"" 
                style=""width:1em; height:1em;"" /></span><span class=""url-icon""><img alt=[泪] src=""https://h5.sinaimg.cn/m/emoticon/icon/default/d_lei-1b4b02f8b1.png"" 
                style=""width:1em; height:1em;"" /></span><span class=""url-icon""><img alt=[泪] src=""https://h5.sinaimg.cn/m/emoticon/icon/default/d_lei-1b4b02f8b1.png"" 
                style=""width:1em; height:1em;"" /></span>",7107402307,0,月婳yx,598,115,f
4489338425312213,Thu Apr 02 18:59:11 +0800 2020,"烈士们的精神会一直传承下去，人民会永远记住你们的<span class=""url-icon""><img alt=[悲伤] src=""https://h5.sinaimg.cn/m/emoticon/icon/default/d_beishang-f8d6de06c8.png"" 
                style=""width:1em; height:1em;"" /></span><span class=""url-icon""><img alt=[悲伤] src=""https://h5.sinaimg.cn/m/emoticon/icon/default/d_beishang-f8d6de06c8.png"" 
                style=""width:1em; height:1em;"" /></span><span class=""url-icon""><img alt=[悲伤] src=""https://h5.sinaimg.cn/m/emoticon/icon/default/d_beishang-f8d6de06c8.png"" 
                style=""width:1em; height:1em;"" /></span>",7369332831,0,D乎乎猪,620,117,f
4489338244711883,Thu Apr 02 18:58:28 +0800 2020,"真是太痛心了 你们都是英雄 人民的英雄<span class=""url-icon""><img alt=[泪] src=""https://h5.sinaimg.cn/m/emoticon/icon/default/d_lei-1b4b02f8b1.png"" 
                style=""width:1em; height:1em;"" /></span>",6897853124,0,姿为朵,614,682,f
4489338114934884,Thu Apr 02 18:57:56 +0800 2020,"感恩这些最美的逆行者，向你们致敬<span class=""url-icon""><img alt=[泪] src=""https://h5.sinaimg.cn/m/emoticon/icon/default/d_lei-1b4b02f8b1.png"" 
                style=""width:1em; height:1em;"" /></span>",7369620303,0,拜山月Y,501,85,m
4489337955996111,Thu Apr 02 18:57:19 +0800 2020,"<span class=""url-icon""><img alt=[悲伤] src=""https://h5.sinaimg.cn/m/emoticon/icon/default/d_beishang-f8d6de06c8.png"" 
                style=""width:1em; height:1em;"" /></span><span class=""url-icon""><img alt=[悲伤] src=""https://h5.sinaimg.cn/m/emoticon/icon/default/d_beishang-f8d6de06c8.png"" 
                style=""width:1em; height:1em;"" /></span><span class=""url-icon""><img alt=[悲伤] src=""https://h5.sinaimg.cn/m/emoticon/icon/default/d_beishang-f8d6de06c8.png"" 
                style=""width:1em; height:1em;"" /></span>永远铭记英雄 你是我们的骄傲<span class=""url-icon""><img alt=[悲伤] src=""https://h5.sinaimg.cn/m/emoticon/icon/default/d_beishang-f8d6de06c8.png"" 
                style=""width:1em; height:1em;"" /></span>",7292778872,0,不加冰雪碧,197,62,f
4489336919535782,Thu Apr 02 18:53:12 +0800 2020,"永远记得你们，英雄<span class=""url-icon""><img alt=[可怜] src=""https://h5.sinaimg.cn/m/emoticon/icon/default/d_kelian-3e00ccdc26.png"" 
                style=""width:1em; height:1em;"" /></span>",7379245106,0,i没什么YL,554,27,f
4489333530195018,Thu Apr 02 18:39:44 +0800 2020,"走好，您的勇敢和坚持我们将永远记住<span class=""url-icon""><img alt=[泪] src=""https://h5.sinaimg.cn/m/emoticon/icon/default/d_lei-1b4b02f8b1.png"" 
                style=""width:1em; height:1em;"" /></span>",5850606120,0,小周小周此生无忧,252,174,f
4489339478299364,Thu Apr 02 19:03:22 +0800 2020,你们是英雄，将被永远铭记,6728078028,0,金丝熊饿破了,221,74,m
4489339393850806,Thu Apr 02 19:03:01 +0800 2020,真的非常感谢你们 ，向你们致敬呀 ！你们值得！,7071376348,0,爱就宅一起Zm,82,13,f
4489339117385986,Thu Apr 02 19:01:55 +0800 2020,真的很感谢英雄们的付出，我们会永远记得你们的,6220029005,0,葶葶啊,351,16,f
4489338992100501,Thu Apr 02 19:01:26 +0800 2020,"为社会人民勇于献身的英雄 要向你们致敬<span class=""url-icon""><img alt=[爱你] src=""https://h5.sinaimg.cn/m/emoticon/icon/default/d_aini-4a23c0524a.png"" 
                style=""width:1em; height:1em;"" /></span>",7275029245,0,今天你练车没ioi,230,13,m
4489338777697299,Thu Apr 02 19:00:35 +0800 2020,"永远致敬烈士 你们是我们心中最伟大的人<span class=""url-icon""><img alt=[拳头] src=""https://h5.sinaimg.cn/m/emoticon/icon/others/h_quantou-0a4441543d.png"" 
                style=""width:1em; height:1em;"" /></span>",7335985726,0,讨厌烟味11,234,17,m
4489338706818021,Thu Apr 02 19:00:18 +0800 2020,"向英雄致敬，感谢有你<span class=""url-icon""><img alt=[心] src=""https://h5.sinaimg.cn/m/emoticon/icon/others/l_xin-6912791858.png"" 
                style=""width:1em; height:1em;"" /></span><span class=""url-icon""><img alt=[心] src=""https://h5.sinaimg.cn/m/emoticon/icon/others/l_xin-6912791858.png"" 
                style=""width:1em; height:1em;"" /></span><span class=""url-icon""><img alt=[心] src=""https://h5.sinaimg.cn/m/emoticon/icon/others/l_xin-6912791858.png"" 
                style=""width:1em; height:1em;"" /></span>",5766400891,0,Vulcan农,391,116,f
4489338647829624,Thu Apr 02 19:00:04 +0800 2020,向这些英雄们致敬，他们真的太伟大了，希望英雄们一路走好,5091035888,0,铠哥哥啊,412,238,m
4489338517559898,Thu Apr 02 18:59:33 +0800 2020,"他们的付出是因为我们 我们必须要好好守护<span class=""url-icon""><img alt=[爱你] src=""https://h5.sinaimg.cn/m/emoticon/icon/default/d_aini-4a23c0524a.png"" 
                style=""width:1em; height:1em;"" /></span>",6070545792,0,我是花花的可爱,159,269,f
4489338463014066,Thu Apr 02 18:59:20 +0800 2020,向所有的英雄致敬，你们是永远的英雄！,5314665472,0,勋勋的卓哥,318,44,f
4489338328466637,Thu Apr 02 18:58:47 +0800 2020,你们值得最好的，感谢你们，你们是最棒的。,5342020044,0,鹿家Xiao雨,181,29,f
4489338199094885,Thu Apr 02 18:58:16 +0800 2020,真的非常感谢有你们，有了你们才有了平安的我们。,7027470007,0,-疱疹女孩,44,42,f
4489338048477133,Thu Apr 02 18:57:41 +0800 2020,真的非常的感谢所有在一线工作的医护人员所有的英雄。,7098100138,0,Cxcvnmlp,115,33,f
4489337720869223,Thu Apr 02 18:56:23 +0800 2020,辛苦了各位医护人员们 你们是最伟大的人,5766983685,0,帅气迷人的椅子,397,29,f
4489337570319516,Thu Apr 02 18:55:47 +0800 2020,他们真的让我们非常的自傲今天看真的流泪了,6770254632,0,我是小可爱咿呀呀,249,22,f
4489337527427430,Thu Apr 02 18:55:36 +0800 2020,在这场战役中最辛苦的就是医护人员们 辛苦你们了,5784393214,0,是可爱的千千呀,134,22,f
4489337401898438,Thu Apr 02 18:55:07 +0800 2020,辛苦了各位医护人员们 辛苦你们了,7130590326,0,雨后春蝉,242,23,f
4489337192073514,Thu Apr 02 18:54:17 +0800 2020,总有人替你负重前行 在这场疫情中他们是最伟大的人,5787209024,0,迷人的魂淡美人,134,25,f
4489333849559730,Thu Apr 02 18:41:00 +0800 2020,愿你们到一个极乐世界，希望家人能健康平安快乐一世！,1145991034,0,两节虫,176,302,f
4489333459142086,Thu Apr 02 18:39:27 +0800 2020,"<span class=""url-icon""><img alt=[鼓掌] src=""https://h5.sinaimg.cn/m/emoticon/icon/default/d_guzhang-a35dfd4d70.png"" 
                style=""width:1em; height:1em;"" /></span><span class=""url-icon""><img alt=[鼓掌] src=""https://h5.sinaimg.cn/m/emoticon/icon/default/d_guzhang-a35dfd4d70.png"" 
                style=""width:1em; height:1em;"" /></span><span class=""url-icon""><img alt=[鼓掌] src=""https://h5.sinaimg.cn/m/emoticon/icon/default/d_guzhang-a35dfd4d70.png"" 
                style=""width:1em; height:1em;"" /></span>",2166502350,0,快乐欢,564,589,m
4489341713817360,Thu Apr 02 19:12:15 +0800 2020,致敬英雄，一路走好！,3360841112,0,west8d8d,140,60,m
4489339025167807,Thu Apr 02 19:01:33 +0800 2020,致敬我们的人民英雄一路走好真的很感谢你们,6705837363,0,藏匿喜歡_,28,7,f
4489338602071879,Thu Apr 02 18:59:53 +0800 2020,英雄一路走好真的非常谢谢你们为我们做了这么多,6322072300,0,锦锦景,46,11,m
4489337200502751,Thu Apr 02 18:54:18 +0800 2020,"向烈士致敬！谢谢您们的付出<span class=""url-icon""><img alt=[蜡烛] src=""https://h5.sinaimg.cn/m/emoticon/icon/others/o_lazhu-6209fc6e73.png"" 
                style=""width:1em; height:1em;"" /></span>烈士永存",6623694380,0,热带公主,140,42,f
4489341713284508,Thu Apr 02 19:12:14 +0800 2020,"心情太难受了他们都是好样的愿他们在另一边能开心<span class=""url-icon""><img alt=[可怜] src=""https://h5.sinaimg.cn/m/emoticon/icon/default/d_kelian-3e00ccdc26.png"" 
                style=""width:1em; height:1em;"" /></span><span class=""url-icon""><img alt=[可怜] src=""https://h5.sinaimg.cn/m/emoticon/icon/default/d_kelian-3e00ccdc26.png"" 
                style=""width:1em; height:1em;"" /></span><span class=""url-icon""><img alt=[可怜] src=""https://h5.sinaimg.cn/m/emoticon/icon/default/d_kelian-3e00ccdc26.png"" 
                style=""width:1em; height:1em;"" /></span>",6893579666,1,迪迪不吃鱼,435,72,m
4489341377709983,Thu Apr 02 19:10:55 +0800 2020,缅怀,1779825817,0,印第安老斑鸠_9233,289,134,m
4489341336678150,Thu Apr 02 19:10:45 +0800 2020,"听到这个消息心情真的太沉重了英雄一路走好<span class=""url-icon""><img alt=[悲伤] src=""https://h5.sinaimg.cn/m/emoticon/icon/default/d_beishang-f8d6de06c8.png"" 
                style=""width:1em; height:1em;"" /></span><span class=""url-icon""><img alt=[悲伤] src=""https://h5.sinaimg.cn/m/emoticon/icon/default/d_beishang-f8d6de06c8.png"" 
                style=""width:1em; height:1em;"" /></span><span class=""url-icon""><img alt=[悲伤] src=""https://h5.sinaimg.cn/m/emoticon/icon/default/d_beishang-f8d6de06c8.png"" 
                style=""width:1em; height:1em;"" /></span>",6486281727,1,大哥讨厌吃榴莲,475,177,m
4489339293871137,Thu Apr 02 19:02:38 +0800 2020,"一线医生们辛苦了 所以付出的人们辛苦了<span class=""url-icon""><img alt=[心] src=""https://h5.sinaimg.cn/m/emoticon/icon/others/l_xin-6912791858.png"" 
                style=""width:1em; height:1em;"" /></span><span class=""url-icon""><img alt=[心] src=""https://h5.sinaimg.cn/m/emoticon/icon/others/l_xin-6912791858.png"" 
                style=""width:1em; height:1em;"" /></span><span class=""url-icon""><img alt=[心] src=""https://h5.sinaimg.cn/m/emoticon/icon/others/l_xin-6912791858.png"" 
                style=""width:1em; height:1em;"" /></span>",6897882305,0,霸之奉,607,689,f
4489338539043367,Thu Apr 02 18:59:38 +0800 2020,"向他们致敬！一路走好！<span class=""url-icon""><img alt=[蜡烛] src=""https://h5.sinaimg.cn/m/emoticon/icon/others/o_lazhu-6209fc6e73.png"" 
                style=""width:1em; height:1em;"" /></span>",1741648881,0,艺术起源于生活,25,489,m
4489338522109345,Thu Apr 02 18:59:34 +0800 2020,"他们的精神永垂不朽，被我们铭记的<span class=""url-icon""><img alt=[可怜] src=""https://h5.sinaimg.cn/m/emoticon/icon/default/d_kelian-3e00ccdc26.png"" 
                style=""width:1em; height:1em;"" /></span>",5664201884,0,何小团丶,702,478,f
4489338467230574,Thu Apr 02 18:59:21 +0800 2020,英雄虽然走了，但他的精神与我们长存！！永远缅怀！！,6048015662,1,巫哩哩哩,552,138,f
4489338085456280,Thu Apr 02 18:57:50 +0800 2020,你们是这个时代的伟人，是你们默默的奉献,7102974890,0,墨迹卡HH,240,174,m
4489338043590378,Thu Apr 02 18:57:40 +0800 2020,"感谢所有人为新冠肺炎做出的贡献<span class=""url-icon""><img alt=[心] src=""https://h5.sinaimg.cn/m/emoticon/icon/others/l_xin-6912791858.png"" 
                style=""width:1em; height:1em;"" /></span>一路走好",3229307772,1,猪是我,236,116,f
4489338044263294,Thu Apr 02 18:57:40 +0800 2020,他们为武汉保卫战做出来了很大的努力的，致敬,5101869954,0,小雏田爱鸣人,666,130,f
4489338034850862,Thu Apr 02 18:57:38 +0800 2020,他们是新时代最可爱的人，他们崇高的精神永垂不朽！！,1205820003,0,青汤寡酒,403,89,f
4489337775014766,Thu Apr 02 18:56:36 +0800 2020,你们是真正的烈士，你们是真正的英雄，一路走好！！！,6484434080,0,Lynsi林恕,283,70,f
4489337762377080,Thu Apr 02 18:56:33 +0800 2020,他们都是这个时代最可爱的人，必须得致敬他们的,7054349532,0,若冬是猪,722,407,f
4489337704432286,Thu Apr 02 18:56:19 +0800 2020,感谢无私奉献的你们，愿你们一路都走好。,7039950791,0,小鱼儿的猫咪酱,257,71,m
4489337598861115,Thu Apr 02 18:55:54 +0800 2020,"夏思思，女，1990年六月出生，她才大不了我几岁啊！<span class=""url-icon""><img alt=[泪] src=""https://h5.sinaimg.cn/m/emoticon/icon/default/d_lei-1b4b02f8b1.png"" 
                style=""width:1em; height:1em;"" /></span><span class=""url-icon""><img alt=[泪] src=""https://h5.sinaimg.cn/m/emoticon/icon/default/d_lei-1b4b02f8b1.png"" 
                style=""width:1em; height:1em;"" /></span><span class=""url-icon""><img alt=[泪] src=""https://h5.sinaimg.cn/m/emoticon/icon/default/d_lei-1b4b02f8b1.png"" 
                style=""width:1em; height:1em;"" /></span>",5342613047,1,-熊CC,654,353,m
4489337591135308,Thu Apr 02 18:55:52 +0800 2020,向烈士们致敬，我们会永远铭记你们。,7186660186,0,郑sss333,133,5,f
4489337511022929,Thu Apr 02 18:55:33 +0800 2020,愿天堂没有灾难，愿你们一路走好呀！,6614956945,0,不吃香菜的杰杰,754,96,f
4489337427714941,Thu Apr 02 18:55:13 +0800 2020,国内疫情已经控制住了，牺牲的烈士们，可以安息了🙏🙏,5848112104,0,沐沐兮欧尼,481,71,f
4489337414714351,Thu Apr 02 18:55:10 +0800 2020,"希望这些英雄一路走好 我们会永远记得他们对我们的恩情的<span class=""url-icon""><img alt=[悲伤] src=""https://h5.sinaimg.cn/m/emoticon/icon/default/d_beishang-f8d6de06c8.png"" 
                style=""width:1em; height:1em;"" /></span>",3564351497,0,王糯米会发光,514,367,f
4489337225815541,Thu Apr 02 18:54:24 +0800 2020,必须转发，扩散开来，让更多的人知道我们的烈士！！！,5407076693,1,慢了个拍O,475,330,m
4489337221846549,Thu Apr 02 18:54:24 +0800 2020,"他们都是烈士，是我的我们的铭记在心的<span class=""url-icon""><img alt=[喵喵] src=""https://h5.sinaimg.cn/m/emoticon/icon/others/d_miao-61fe2a7aaa.png"" 
                style=""width:1em; height:1em;"" /></span>",6899469244,0,蓝莓奶茶公社,680,372,f
4489337180239780,Thu Apr 02 18:54:14 +0800 2020,"向他们致敬<span class=""url-icon""><img alt=[蜡烛] src=""https://h5.sinaimg.cn/m/emoticon/icon/others/o_lazhu-6209fc6e73.png"" 
                style=""width:1em; height:1em;"" /></span><span class=""url-icon""><img alt=[蜡烛] src=""https://h5.sinaimg.cn/m/emoticon/icon/others/o_lazhu-6209fc6e73.png"" 
                style=""width:1em; height:1em;"" /></span><span class=""url-icon""><img alt=[蜡烛] src=""https://h5.sinaimg.cn/m/emoticon/icon/others/o_lazhu-6209fc6e73.png"" 
                style=""width:1em; height:1em;"" /></span>",6419069856,0,长大_8577,206,17,f
4489337045822225,Thu Apr 02 18:53:41 +0800 2020,"真的是人民的英雄啊 希望他们的家属能够尽快走出悲痛 <span class=""url-icon""><img alt=[鲜花] src=""https://h5.sinaimg.cn/m/emoticon/icon/others/w_xianhua-6efa26efdf.png"" 
                style=""width:1em; height:1em;"" /></span>",7012082423,0,兔子酱爱睡觉,149,342,f
4489336936123272,Thu Apr 02 18:53:16 +0800 2020,"<span class=""url-icon""><img alt=[悲伤] src=""https://h5.sinaimg.cn/m/emoticon/icon/default/d_beishang-f8d6de06c8.png"" 
                style=""width:1em; height:1em;"" /></span><span class=""url-icon""><img alt=[悲伤] src=""https://h5.sinaimg.cn/m/emoticon/icon/default/d_beishang-f8d6de06c8.png"" 
                style=""width:1em; height:1em;"" /></span>他们的付出我们有目共睹，感谢他们付出的一切",6963130586,0,最小的猫_,834,541,f
