﻿4503137933195230,Sun May 10 20:53:30 +0800 2020,"向英雄们致敬<span class=""url-icon""><img alt=[心] src=""https://h5.sinaimg.cn/m/emoticon/icon/others/l_xin-6912791858.png"" 
                style=""width:1em; height:1em;"" /></span><span class=""url-icon""><img alt=[心] src=""https://h5.sinaimg.cn/m/emoticon/icon/others/l_xin-6912791858.png"" 
                style=""width:1em; height:1em;"" /></span>",7281286698,6,宸觿年,290,236,f
4503138389883510,Sun May 10 20:55:19 +0800 2020,感谢白衣天使，你们是新时代最可爱的人❤️,5510442290,5,稻里说盗,76,145,f
4503158066322811,Sun May 10 22:13:30 +0800 2020,"致敬每一位付出的人<span class=""url-icon""><img alt=[心] src=""https://h5.sinaimg.cn/m/emoticon/icon/others/l_xin-6912791858.png"" 
                style=""width:1em; height:1em;"" /></span><span class=""url-icon""><img alt=[心] src=""https://h5.sinaimg.cn/m/emoticon/icon/others/l_xin-6912791858.png"" 
                style=""width:1em; height:1em;"" /></span><span class=""url-icon""><img alt=[心] src=""https://h5.sinaimg.cn/m/emoticon/icon/others/l_xin-6912791858.png"" 
                style=""width:1em; height:1em;"" /></span>",7310692035,2,让我们变成更好的人,108,5,f
4503139301403514,Sun May 10 20:58:56 +0800 2020,致敬英雄,7152666359,3,房源地产,46,113,m
4503138940193966,Sun May 10 20:57:29 +0800 2020,英雄,7389231087,1,Xhehdj888,330,11,m
4503137996408377,Sun May 10 20:53:45 +0800 2020,人民是真英雄,1817439650,1,猪哩叶本猪,686,1071,f
4503137861539988,Sun May 10 20:53:12 +0800 2020,"致敬英雄<span class=""url-icon""><img alt=[悲伤] src=""https://h5.sinaimg.cn/m/emoticon/icon/default/d_beishang-f8d6de06c8.png"" 
                style=""width:1em; height:1em;"" /></span>",5252200937,1,離屿sy_,142,326,m
4503145302324499,Sun May 10 21:22:47 +0800 2020,感谢白衣天使们,6863933497,1,宁宁的妈咪宝贝,572,1414,f
4503140411912868,Sun May 10 21:03:20 +0800 2020,转发微博,6575436857,0,晴空一抹嫣红,234,486,f
4503140026455885,Sun May 10 21:01:48 +0800 2020,"好感动，致敬<span class=""url-icon""><img alt=[中国赞] src=""https://h5.sinaimg.cn/m/emoticon/icon/others/d_chnlike-2c6f482dac.png"" 
                style=""width:1em; height:1em;"" /></span>",6502735446,0,一盆思想,138,271,f
4503140005420376,Sun May 10 21:01:44 +0800 2020,没有生而英勇，只因选择无畏,3871671730,0,柳州政法,124,139086,m
4503139666219987,Sun May 10 21:00:22 +0800 2020,没有人生来就英勇，只不过是选择了无畏,5018656390,1,人人都爱米多多,703,233,f
4503145336919578,Sun May 10 21:22:55 +0800 2020,"<span class=""url-icon""><img alt=[鲜花] src=""https://h5.sinaimg.cn/m/emoticon/icon/others/w_xianhua-6efa26efdf.png"" 
                style=""width:1em; height:1em;"" /></span>",6527422215,0,双溪春景尚好,46,15,f
4503141594798007,Sun May 10 21:08:03 +0800 2020,"铭记逝去的，感谢活在当下的白衣天使<span class=""url-icon""><img alt=[心] src=""https://h5.sinaimg.cn/m/emoticon/icon/others/l_xin-6912791858.png"" 
                style=""width:1em; height:1em;"" /></span>……",7401458608,0,尘埃7401458608,63,9,f
