﻿4469322326412603,Fri Feb 07 13:22:21 +0800 2020,"逝者为大，李医生安息<span class=""url-icon""><img alt=[蜡烛] src=""https://h5.sinaimg.cn/m/emoticon/icon/others/o_lazhu-6209fc6e73.png"" 
                style=""width:1em; height:1em;"" /></span>",1787419133,107,济南同城会,2395,334694,m
4469321990036281,Fri Feb 07 13:21:01 +0800 2020,"支持中央<span class=""url-icon""><img alt=[心] src=""https://h5.sinaimg.cn/m/emoticon/icon/others/l_xin-6912791858.png"" 
                style=""width:1em; height:1em;"" /></span>",7360757085,101,孤孤僻,143,4891,f
4469322347096542,Fri Feb 07 13:22:26 +0800 2020,顶你，大中国，民心所向,6171731459,65,多幸运608,121,29,m
4469322439401901,Fri Feb 07 13:22:48 +0800 2020,好，我们等着,6097972909,61,旋覆来服,315,253,f
4469322858609880,Fri Feb 07 13:24:28 +0800 2020,"相信中央<span class=""url-icon""><img alt=[泪] src=""https://h5.sinaimg.cn/m/emoticon/icon/default/d_lei-1b4b02f8b1.png"" 
                style=""width:1em; height:1em;"" /></span><span class=""url-icon""><img alt=[泪] src=""https://h5.sinaimg.cn/m/emoticon/icon/default/d_lei-1b4b02f8b1.png"" 
                style=""width:1em; height:1em;"" /></span><span class=""url-icon""><img alt=[泪] src=""https://h5.sinaimg.cn/m/emoticon/icon/default/d_lei-1b4b02f8b1.png"" 
                style=""width:1em; height:1em;"" /></span>",5828445661,43,柳如沫,862,234,f
4469322342377425,Fri Feb 07 13:22:25 +0800 2020,查！,1888160122,37,天邢建,189,123814,m
4469322384700206,Fri Feb 07 13:22:34 +0800 2020,等结果,2905455757,27,快乐女孩·蕊蕊HR,377,10771,f
4469322380459700,Fri Feb 07 13:22:34 +0800 2020,"【国家监委派调查组赴武汉 就群众反映的涉及李文亮医生的有关问题作全面调查】经中央批准，国家监察委员会决定派出调查组赴湖北省武汉市，就群众反映的涉及李文亮医生的有关问题作全面调查。 <span class=""url-icon""><img alt=[思考] src=""https://h5.sinaimg.cn/m/emoticon/icon/default/d_sikao-c599fd085f.png"" 
                style=""width:1em; height:1em;"" /></span><span class=""url-icon""><img alt=[思考] src=""https://h5.sinaimg.cn/m/emoticon/icon/default/d_sikao-c599fd085f.png"" 
                style=""width:1em; height:1em;"" /></span>",2036026900,23,心向往之pz,2386,278280,f
4469321998663488,Fri Feb 07 13:21:03 +0800 2020,可以可以,6196487615,15,必须懂得,522,634,m
4469322829276985,Fri Feb 07 13:24:21 +0800 2020,"支持！相信<span class=""url-icon""><img alt=[心] src=""https://h5.sinaimg.cn/m/emoticon/icon/others/l_xin-6912791858.png"" 
                style=""width:1em; height:1em;"" /></span>",6426658766,14,liQQ903,362,11,f
4469322145962109,Fri Feb 07 13:21:38 +0800 2020,支持,5129049930,11,奶酷狐狸姐,912,2780,f
4469322623503279,Fri Feb 07 13:23:32 +0800 2020,支持中央决定,1681177851,19,男青年Mr-Lee,558,1263,m
4469322019715079,Fri Feb 07 13:21:08 +0800 2020,"<span class=""url-icon""><img alt=[中国赞] src=""https://h5.sinaimg.cn/m/emoticon/icon/others/d_chnlike-2c6f482dac.png"" 
                style=""width:1em; height:1em;"" /></span><span class=""url-icon""><img alt=[中国赞] src=""https://h5.sinaimg.cn/m/emoticon/icon/others/d_chnlike-2c6f482dac.png"" 
                style=""width:1em; height:1em;"" /></span>",1796739552,10,黑猫_心情好也许填个坑,157,410,f
4469322556432336,Fri Feb 07 13:23:16 +0800 2020,相信国家！！！,5184392749,13,gdgdgdfANS,604,174,f
4469322804280455,Fri Feb 07 13:24:15 +0800 2020,好的！,5482398847,7,小阿文小阿文啊,430,96,f
4469322069768932,Fri Feb 07 13:21:20 +0800 2020,转发,2177956132,6,风清广目,297,389,m
4469322736651386,Fri Feb 07 13:23:59 +0800 2020,转发微博,1711908680,4,羊总之花菜炒蟹,3692,116980,m
4469322460167935,Fri Feb 07 13:22:53 +0800 2020,转发微博,6203641564,3,一页无言,896,501202,m
4469322460558468,Fri Feb 07 13:22:53 +0800 2020,好,5629666407,3,提一盏月光ting,354,138,f
4469322632218175,Fri Feb 07 13:23:34 +0800 2020,"支持<span class=""url-icon""><img alt=[good] src=""https://h5.sinaimg.cn/m/emoticon/icon/others/h_good-644bcfa993.png"" 
                style=""width:1em; height:1em;"" /></span>",5039373501,3,Liying敏,91,58,f
4469335051517018,Fri Feb 07 14:12:55 +0800 2020,等结果,5310693348,2,咸阔乐,301,128,f
4469334564423189,Fri Feb 07 14:10:58 +0800 2020,相信中央！,1561528351,0,弗拉基米尔伊里奇,407,1072,m
4469322245997986,Fri Feb 07 13:22:02 +0800 2020,"<span class=""url-icon""><img alt=[赞] src=""https://h5.sinaimg.cn/m/emoticon/icon/others/h_zan-e3d1e596da.png"" 
                style=""width:1em; height:1em;"" /></span>",5039599554,3,江湖混球,792,126,m
4469322124412196,Fri Feb 07 13:21:33 +0800 2020,支持,3964311800,3,森桃Peach,308,156,f
4469322438924091,Fri Feb 07 13:22:48 +0800 2020,给人民一个满意的答复,2964500825,11,谦路无忧,212,57,m
4469332958415111,Fri Feb 07 14:04:36 +0800 2020,李医生一路走好吧,6004559849,0,非瓷为慈,73,78,m
