﻿4484320703758299,Thu Mar 19 22:40:32 +0800 2020,"当初谁也无法预料到以后会这扩散么严重，希望大家不要在现在的马后炮的视角去指责当时警察的做法，在疾控中心官方下结论前，警方也只能对会造成恐慌言论训诫警告一下。<span class=""url-icon""><img alt=[黑线] src=""https://h5.sinaimg.cn/m/emoticon/icon/default/d_heixian-bde08b426c.png"" 
                style=""width:1em; height:1em;"" /></span>谁也不想病毒扩散，但警察当初也只能以疾控中心的说法为准呀。只能说逐层上报的流程可能还不够完善。",5124302517,94,S837489,371,175,m
4484317801451849,Thu Mar 19 22:29:01 +0800 2020,李医生一定要看到,3186192291,5,舞蹈艺考帮,45,368681,f
4484317524739656,Thu Mar 19 22:27:55 +0800 2020,迟来的处罚！！,2674782787,5,与您共享源远流长的茶文化,114,228,m
4484318715588387,Thu Mar 19 22:32:38 +0800 2020,警察在群众中的美誉度好高。我看评论都是为警察喊冤的。钟南山说，说了真话而被训诫，作为一个医生他很难过，他还流泪了。还有那些以为不会传染，而忽视防护而感染的人，也是难过的。所以，总是要有个警察出来安慰一下大家的。行政记过的处分不算重，我觉得是合适的。,7406452867,14,牛er牛儿,119,4,m
