﻿4484273232701479,Thu Mar 19 19:31:55 +0800 2020,致敬李文亮医生，支持国家的决定,7156138622,0,是宝贝七七吖,246,15,f
4484273073141700,Thu Mar 19 19:31:16 +0800 2020,支持党中央调查结果 好医生一路走好,5936450175,46757,宝贝奶瓶的细水长流,124,45,f
4484273119917561,Thu Mar 19 19:31:27 +0800 2020,"安息吧！<span class=""url-icon""><img alt=[蜡烛] src=""https://h5.sinaimg.cn/m/emoticon/icon/others/o_lazhu-6209fc6e73.png"" 
                style=""width:1em; height:1em;"" /></span><span class=""url-icon""><img alt=[蜡烛] src=""https://h5.sinaimg.cn/m/emoticon/icon/others/o_lazhu-6209fc6e73.png"" 
                style=""width:1em; height:1em;"" /></span><span class=""url-icon""><img alt=[蜡烛] src=""https://h5.sinaimg.cn/m/emoticon/icon/others/o_lazhu-6209fc6e73.png"" 
                style=""width:1em; height:1em;"" /></span>",5557411146,27608,葳蕤馨予,623,1530,f
4484272969053794,Thu Mar 19 19:30:51 +0800 2020,支持调查组的工作,7156138622,22773,是宝贝七七吖,246,15,f
4484272611863566,Thu Mar 19 19:29:26 +0800 2020,这次疫情也是大大提升我们国家应急处置力，谢谢李文亮们医务人员，你们是一线的英雄，只要我们团结，任何敌人都会被打败。,5111321783,0,我不想说晃,112,1,f
4484274458064672,Thu Mar 19 19:36:46 +0800 2020,调查报告公开、透明、公正，支持国家调查结果。,6811449768,20058,梦飞KEON,156,71,f
4484273354582197,Thu Mar 19 19:32:24 +0800 2020,支持国家调查结果。让人们了解真相,6152952118,12606,风景袭人,90,16,m
4484273271024392,Thu Mar 19 19:32:03 +0800 2020,"终于落地了！李文亮医生可以安心了！<span class=""url-icon""><img alt=[泪] src=""https://h5.sinaimg.cn/m/emoticon/icon/default/d_lei-1b4b02f8b1.png"" 
                style=""width:1em; height:1em;"" /></span>",1140768684,10563,宝宝qEjI,487,4,m
4484273002027898,Thu Mar 19 19:31:00 +0800 2020,支持调查结果。合情合理。文亮医生走好,6012167315,7105,小忧伤1916,32,20,m
4484276160173010,Thu Mar 19 19:43:33 +0800 2020,"支持国家调查组，希望李医生及其家属节哀。 致敬所有医务工作者，民警，社区工作人员，志愿者，所有抗疫一线的所有人，你们辛苦了<span class=""url-icon""><img alt=[good] src=""https://h5.sinaimg.cn/m/emoticon/icon/others/h_good-644bcfa993.png"" 
                style=""width:1em; height:1em;"" /></span><span class=""url-icon""><img alt=[good] src=""https://h5.sinaimg.cn/m/emoticon/icon/others/h_good-644bcfa993.png"" 
                style=""width:1em; height:1em;"" /></span><span class=""url-icon""><img alt=[good] src=""https://h5.sinaimg.cn/m/emoticon/icon/others/h_good-644bcfa993.png"" 
                style=""width:1em; height:1em;"" /></span>  谢谢谢谢谢谢，致敬！<span class=""url-icon""><img alt=[赞] src=""https://h5.sinaimg.cn/m/emoticon/icon/others/h_zan-e3d1e596da.png"" 
                style=""width:1em; height:1em;"" /></span><span class=""url-icon""><img alt=[赞] src=""https://h5.sinaimg.cn/m/emoticon/icon/others/h_zan-e3d1e596da.png"" 
                style=""width:1em; height:1em;"" /></span><span class=""url-icon""><img alt=[赞] src=""https://h5.sinaimg.cn/m/emoticon/icon/others/h_zan-e3d1e596da.png"" 
                style=""width:1em; height:1em;"" /></span>",1394857584,4216,我是李先生_,902,2176,m
4484276160622607,Thu Mar 19 19:43:33 +0800 2020,致敬李文亮医生，医生先驱一路走好,7344087138,0,痴情无非痴心,113,0,m
4484282707874887,Thu Mar 19 20:09:34 +0800 2020,支持调查组的工作，为李文亮医生主持公道。,5833333058,2146,溃川,51,41,m
4484282728943340,Thu Mar 19 20:09:38 +0800 2020,支持中调查组的调查结果,7186876986,1697,予彼慕之湫,367,7,m
4484282724617382,Thu Mar 19 20:09:38 +0800 2020,一路走好,5843649438,1685,晨晨妈妈0403,490,200,f
