﻿4469330450167219,Fri Feb 07 13:54:38 +0800 2020,李医生一路走好，愿天堂没有病痛，来世做个更幸福的人,3201254991,97,AKI酱_也,334,1194,f
4469330127799125,Fri Feb 07 13:53:21 +0800 2020,沉痛哀悼，一路走好🙏🙏🙏,7303712237,71,ANNY-王涵,158,39,f
4469331285434187,Fri Feb 07 13:57:57 +0800 2020,"李医生一路走好<span class=""url-icon""><img alt=[蜡烛] src=""https://h5.sinaimg.cn/m/emoticon/icon/others/o_lazhu-6209fc6e73.png"" 
                style=""width:1em; height:1em;"" /></span><span class=""url-icon""><img alt=[蜡烛] src=""https://h5.sinaimg.cn/m/emoticon/icon/others/o_lazhu-6209fc6e73.png"" 
                style=""width:1em; height:1em;"" /></span><span class=""url-icon""><img alt=[蜡烛] src=""https://h5.sinaimg.cn/m/emoticon/icon/others/o_lazhu-6209fc6e73.png"" 
                style=""width:1em; height:1em;"" /></span> 愿天堂没有病痛，来世做个更幸福的人！",6365156041,63,有志者事竟成的窝900,598,38,f
4469331939300694,Fri Feb 07 14:00:33 +0800 2020,李医生一路走好，感谢你为我们做的一切,6897847774,26,乔装城小奶糖,767,466,f
4469330881927134,Fri Feb 07 13:56:21 +0800 2020,一路走好🙏,5109442721,26,我心所向DAYTOY,740,4043,f
4469331897164000,Fri Feb 07 14:00:23 +0800 2020,"李医生一路走好，我们等一个调查结果<span class=""url-icon""><img alt=[蜡烛] src=""https://h5.sinaimg.cn/m/emoticon/icon/others/o_lazhu-6209fc6e73.png"" 
                style=""width:1em; height:1em;"" /></span>",2464262210,17,marry_kiy,1949,23678,f
4469331989926295,Fri Feb 07 14:00:45 +0800 2020,相信在国家的领导下，在前线的战士们带动下，我们会成功的。,5935806086,9,wsn草莓姑娘,143,59,f
4469331960342285,Fri Feb 07 14:00:38 +0800 2020,李医生一路走好，愿天堂没有病痛，来世做个更幸福的人,6583882446,6,等待一场席卷全球的台风,340,79,f
4469329908880872,Fri Feb 07 13:52:29 +0800 2020,一路走好🙏🙏🙏,3967761772,7,零零零蕶,315,586,m
4469332002425555,Fri Feb 07 14:00:48 +0800 2020,李文亮医生一路走好 希望疫情赶紧结束吧,3564351497,6,王糯米会发光,514,367,f
4469330110727399,Fri Feb 07 13:53:17 +0800 2020,"<span class=""url-icon""><img alt=[蜡烛] src=""https://h5.sinaimg.cn/m/emoticon/icon/others/o_lazhu-6209fc6e73.png"" 
                style=""width:1em; height:1em;"" /></span><span class=""url-icon""><img alt=[蜡烛] src=""https://h5.sinaimg.cn/m/emoticon/icon/others/o_lazhu-6209fc6e73.png"" 
                style=""width:1em; height:1em;"" /></span><span class=""url-icon""><img alt=[蜡烛] src=""https://h5.sinaimg.cn/m/emoticon/icon/others/o_lazhu-6209fc6e73.png"" 
                style=""width:1em; height:1em;"" /></span><span class=""url-icon""><img alt=[蜡烛] src=""https://h5.sinaimg.cn/m/emoticon/icon/others/o_lazhu-6209fc6e73.png"" 
                style=""width:1em; height:1em;"" /></span>🙏🙏",2014600495,3,游客萌萌,618,2921,m
4469331917843231,Fri Feb 07 14:00:27 +0800 2020,"一路走好，真心很感谢你，我们不会忘记你<span class=""url-icon""><img alt=[鲜花] src=""https://h5.sinaimg.cn/m/emoticon/icon/others/w_xianhua-6efa26efdf.png"" 
                style=""width:1em; height:1em;"" /></span><span class=""url-icon""><img alt=[鲜花] src=""https://h5.sinaimg.cn/m/emoticon/icon/others/w_xianhua-6efa26efdf.png"" 
                style=""width:1em; height:1em;"" /></span>",7300755437,2,今天不打烊LL,500,463,m
4469332513599134,Fri Feb 07 14:02:50 +0800 2020,你的付出我们都记得，谢谢🙏,1647515054,2,小弓包子,147,2572,f
4469331843169786,Fri Feb 07 14:00:10 +0800 2020,"奋斗在前线的医务工作者真的是辛苦，<span class=""url-icon""><img alt=[心] src=""https://h5.sinaimg.cn/m/emoticon/icon/others/l_xin-6912791858.png"" 
                style=""width:1em; height:1em;"" /></span>致敬！",7264955106,4,涂月十二69,302,6,f
4469333461918883,Fri Feb 07 14:06:36 +0800 2020,"在这里向所有还在一线的医务工作者致敬<span class=""url-icon""><img alt=[心] src=""https://h5.sinaimg.cn/m/emoticon/icon/others/l_xin-6912791858.png"" 
                style=""width:1em; height:1em;"" /></span><span class=""url-icon""><img alt=[心] src=""https://h5.sinaimg.cn/m/emoticon/icon/others/l_xin-6912791858.png"" 
                style=""width:1em; height:1em;"" /></span>",7320441784,2,请叫我萨瓦迪卡,404,253,m
4469333126710584,Fri Feb 07 14:05:16 +0800 2020,"我们国家绝对有这个力量，相信我们定能胜利<span class=""url-icon""><img alt=[鲜花] src=""https://h5.sinaimg.cn/m/emoticon/icon/others/w_xianhua-6efa26efdf.png"" 
                style=""width:1em; height:1em;"" /></span><span class=""url-icon""><img alt=[鲜花] src=""https://h5.sinaimg.cn/m/emoticon/icon/others/w_xianhua-6efa26efdf.png"" 
                style=""width:1em; height:1em;"" /></span>",7323505017,1,嘿嘿嘿娱,536,113,m
4469333377759596,Fri Feb 07 14:06:16 +0800 2020,希望大家真的不要再出门了，也不要在聚集了，不要再给这些医护人员添乱了。,5674048209,4,二花的信箱,84,16,f
4469333856344979,Fri Feb 07 14:08:10 +0800 2020,李医生一路走好，我们永远记着你的付出,6963109425,1,快乐的小吃货o,582,567,f
4469332837226511,Fri Feb 07 14:04:07 +0800 2020,你离开了是一个非常悲痛的消息，但是你是最棒的,5579254375,1,情丝寄青丝-6991-2,286,73,f
4469332677217483,Fri Feb 07 14:03:28 +0800 2020,"希望我们早日打赢这场狙击战，恢复正常生活<span class=""url-icon""><img alt=[心] src=""https://h5.sinaimg.cn/m/emoticon/icon/others/l_xin-6912791858.png"" 
                style=""width:1em; height:1em;"" /></span><span class=""url-icon""><img alt=[心] src=""https://h5.sinaimg.cn/m/emoticon/icon/others/l_xin-6912791858.png"" 
                style=""width:1em; height:1em;"" /></span>",6039826802,0,范特西喜欢晴天,648,555,m
4469332496755589,Fri Feb 07 14:02:46 +0800 2020,希望这次疫情赶快过去，感谢你李医生,5642817654,0,芒果不mang盲,146,561,m
4469332358391277,Fri Feb 07 14:02:13 +0800 2020,李医生是我们的民族医生，都应该铭记,6914443791,0,我自己呀_,695,595,f
4469332338150369,Fri Feb 07 14:02:08 +0800 2020,李医生真的太可惜了，愿天堂没有病痛啊，,5335355941,0,黑眼圈不睡觉-,256,138,f
4469332338155592,Fri Feb 07 14:02:08 +0800 2020,李医生你是真正的英雄，你是最棒的，加油,7195255573,0,青峰ing-1,480,101,f
4469331767708250,Fri Feb 07 13:59:52 +0800 2020,"<span class=""url-icon""><img alt=[蜡烛] src=""https://h5.sinaimg.cn/m/emoticon/icon/others/o_lazhu-6209fc6e73.png"" 
                style=""width:1em; height:1em;"" /></span><span class=""url-icon""><img alt=[蜡烛] src=""https://h5.sinaimg.cn/m/emoticon/icon/others/o_lazhu-6209fc6e73.png"" 
                style=""width:1em; height:1em;"" /></span><span class=""url-icon""><img alt=[蜡烛] src=""https://h5.sinaimg.cn/m/emoticon/icon/others/o_lazhu-6209fc6e73.png"" 
                style=""width:1em; height:1em;"" /></span>",6083838836,0,小锦鲤88888888,1896,798,m
4469336078837433,Fri Feb 07 14:16:59 +0800 2020,请国家严查,6068280983,2,柴大大官人丶,330,69,m
4469334313385455,Fri Feb 07 14:09:59 +0800 2020,听到这个消息的时候真的很难受，希望你一路走好,3168936152,0,鱼鱼鱼_鱻,499,110,f
4469334040653647,Fri Feb 07 14:08:54 +0800 2020,李文亮是个好医生，尽职尽责，愿他一路走好,2038523451,0,原来是炸猪排啊,253,256,f
4469333683896555,Fri Feb 07 14:07:28 +0800 2020,向李医生致敬，为李医生点赞。李医生我们会一直记得你的！,7275083743,0,区希希-,263,10,f
4469333604943694,Fri Feb 07 14:07:10 +0800 2020,李文亮医生，我相信好人一生平安，来世你会幸福的,6446406468,0,李程秀秀秀,260,385,f
4469333482335075,Fri Feb 07 14:06:40 +0800 2020,希望国家能不让李医生那样的人寒心，不要遗忘他们所做的一切,3740675990,0,偑檠,204,134,f
4469333252004418,Fri Feb 07 14:05:46 +0800 2020,李医生，一路走好！🙏天堂没有病痛，来世做一个更幸福的人。,6621537144,0,秋枫55600,54,23,m
4469333231601873,Fri Feb 07 14:05:41 +0800 2020,医生一路走好，愿我们为医护人员祈祷，真的为了我们做了很大的贡献,3736478130,0,YM于爱笑,653,147,f
4469333180377244,Fri Feb 07 14:05:28 +0800 2020,说真的，广大医务人员都值得我们敬佩，他们在为国家努力的过程中牺牲了。,6701851314,0,广州范丞丞,190,7,f
4469333180701965,Fri Feb 07 14:05:29 +0800 2020,不喜欢这样的事情发生，但是有挡不住，你一路做好,6188764036,0,小张可以优秀,1145,477,f
4469332497492192,Fri Feb 07 14:02:46 +0800 2020,"一路走好<span class=""url-icon""><img alt=[蜡烛] src=""https://h5.sinaimg.cn/m/emoticon/icon/others/o_lazhu-6209fc6e73.png"" 
                style=""width:1em; height:1em;"" /></span><span class=""url-icon""><img alt=[蜡烛] src=""https://h5.sinaimg.cn/m/emoticon/icon/others/o_lazhu-6209fc6e73.png"" 
                style=""width:1em; height:1em;"" /></span>",2660093582,0,Ly120229,105,32,f
4469332354526448,Fri Feb 07 14:02:12 +0800 2020,希望李医生一路走好！天堂没有疼痛～,5653135579,0,富婆加油,118,347,m
4469330459141902,Fri Feb 07 13:54:40 +0800 2020,"<span class=""url-icon""><img alt=[蜡烛] src=""https://h5.sinaimg.cn/m/emoticon/icon/others/o_lazhu-6209fc6e73.png"" 
                style=""width:1em; height:1em;"" /></span><span class=""url-icon""><img alt=[蜡烛] src=""https://h5.sinaimg.cn/m/emoticon/icon/others/o_lazhu-6209fc6e73.png"" 
                style=""width:1em; height:1em;"" /></span><span class=""url-icon""><img alt=[蜡烛] src=""https://h5.sinaimg.cn/m/emoticon/icon/others/o_lazhu-6209fc6e73.png"" 
                style=""width:1em; height:1em;"" /></span>",2970938442,0,世间奥秘千千万,295,277,f
4469333680415470,Fri Feb 07 14:07:28 +0800 2020,"致敬李文亮医生，愿一路走好，我们会加油打赢这场疫情战役的<span class=""url-icon""><img alt=[心] src=""https://h5.sinaimg.cn/m/emoticon/icon/others/l_xin-6912791858.png"" 
                style=""width:1em; height:1em;"" /></span><span class=""url-icon""><img alt=[心] src=""https://h5.sinaimg.cn/m/emoticon/icon/others/l_xin-6912791858.png"" 
                style=""width:1em; height:1em;"" /></span>",5712815991,0,liurui961010,155,17,f
4469333289557081,Fri Feb 07 14:05:55 +0800 2020,"很悲伤的消息一个英雄的离世，愿天堂无伤痛<span class=""url-icon""><img alt=[蜡烛] src=""https://h5.sinaimg.cn/m/emoticon/icon/others/o_lazhu-6209fc6e73.png"" 
                style=""width:1em; height:1em;"" /></span>",6963459773,1,小田最甜a,168,24,f
4469332932865196,Fri Feb 07 14:04:30 +0800 2020,"李医生你是真正的英雄，您一路走好<span class=""url-icon""><img alt=[蜡烛] src=""https://h5.sinaimg.cn/m/emoticon/icon/others/o_lazhu-6209fc6e73.png"" 
                style=""width:1em; height:1em;"" /></span><span class=""url-icon""><img alt=[蜡烛] src=""https://h5.sinaimg.cn/m/emoticon/icon/others/o_lazhu-6209fc6e73.png"" 
                style=""width:1em; height:1em;"" /></span><span class=""url-icon""><img alt=[蜡烛] src=""https://h5.sinaimg.cn/m/emoticon/icon/others/o_lazhu-6209fc6e73.png"" 
                style=""width:1em; height:1em;"" /></span>",5229889171,0,不呐呐崩下卡拉卡,418,65,f
4469332463647080,Fri Feb 07 14:02:38 +0800 2020,李医生一路走好，愿天堂没有疾病。感谢您的付出,5864390758,0,鱼丸粗面靴靴,499,122,f
4469332379783725,Fri Feb 07 14:02:18 +0800 2020,这才是新时代的英雄，我们应该去追崇这些人而不是网红,5221399214,0,JMMyyyy,385,701,m
4469333113838117,Fri Feb 07 14:05:13 +0800 2020,中国加油，武汉加油，我们一定要早日打赢这场战斗,5504569340,1,姐呢i,79,30,f
4469335269151033,Fri Feb 07 14:13:47 +0800 2020,"李医生辛苦了，大早上看到这个都不敢相信，只希望不会再有<span class=""url-icon""><img alt=[泪] src=""https://h5.sinaimg.cn/m/emoticon/icon/default/d_lei-1b4b02f8b1.png"" 
                style=""width:1em; height:1em;"" /></span>",7196060995,0,沐阳宠你,62,12,f
4469334040126992,Fri Feb 07 14:08:54 +0800 2020,为这样的好医生离去痛心，愿到天堂无病痛。,6820328671,0,伪老七,28,26,f
4469333952039761,Fri Feb 07 14:08:33 +0800 2020,每次听到这样的消息，心情都会觉得很沉重,7331046129,0,你可真是个小傻瓜啊,56,39,m
4469333768254258,Fri Feb 07 14:07:49 +0800 2020,"感谢我们逆行的英雄们，只希望你们安好<span class=""url-icon""><img alt=[蜡烛] src=""https://h5.sinaimg.cn/m/emoticon/icon/others/o_lazhu-6209fc6e73.png"" 
                style=""width:1em; height:1em;"" /></span>",5757058598,0,我要打过弹琴的,373,160,f
4469333696534417,Fri Feb 07 14:07:32 +0800 2020,一线工作人员真的是都不容易，真的希望物资供应能够跟得上，让他们可以保护好自己,5538169185,0,淑香如玉,192,32,f
4469333419489211,Fri Feb 07 14:06:26 +0800 2020,今天听到的这个消息真的是太难过了，,5497286186,0,申沐衍,191,572,m
4469333386713739,Fri Feb 07 14:06:18 +0800 2020,道歉,2274917465,0,黄鲸鱼你是我男神6_Z,138,2,m
4469332514324330,Fri Feb 07 14:02:50 +0800 2020,"这是个很悲痛的消息，李医生一路走好<span class=""url-icon""><img alt=[蜡烛] src=""https://h5.sinaimg.cn/m/emoticon/icon/others/o_lazhu-6209fc6e73.png"" 
                style=""width:1em; height:1em;"" /></span>",7325370064,0,Ustinian79974,121,7,f
4469331322887639,Fri Feb 07 13:58:06 +0800 2020,"<span class=""url-icon""><img alt=[蜡烛] src=""https://h5.sinaimg.cn/m/emoticon/icon/others/o_lazhu-6209fc6e73.png"" 
                style=""width:1em; height:1em;"" /></span>",5824452908,1,历史必须由人民书写,222,119,m
4469331519415749,Fri Feb 07 13:58:53 +0800 2020,"🙏🙏🙏<span class=""url-icon""><img alt=[蜡烛] src=""https://h5.sinaimg.cn/m/emoticon/icon/others/o_lazhu-6209fc6e73.png"" 
                style=""width:1em; height:1em;"" /></span><span class=""url-icon""><img alt=[蜡烛] src=""https://h5.sinaimg.cn/m/emoticon/icon/others/o_lazhu-6209fc6e73.png"" 
                style=""width:1em; height:1em;"" /></span><span class=""url-icon""><img alt=[蜡烛] src=""https://h5.sinaimg.cn/m/emoticon/icon/others/o_lazhu-6209fc6e73.png"" 
                style=""width:1em; height:1em;"" /></span>",6312056763,1,顺其自然_39286,194,78,f
4469335562915633,Fri Feb 07 14:14:57 +0800 2020,一路走好,7278667032,0,咬一口可可布朗尼,132,5,f
4469335042760840,Fri Feb 07 14:12:53 +0800 2020,李医生一路走好，感谢你为我们做的一切,7339545310,0,海角天涯201601,10,0,m
4469333822932827,Fri Feb 07 14:08:02 +0800 2020,李医生，您是骄傲，是榜样，您的努力和付出会有回报的,7331212832,0,嗯呀一哈,77,40,m
4469333457967513,Fri Feb 07 14:06:35 +0800 2020,李医生一路走好，愿天堂没有病痛，来世做个更幸福的人,7247356195,0,tuesdayFish,73,1,m
4469332711053021,Fri Feb 07 14:03:37 +0800 2020,希望这次疫情能早日好起来，不要再扩散下去了,7080904993,1,派派der,63,26,f
4469332362597697,Fri Feb 07 14:02:14 +0800 2020,李医生，走好，您的精神会传承下去的，感动😭,7270717050,0,聪哒哒888,144,10,f
4469336058563209,Fri Feb 07 14:16:54 +0800 2020,大家一起抗击病毒众志成城，这是最关键的时候,6020761941,0,送小孩_baby,683,641,f
4469335940214669,Fri Feb 07 14:16:26 +0800 2020,"加油我们一定会早日成功，永远铭记我们的李医生<span class=""url-icon""><img alt=[泪] src=""https://h5.sinaimg.cn/m/emoticon/icon/default/d_lei-1b4b02f8b1.png"" 
                style=""width:1em; height:1em;"" /></span>",7118618173,0,美过貂蝉的我本人,516,1391,f
4469334363278058,Fri Feb 07 14:10:11 +0800 2020,辛苦我们逆行的英雄们，感谢你们的付出，李医生一路走好,3800250385,0,快乐一家happpy,18,137,m
4469333839751169,Fri Feb 07 14:08:05 +0800 2020,真的特别伤心难过了，愿李文亮医生一路走好，祈祷🙏🙏🙏,3221532811,0,薄雾若霜,169,74,f
4469333629924326,Fri Feb 07 14:07:16 +0800 2020,"太突然的不幸，希望在天堂你可以被善待<span class=""url-icon""><img alt=[心] src=""https://h5.sinaimg.cn/m/emoticon/icon/others/l_xin-6912791858.png"" 
                style=""width:1em; height:1em;"" /></span>",6899469244,0,蓝莓奶茶公社,680,372,f
4469333499163439,Fri Feb 07 14:06:44 +0800 2020,"真是太难过了<span class=""url-icon""><img alt=[泪] src=""https://h5.sinaimg.cn/m/emoticon/icon/default/d_lei-1b4b02f8b1.png"" 
                style=""width:1em; height:1em;"" /></span><span class=""url-icon""><img alt=[泪] src=""https://h5.sinaimg.cn/m/emoticon/icon/default/d_lei-1b4b02f8b1.png"" 
                style=""width:1em; height:1em;"" /></span>他为我们付出太多了了",6314712964,0,要安稳咦,1044,594,f
4469333390385678,Fri Feb 07 14:06:19 +0800 2020,心情是无比沉重的，愿一路走好，一起加油打赢这场疫情战役🙏🙏,5627130813,0,惠爱杨,108,23,f
4469333286028150,Fri Feb 07 14:05:54 +0800 2020,一切来的太突然，医务人员要保护好自已的,5664201884,0,何小团丶,702,478,f
4469333185079182,Fri Feb 07 14:05:30 +0800 2020,"许许多多像李医生一样为我们付出的医护人员都要保护好自己<span class=""url-icon""><img alt=[悲伤] src=""https://h5.sinaimg.cn/m/emoticon/icon/default/d_beishang-f8d6de06c8.png"" 
                style=""width:1em; height:1em;"" /></span><span class=""url-icon""><img alt=[悲伤] src=""https://h5.sinaimg.cn/m/emoticon/icon/default/d_beishang-f8d6de06c8.png"" 
                style=""width:1em; height:1em;"" /></span>",6575975722,0,子文超甜,1128,529,f
4469333105683724,Fri Feb 07 14:05:11 +0800 2020,"向李文亮医生致敬，让我们一起加油共渡难关<span class=""url-icon""><img alt=[心] src=""https://h5.sinaimg.cn/m/emoticon/icon/others/l_xin-6912791858.png"" 
                style=""width:1em; height:1em;"" /></span><span class=""url-icon""><img alt=[心] src=""https://h5.sinaimg.cn/m/emoticon/icon/others/l_xin-6912791858.png"" 
                style=""width:1em; height:1em;"" /></span>",5823104307,0,盖世Wong,414,520,m
4469332991783320,Fri Feb 07 14:04:43 +0800 2020,"<span class=""url-icon""><img alt=[泪] src=""https://h5.sinaimg.cn/m/emoticon/icon/default/d_lei-1b4b02f8b1.png"" 
                style=""width:1em; height:1em;"" /></span><span class=""url-icon""><img alt=[泪] src=""https://h5.sinaimg.cn/m/emoticon/icon/default/d_lei-1b4b02f8b1.png"" 
                style=""width:1em; height:1em;"" /></span><span class=""url-icon""><img alt=[泪] src=""https://h5.sinaimg.cn/m/emoticon/icon/default/d_lei-1b4b02f8b1.png"" 
                style=""width:1em; height:1em;"" /></span>这么年轻就去世，真的有点痛心的",7054349532,0,若冬是猪,722,407,f
4469332748503750,Fri Feb 07 14:03:46 +0800 2020,愿一路走好，真的是特别伤心难过了，致敬🙏🙏,5666002853,0,咕噜噜小小熊,250,527,m
4469332464098772,Fri Feb 07 14:02:38 +0800 2020,希望李文亮医生一路走好，愿天堂再无痛苦🙏🙏,5797534420,0,Blingfairly,310,65,f
4469331881034864,Fri Feb 07 14:00:18 +0800 2020,"李医生一路走好<span class=""url-icon""><img alt=[悲伤] src=""https://h5.sinaimg.cn/m/emoticon/icon/default/d_beishang-f8d6de06c8.png"" 
                style=""width:1em; height:1em;"" /></span><span class=""url-icon""><img alt=[悲伤] src=""https://h5.sinaimg.cn/m/emoticon/icon/default/d_beishang-f8d6de06c8.png"" 
                style=""width:1em; height:1em;"" /></span>看到这个消息好难过",6086514241,2,孝牙套妹Aimee,846,244,f
4469331309790997,Fri Feb 07 13:58:03 +0800 2020,李医生您走好！,7387583412,2,舟心2020,53,2,m
4469329778920876,Fri Feb 07 13:51:57 +0800 2020,轉發微博,3476622610,3,達奇鴨,1212,752,m
