﻿4469259193369308,Fri Feb 07 09:11:29 +0800 2020,"一路走好<span class=""url-icon""><img alt=[蜡烛] src=""https://h5.sinaimg.cn/m/emoticon/icon/others/o_lazhu-6209fc6e73.png"" 
                style=""width:1em; height:1em;"" /></span><span class=""url-icon""><img alt=[蜡烛] src=""https://h5.sinaimg.cn/m/emoticon/icon/others/o_lazhu-6209fc6e73.png"" 
                style=""width:1em; height:1em;"" /></span><span class=""url-icon""><img alt=[蜡烛] src=""https://h5.sinaimg.cn/m/emoticon/icon/others/o_lazhu-6209fc6e73.png"" 
                style=""width:1em; height:1em;"" /></span><span class=""url-icon""><img alt=[蜡烛] src=""https://h5.sinaimg.cn/m/emoticon/icon/others/o_lazhu-6209fc6e73.png"" 
                style=""width:1em; height:1em;"" /></span><span class=""url-icon""><img alt=[蜡烛] src=""https://h5.sinaimg.cn/m/emoticon/icon/others/o_lazhu-6209fc6e73.png"" 
                style=""width:1em; height:1em;"" /></span>",6152964578,81,一朵折春风,350,196,m
4469259713130193,Fri Feb 07 09:13:32 +0800 2020,"您是天使是最可敬的人，您一路走好<span class=""url-icon""><img alt=[蜡烛] src=""https://h5.sinaimg.cn/m/emoticon/icon/others/o_lazhu-6209fc6e73.png"" 
                style=""width:1em; height:1em;"" /></span>",6340625137,54,李小辛,192,1205,m
4469259864215562,Fri Feb 07 09:14:09 +0800 2020,为什么会医治无效呢，他才三十几岁，唉。,1912293501,61,蝉鸣贰夏,177,58,m
4469260497543909,Fri Feb 07 09:16:40 +0800 2020,时间⌚️,1728566971,39,刘杨2180,187,250,f
4469259507630931,Fri Feb 07 09:12:44 +0800 2020,痛心,3399234300,20,monkey_yi801118,471,51,m
4469259088720628,Fri Feb 07 09:11:04 +0800 2020,一路走好🙏🙏🙏,3197677287,21,随风上善若水,196,60,f
4469260706910723,Fri Feb 07 09:17:30 +0800 2020,"一路走好<span class=""url-icon""><img alt=[蜡烛] src=""https://h5.sinaimg.cn/m/emoticon/icon/others/o_lazhu-6209fc6e73.png"" 
                style=""width:1em; height:1em;"" /></span><span class=""url-icon""><img alt=[蜡烛] src=""https://h5.sinaimg.cn/m/emoticon/icon/others/o_lazhu-6209fc6e73.png"" 
                style=""width:1em; height:1em;"" /></span><span class=""url-icon""><img alt=[蜡烛] src=""https://h5.sinaimg.cn/m/emoticon/icon/others/o_lazhu-6209fc6e73.png"" 
                style=""width:1em; height:1em;"" /></span>",1253538401,11,冷面和烧烤,456,2683,f
4469260284075667,Fri Feb 07 09:15:49 +0800 2020,"痛心 李医生安息<span class=""url-icon""><img alt=[蜡烛] src=""https://h5.sinaimg.cn/m/emoticon/icon/others/o_lazhu-6209fc6e73.png"" 
                style=""width:1em; height:1em;"" /></span>",2586633824,12,大基之巅,939,224,m
4469259147562004,Fri Feb 07 09:11:18 +0800 2020,"<span class=""url-icon""><img alt=[蜡烛] src=""https://h5.sinaimg.cn/m/emoticon/icon/others/o_lazhu-6209fc6e73.png"" 
                style=""width:1em; height:1em;"" /></span><span class=""url-icon""><img alt=[蜡烛] src=""https://h5.sinaimg.cn/m/emoticon/icon/others/o_lazhu-6209fc6e73.png"" 
                style=""width:1em; height:1em;"" /></span><span class=""url-icon""><img alt=[蜡烛] src=""https://h5.sinaimg.cn/m/emoticon/icon/others/o_lazhu-6209fc6e73.png"" 
                style=""width:1em; height:1em;"" /></span>一路走好<span class=""url-icon""><img alt=[悲伤] src=""https://h5.sinaimg.cn/m/emoticon/icon/default/d_beishang-f8d6de06c8.png"" 
                style=""width:1em; height:1em;"" /></span>",5633002560,8,溜达一圈祝朱一龙0416生日快乐,260,8,f
4469259621487895,Fri Feb 07 09:13:11 +0800 2020,"一路走好<span class=""url-icon""><img alt=[蜡烛] src=""https://h5.sinaimg.cn/m/emoticon/icon/others/o_lazhu-6209fc6e73.png"" 
                style=""width:1em; height:1em;"" /></span><span class=""url-icon""><img alt=[蜡烛] src=""https://h5.sinaimg.cn/m/emoticon/icon/others/o_lazhu-6209fc6e73.png"" 
                style=""width:1em; height:1em;"" /></span><span class=""url-icon""><img alt=[蜡烛] src=""https://h5.sinaimg.cn/m/emoticon/icon/others/o_lazhu-6209fc6e73.png"" 
                style=""width:1em; height:1em;"" /></span>",5642440086,14,Radish丸子,112,133,f
4469259759151119,Fri Feb 07 09:13:44 +0800 2020,一路走好,1773373552,8,吴总管,275,180,f
4469260581995309,Fri Feb 07 09:17:00 +0800 2020,"李医生一路走好<span class=""url-icon""><img alt=[泪] src=""https://h5.sinaimg.cn/m/emoticon/icon/default/d_lei-1b4b02f8b1.png"" 
                style=""width:1em; height:1em;"" /></span>天堂里没有瘟疫没有病痛<span class=""url-icon""><img alt=[蜡烛] src=""https://h5.sinaimg.cn/m/emoticon/icon/others/o_lazhu-6209fc6e73.png"" 
                style=""width:1em; height:1em;"" /></span><span class=""url-icon""><img alt=[蜡烛] src=""https://h5.sinaimg.cn/m/emoticon/icon/others/o_lazhu-6209fc6e73.png"" 
                style=""width:1em; height:1em;"" /></span><span class=""url-icon""><img alt=[蜡烛] src=""https://h5.sinaimg.cn/m/emoticon/icon/others/o_lazhu-6209fc6e73.png"" 
                style=""width:1em; height:1em;"" /></span><span class=""url-icon""><img alt=[蜡烛] src=""https://h5.sinaimg.cn/m/emoticon/icon/others/o_lazhu-6209fc6e73.png"" 
                style=""width:1em; height:1em;"" /></span>",1021653645,7,月下漫步的猫1201,218,116,f
4469260853779732,Fri Feb 07 09:18:04 +0800 2020,"<span class=""url-icon""><img alt=[蜡烛] src=""https://h5.sinaimg.cn/m/emoticon/icon/others/o_lazhu-6209fc6e73.png"" 
                style=""width:1em; height:1em;"" /></span>",7313264249,6,LBSTSA,289,9,m
4469260094641760,Fri Feb 07 09:15:03 +0800 2020,你是一位真正的白衣天使。。。,2015735951,5,我就是想改个昵称111,55,99,m
4469260611415784,Fri Feb 07 09:17:07 +0800 2020,走好,2412581051,4,车路士99号,850,340,m
4469260858332287,Fri Feb 07 09:18:06 +0800 2020,🙏🙏🙏,7056225236,4,向着阳光呼吸的叶子,259,18,f
4469260736972163,Fri Feb 07 09:17:36 +0800 2020,"<span class=""url-icon""><img alt=[蜡烛] src=""https://h5.sinaimg.cn/m/emoticon/icon/others/o_lazhu-6209fc6e73.png"" 
                style=""width:1em; height:1em;"" /></span><span class=""url-icon""><img alt=[蜡烛] src=""https://h5.sinaimg.cn/m/emoticon/icon/others/o_lazhu-6209fc6e73.png"" 
                style=""width:1em; height:1em;"" /></span><span class=""url-icon""><img alt=[蜡烛] src=""https://h5.sinaimg.cn/m/emoticon/icon/others/o_lazhu-6209fc6e73.png"" 
                style=""width:1em; height:1em;"" /></span><span class=""url-icon""><img alt=[蜡烛] src=""https://h5.sinaimg.cn/m/emoticon/icon/others/o_lazhu-6209fc6e73.png"" 
                style=""width:1em; height:1em;"" /></span><span class=""url-icon""><img alt=[蜡烛] src=""https://h5.sinaimg.cn/m/emoticon/icon/others/o_lazhu-6209fc6e73.png"" 
                style=""width:1em; height:1em;"" /></span>",1702101491,2,开心的奥斯特洛夫斯基,1415,728,f
4469260782920261,Fri Feb 07 09:17:48 +0800 2020,"<span class=""url-icon""><img alt=[蜡烛] src=""https://h5.sinaimg.cn/m/emoticon/icon/others/o_lazhu-6209fc6e73.png"" 
                style=""width:1em; height:1em;"" /></span><span class=""url-icon""><img alt=[蜡烛] src=""https://h5.sinaimg.cn/m/emoticon/icon/others/o_lazhu-6209fc6e73.png"" 
                style=""width:1em; height:1em;"" /></span><span class=""url-icon""><img alt=[蜡烛] src=""https://h5.sinaimg.cn/m/emoticon/icon/others/o_lazhu-6209fc6e73.png"" 
                style=""width:1em; height:1em;"" /></span>",5713714067,1,往事尽在笑谈中,398,185,m
4469260665790122,Fri Feb 07 09:17:20 +0800 2020,一路走好🙏🙏🙏,6409301358,2,我出一对J,278,81,m
4469259775961012,Fri Feb 07 09:13:47 +0800 2020,"<span class=""url-icon""><img alt=[蜡烛] src=""https://h5.sinaimg.cn/m/emoticon/icon/others/o_lazhu-6209fc6e73.png"" 
                style=""width:1em; height:1em;"" /></span><span class=""url-icon""><img alt=[蜡烛] src=""https://h5.sinaimg.cn/m/emoticon/icon/others/o_lazhu-6209fc6e73.png"" 
                style=""width:1em; height:1em;"" /></span><span class=""url-icon""><img alt=[蜡烛] src=""https://h5.sinaimg.cn/m/emoticon/icon/others/o_lazhu-6209fc6e73.png"" 
                style=""width:1em; height:1em;"" /></span>",2104848152,1,Q_Q青青,577,84,f
4469260581723684,Fri Feb 07 09:17:00 +0800 2020,一路走好，上帝保佑,5296682009,0,像做长发飘飘的她,78,56,f
4469260480663496,Fri Feb 07 09:16:36 +0800 2020,"<span class=""url-icon""><img alt=[蜡烛] src=""https://h5.sinaimg.cn/m/emoticon/icon/others/o_lazhu-6209fc6e73.png"" 
                style=""width:1em; height:1em;"" /></span><span class=""url-icon""><img alt=[蜡烛] src=""https://h5.sinaimg.cn/m/emoticon/icon/others/o_lazhu-6209fc6e73.png"" 
                style=""width:1em; height:1em;"" /></span><span class=""url-icon""><img alt=[蜡烛] src=""https://h5.sinaimg.cn/m/emoticon/icon/others/o_lazhu-6209fc6e73.png"" 
                style=""width:1em; height:1em;"" /></span>",3822769817,1,梦的引子,210,151,f
4469260451967604,Fri Feb 07 09:16:29 +0800 2020,医者仁心,1775997375,0,菟子小宝,56,63,f
4469260438621956,Fri Feb 07 09:16:26 +0800 2020,"<span class=""url-icon""><img alt=[蜡烛] src=""https://h5.sinaimg.cn/m/emoticon/icon/others/o_lazhu-6209fc6e73.png"" 
                style=""width:1em; height:1em;"" /></span>",1881192241,0,某也,647,552,m
4469260413869985,Fri Feb 07 09:16:20 +0800 2020,"一路走好！<span class=""url-icon""><img alt=[蜡烛] src=""https://h5.sinaimg.cn/m/emoticon/icon/others/o_lazhu-6209fc6e73.png"" 
                style=""width:1em; height:1em;"" /></span>",1741648881,0,艺术起源于生活,25,489,m
4469260376562810,Fri Feb 07 09:16:11 +0800 2020,一路走好,3672210707,0,喵星人加冕,527,132,f
4469260330310536,Fri Feb 07 09:16:00 +0800 2020,"<span class=""url-icon""><img alt=[蜡烛] src=""https://h5.sinaimg.cn/m/emoticon/icon/others/o_lazhu-6209fc6e73.png"" 
                style=""width:1em; height:1em;"" /></span><span class=""url-icon""><img alt=[蜡烛] src=""https://h5.sinaimg.cn/m/emoticon/icon/others/o_lazhu-6209fc6e73.png"" 
                style=""width:1em; height:1em;"" /></span><span class=""url-icon""><img alt=[蜡烛] src=""https://h5.sinaimg.cn/m/emoticon/icon/others/o_lazhu-6209fc6e73.png"" 
                style=""width:1em; height:1em;"" /></span><span class=""url-icon""><img alt=[蜡烛] src=""https://h5.sinaimg.cn/m/emoticon/icon/others/o_lazhu-6209fc6e73.png"" 
                style=""width:1em; height:1em;"" /></span><span class=""url-icon""><img alt=[蜡烛] src=""https://h5.sinaimg.cn/m/emoticon/icon/others/o_lazhu-6209fc6e73.png"" 
                style=""width:1em; height:1em;"" /></span><span class=""url-icon""><img alt=[蜡烛] src=""https://h5.sinaimg.cn/m/emoticon/icon/others/o_lazhu-6209fc6e73.png"" 
                style=""width:1em; height:1em;"" /></span>",3522862662,0,璽燚88,221,92,f
4469260321137623,Fri Feb 07 09:15:57 +0800 2020,"<span class=""url-icon""><img alt=[伤心] src=""https://h5.sinaimg.cn/m/emoticon/icon/others/l_shangxin-934f730572.png"" 
                style=""width:1em; height:1em;"" /></span><span class=""url-icon""><img alt=[伤心] src=""https://h5.sinaimg.cn/m/emoticon/icon/others/l_shangxin-934f730572.png"" 
                style=""width:1em; height:1em;"" /></span><span class=""url-icon""><img alt=[伤心] src=""https://h5.sinaimg.cn/m/emoticon/icon/others/l_shangxin-934f730572.png"" 
                style=""width:1em; height:1em;"" /></span>",1075492207,0,做梦的仆人,325,510,f
4469260182953977,Fri Feb 07 09:15:25 +0800 2020,"一路走好<span class=""url-icon""><img alt=[蜡烛] src=""https://h5.sinaimg.cn/m/emoticon/icon/others/o_lazhu-6209fc6e73.png"" 
                style=""width:1em; height:1em;"" /></span><span class=""url-icon""><img alt=[蜡烛] src=""https://h5.sinaimg.cn/m/emoticon/icon/others/o_lazhu-6209fc6e73.png"" 
                style=""width:1em; height:1em;"" /></span><span class=""url-icon""><img alt=[蜡烛] src=""https://h5.sinaimg.cn/m/emoticon/icon/others/o_lazhu-6209fc6e73.png"" 
                style=""width:1em; height:1em;"" /></span><span class=""url-icon""><img alt=[蜡烛] src=""https://h5.sinaimg.cn/m/emoticon/icon/others/o_lazhu-6209fc6e73.png"" 
                style=""width:1em; height:1em;"" /></span><span class=""url-icon""><img alt=[蜡烛] src=""https://h5.sinaimg.cn/m/emoticon/icon/others/o_lazhu-6209fc6e73.png"" 
                style=""width:1em; height:1em;"" /></span>",1933380765,0,记忆中的-小溪,541,1002,f
4469260183459014,Fri Feb 07 09:15:25 +0800 2020,"<span class=""url-icon""><img alt=[蜡烛] src=""https://h5.sinaimg.cn/m/emoticon/icon/others/o_lazhu-6209fc6e73.png"" 
                style=""width:1em; height:1em;"" /></span>",1939735882,0,Kepler629b,318,383,m
4469260115950384,Fri Feb 07 09:15:09 +0800 2020,"<span class=""url-icon""><img alt=[蜡烛] src=""https://h5.sinaimg.cn/m/emoticon/icon/others/o_lazhu-6209fc6e73.png"" 
                style=""width:1em; height:1em;"" /></span><span class=""url-icon""><img alt=[蜡烛] src=""https://h5.sinaimg.cn/m/emoticon/icon/others/o_lazhu-6209fc6e73.png"" 
                style=""width:1em; height:1em;"" /></span><span class=""url-icon""><img alt=[蜡烛] src=""https://h5.sinaimg.cn/m/emoticon/icon/others/o_lazhu-6209fc6e73.png"" 
                style=""width:1em; height:1em;"" /></span>",2808983801,0,快乐的行走99,174,1081,f
4469259989816998,Fri Feb 07 09:14:39 +0800 2020,<a href='/n/平安武汉'>@平安武汉</a>,1689151001,1,围嘴儿的马甲,323,381,m
4469259956444808,Fri Feb 07 09:14:30 +0800 2020,一路走好,5482157320,0,禹茗轩0206,257,66,m
4469259943578429,Fri Feb 07 09:14:28 +0800 2020,一路走好！,3768939001,0,大桃子V1,59,268,f
4469259931481547,Fri Feb 07 09:14:25 +0800 2020,一路走好,1768687967,0,虹_彩虹的虹,305,339,f
4469259822749334,Fri Feb 07 09:13:58 +0800 2020,走好🕯️,5945371444,0,最凶的那只霸王龙,137,11,f
4469259771766229,Fri Feb 07 09:13:47 +0800 2020,一路走好,6664854080,0,橘生淮南he,139,15,f
4469259679762039,Fri Feb 07 09:13:25 +0800 2020,"一路走好<span class=""url-icon""><img alt=[蜡烛] src=""https://h5.sinaimg.cn/m/emoticon/icon/others/o_lazhu-6209fc6e73.png"" 
                style=""width:1em; height:1em;"" /></span><span class=""url-icon""><img alt=[蜡烛] src=""https://h5.sinaimg.cn/m/emoticon/icon/others/o_lazhu-6209fc6e73.png"" 
                style=""width:1em; height:1em;"" /></span><span class=""url-icon""><img alt=[蜡烛] src=""https://h5.sinaimg.cn/m/emoticon/icon/others/o_lazhu-6209fc6e73.png"" 
                style=""width:1em; height:1em;"" /></span>",5745509714,0,斌亲darling颖,458,130,f
4469259675558370,Fri Feb 07 09:13:24 +0800 2020,谢谢你🙏一路走好,5082359993,0,-八十分之一,212,88,f
4469259578651237,Fri Feb 07 09:13:01 +0800 2020,"您是英雄，一路走好<span class=""url-icon""><img alt=[蜡烛] src=""https://h5.sinaimg.cn/m/emoticon/icon/others/o_lazhu-6209fc6e73.png"" 
                style=""width:1em; height:1em;"" /></span>",3835618861,1,歌乐山小沙弥,166,478,m
4469259571044799,Fri Feb 07 09:12:59 +0800 2020,🙏,1746853223,0,世间百态12,720,734,m
4469259494818211,Fri Feb 07 09:12:41 +0800 2020,"悲痛<span class=""url-icon""><img alt=[蜡烛] src=""https://h5.sinaimg.cn/m/emoticon/icon/others/o_lazhu-6209fc6e73.png"" 
                style=""width:1em; height:1em;"" /></span>",6352744970,0,终于有了狗,264,71,f
4469259101164656,Fri Feb 07 09:11:06 +0800 2020,"🙏🙏🙏<span class=""url-icon""><img alt=[泪] src=""https://h5.sinaimg.cn/m/emoticon/icon/default/d_lei-1b4b02f8b1.png"" 
                style=""width:1em; height:1em;"" /></span><span class=""url-icon""><img alt=[泪] src=""https://h5.sinaimg.cn/m/emoticon/icon/default/d_lei-1b4b02f8b1.png"" 
                style=""width:1em; height:1em;"" /></span><span class=""url-icon""><img alt=[泪] src=""https://h5.sinaimg.cn/m/emoticon/icon/default/d_lei-1b4b02f8b1.png"" 
                style=""width:1em; height:1em;"" /></span>",7266417990,0,雪無痕67666,266,131,m
4469259033923859,Fri Feb 07 09:10:50 +0800 2020,"安息。<span class=""url-icon""><img alt=[蜡烛] src=""https://h5.sinaimg.cn/m/emoticon/icon/others/o_lazhu-6209fc6e73.png"" 
                style=""width:1em; height:1em;"" /></span>",1040210251,0,felicity媛媛,73,55,f
4469260409193401,Fri Feb 07 09:16:19 +0800 2020,"一路走好<span class=""url-icon""><img alt=[蜡烛] src=""https://h5.sinaimg.cn/m/emoticon/icon/others/o_lazhu-6209fc6e73.png"" 
                style=""width:1em; height:1em;"" /></span><span class=""url-icon""><img alt=[蜡烛] src=""https://h5.sinaimg.cn/m/emoticon/icon/others/o_lazhu-6209fc6e73.png"" 
                style=""width:1em; height:1em;"" /></span><span class=""url-icon""><img alt=[蜡烛] src=""https://h5.sinaimg.cn/m/emoticon/icon/others/o_lazhu-6209fc6e73.png"" 
                style=""width:1em; height:1em;"" /></span>",5636780089,1,小仲大夫,513,1759,m
4469260400784760,Fri Feb 07 09:16:17 +0800 2020,……,6707938220,0,白眼超人,139,1277,f
4469260338712131,Fri Feb 07 09:16:01 +0800 2020,"好医生李文亮一路走好<span class=""url-icon""><img alt=[泪] src=""https://h5.sinaimg.cn/m/emoticon/icon/default/d_lei-1b4b02f8b1.png"" 
                style=""width:1em; height:1em;"" /></span><span class=""url-icon""><img alt=[泪] src=""https://h5.sinaimg.cn/m/emoticon/icon/default/d_lei-1b4b02f8b1.png"" 
                style=""width:1em; height:1em;"" /></span><span class=""url-icon""><img alt=[泪] src=""https://h5.sinaimg.cn/m/emoticon/icon/default/d_lei-1b4b02f8b1.png"" 
                style=""width:1em; height:1em;"" /></span>",6261121695,2,马祖民6261121695,216,104,m
4469260854685133,Fri Feb 07 09:18:05 +0800 2020,"<span class=""url-icon""><img alt=[蜡烛] src=""https://h5.sinaimg.cn/m/emoticon/icon/others/o_lazhu-6209fc6e73.png"" 
                style=""width:1em; height:1em;"" /></span><span class=""url-icon""><img alt=[蜡烛] src=""https://h5.sinaimg.cn/m/emoticon/icon/others/o_lazhu-6209fc6e73.png"" 
                style=""width:1em; height:1em;"" /></span><span class=""url-icon""><img alt=[蜡烛] src=""https://h5.sinaimg.cn/m/emoticon/icon/others/o_lazhu-6209fc6e73.png"" 
                style=""width:1em; height:1em;"" /></span>沉痛哀悼",3499556434,0,Djm606,9,20,f
4469260652849963,Fri Feb 07 09:17:17 +0800 2020,"一路走好<span class=""url-icon""><img alt=[蜡烛] src=""https://h5.sinaimg.cn/m/emoticon/icon/others/o_lazhu-6209fc6e73.png"" 
                style=""width:1em; height:1em;"" /></span><span class=""url-icon""><img alt=[蜡烛] src=""https://h5.sinaimg.cn/m/emoticon/icon/others/o_lazhu-6209fc6e73.png"" 
                style=""width:1em; height:1em;"" /></span><span class=""url-icon""><img alt=[蜡烛] src=""https://h5.sinaimg.cn/m/emoticon/icon/others/o_lazhu-6209fc6e73.png"" 
                style=""width:1em; height:1em;"" /></span>",6415164317,0,活在一个老鼠追猫的世界,153,1,m
4469260468109039,Fri Feb 07 09:16:33 +0800 2020,🙏🙏🙏🙏,2043814960,0,利布瑞瑅,921,325,m
4469259981406139,Fri Feb 07 09:14:36 +0800 2020,真的很悲痛，,5385852545,2,一如既往-199710,317,0,m
4469259973816966,Fri Feb 07 09:14:35 +0800 2020,走好英雄,6328267631,0,偶尔神经的水瓶座,27,0,f
4469259872618897,Fri Feb 07 09:14:10 +0800 2020,一路走好🙏🙏🙏,2463802895,0,微乐如笑,411,194,m
