﻿4469470682330946,Fri Feb 07 23:11:52 +0800 2020,既然中央来彻查，相信一定会给社会一个交代。 当前最紧迫、最重要的工作还是万众一心、同舟共济、坚定信心，精准施策、战胜肺炎！,1789603167,165,青年编辑,1786,573,m
4469470695652798,Fri Feb 07 23:11:55 +0800 2020,一切以事实为依据，只是必须明确一点，网络舆论并不是一面倒，更不是代表所有中国人。期待中央调查组的结论早日出台。,6188767777,103,我已拈花来,476,198,m
4469470388953933,Fri Feb 07 23:10:42 +0800 2020,"一路走好<span class=""url-icon""><img alt=[蜡烛] src=""https://h5.sinaimg.cn/m/emoticon/icon/others/o_lazhu-6209fc6e73.png"" 
                style=""width:1em; height:1em;"" /></span><span class=""url-icon""><img alt=[蜡烛] src=""https://h5.sinaimg.cn/m/emoticon/icon/others/o_lazhu-6209fc6e73.png"" 
                style=""width:1em; height:1em;"" /></span><span class=""url-icon""><img alt=[蜡烛] src=""https://h5.sinaimg.cn/m/emoticon/icon/others/o_lazhu-6209fc6e73.png"" 
                style=""width:1em; height:1em;"" /></span>",6152964578,59,一朵折春风,350,196,m
4469471664079938,Fri Feb 07 23:15:46 +0800 2020,"<span class=""url-icon""><img alt=[蜡烛] src=""https://h5.sinaimg.cn/m/emoticon/icon/others/o_lazhu-6209fc6e73.png"" 
                style=""width:1em; height:1em;"" /></span><span class=""url-icon""><img alt=[蜡烛] src=""https://h5.sinaimg.cn/m/emoticon/icon/others/o_lazhu-6209fc6e73.png"" 
                style=""width:1em; height:1em;"" /></span><span class=""url-icon""><img alt=[蜡烛] src=""https://h5.sinaimg.cn/m/emoticon/icon/others/o_lazhu-6209fc6e73.png"" 
                style=""width:1em; height:1em;"" /></span>愿天堂没有疫情，希望给李医生一个公正的说法！",6582920476,33,前线小面包,526,127745,f
4469470040652043,Fri Feb 07 23:09:19 +0800 2020,英雄一路走好,5895046478,12,狗粮小君,335,935520,f
4469470166829262,Fri Feb 07 23:09:49 +0800 2020,"希望给他一个清白！<span class=""url-icon""><img alt=[悲伤] src=""https://h5.sinaimg.cn/m/emoticon/icon/default/d_beishang-f8d6de06c8.png"" 
                style=""width:1em; height:1em;"" /></span><span class=""url-icon""><img alt=[悲伤] src=""https://h5.sinaimg.cn/m/emoticon/icon/default/d_beishang-f8d6de06c8.png"" 
                style=""width:1em; height:1em;"" /></span>",6987120980,11,古默雅,101,63,f
4469471336524602,Fri Feb 07 23:14:28 +0800 2020,"一路走好<span class=""url-icon""><img alt=[心] src=""https://h5.sinaimg.cn/m/emoticon/icon/others/l_xin-6912791858.png"" 
                style=""width:1em; height:1em;"" /></span><span class=""url-icon""><img alt=[心] src=""https://h5.sinaimg.cn/m/emoticon/icon/others/l_xin-6912791858.png"" 
                style=""width:1em; height:1em;"" /></span>",5485598287,10,旅行喵喵酱,1399,29816,m
4469471102560361,Fri Feb 07 23:13:31 +0800 2020,"一路走好<span class=""url-icon""><img alt=[蜡烛] src=""https://h5.sinaimg.cn/m/emoticon/icon/others/o_lazhu-6209fc6e73.png"" 
                style=""width:1em; height:1em;"" /></span><span class=""url-icon""><img alt=[蜡烛] src=""https://h5.sinaimg.cn/m/emoticon/icon/others/o_lazhu-6209fc6e73.png"" 
                style=""width:1em; height:1em;"" /></span><span class=""url-icon""><img alt=[蜡烛] src=""https://h5.sinaimg.cn/m/emoticon/icon/others/o_lazhu-6209fc6e73.png"" 
                style=""width:1em; height:1em;"" /></span>",5850294859,5,段段小财迷吖,500,727,f
4469470799695190,Fri Feb 07 23:12:20 +0800 2020,一路走好，白衣战士,5127472835,4,静听37,292,44,f
4469470145569145,Fri Feb 07 23:09:44 +0800 2020,好医生一路走好！,5200292482,5,齐天洪福6910,1336,622,m
4469474105659964,Fri Feb 07 23:25:27 +0800 2020,致敬李文亮医生 他永远在我们心中,7132590063,5,自娱自乐ying,228,223,f
4469473920159332,Fri Feb 07 23:24:44 +0800 2020,"缅怀李文亮 他是民族英雄 值得敬佩<span class=""url-icon""><img alt=[允悲] src=""https://h5.sinaimg.cn/m/emoticon/icon/default/d_yunbei-9aa3c436a4.png"" 
                style=""width:1em; height:1em;"" /></span>",6352030555,4,吉吉小仙女嘻嘻,409,499,f
4469474935454701,Fri Feb 07 23:28:46 +0800 2020,相信一定会给社会一个交代，给他们的家人一个交代。,5218109557,3,蓝色·骨头,46,93,m
4469474906508170,Fri Feb 07 23:28:38 +0800 2020,"医护人员们就是最伟大的 加油<span class=""url-icon""><img alt=[太开心] src=""https://h5.sinaimg.cn/m/emoticon/icon/default/d_taikaixin-97bd3f82d6.png"" 
                style=""width:1em; height:1em;"" /></span>",7004685880,0,殇我爱你皮皮,141,508,m
4469474599803752,Fri Feb 07 23:27:26 +0800 2020,"希望天堂一切都好<span class=""url-icon""><img alt=[嘻嘻] src=""https://h5.sinaimg.cn/m/emoticon/icon/default/d_xixi-813ededea2.png"" 
                style=""width:1em; height:1em;"" /></span><span class=""url-icon""><img alt=[嘻嘻] src=""https://h5.sinaimg.cn/m/emoticon/icon/default/d_xixi-813ededea2.png"" 
                style=""width:1em; height:1em;"" /></span>我们的英雄李文亮<span class=""url-icon""><img alt=[爱你] src=""https://h5.sinaimg.cn/m/emoticon/icon/default/d_aini-4a23c0524a.png"" 
                style=""width:1em; height:1em;"" /></span>",6076662466,0,度过了个三年,1352,1119,f
4469474410899789,Fri Feb 07 23:26:40 +0800 2020,李文亮医生是我们的英雄 一路走好,3317429141,0,知我者谓我心m,943,316,f
4469473350730109,Fri Feb 07 23:22:28 +0800 2020,"英雄一路走好<span class=""url-icon""><img alt=[蜡烛] src=""https://h5.sinaimg.cn/m/emoticon/icon/others/o_lazhu-6209fc6e73.png"" 
                style=""width:1em; height:1em;"" /></span><span class=""url-icon""><img alt=[蜡烛] src=""https://h5.sinaimg.cn/m/emoticon/icon/others/o_lazhu-6209fc6e73.png"" 
                style=""width:1em; height:1em;"" /></span><span class=""url-icon""><img alt=[蜡烛] src=""https://h5.sinaimg.cn/m/emoticon/icon/others/o_lazhu-6209fc6e73.png"" 
                style=""width:1em; height:1em;"" /></span>",3212723237,1,沐沐木有圈,221,1152,f
4469473136578102,Fri Feb 07 23:21:37 +0800 2020,英雄一路走好,5040395860,0,a阿峰0,127,70,m
4469471806250500,Fri Feb 07 23:16:20 +0800 2020,一路走好,5662496963,0,hxw时迁,108,63,m
4469474545710725,Fri Feb 07 23:27:12 +0800 2020,希望医护人员都能够保证自己的身体健康,5113963927,1,-抢我辣条还想跑-,524,97,m
4469474453123314,Fri Feb 07 23:26:50 +0800 2020,"愿天堂没有病痛 李文亮医生值得永远被我们铭记<span class=""url-icon""><img alt=[鲜花] src=""https://h5.sinaimg.cn/m/emoticon/icon/others/w_xianhua-6efa26efdf.png"" 
                style=""width:1em; height:1em;"" /></span><span class=""url-icon""><img alt=[鲜花] src=""https://h5.sinaimg.cn/m/emoticon/icon/others/w_xianhua-6efa26efdf.png"" 
                style=""width:1em; height:1em;"" /></span>",5584665915,0,咕咕咕鸽鸽咕,254,65,f
4469474415498985,Fri Feb 07 23:26:42 +0800 2020,英雄，我们会永远记得你，你是最棒的,6310131556,0,鲸落stary,162,24,f
4469474889942151,Fri Feb 07 23:28:34 +0800 2020,逝者安息！英雄一路走好！我们会继续战胜疫情！,5578490057,1,在路上7758_321,242,221,m
4469476600563249,Fri Feb 07 23:35:22 +0800 2020,这样的医生值得我们敬佩，向英雄致敬,6663736529,1,無人知于,394,24,f
4469474810202338,Fri Feb 07 23:28:16 +0800 2020,谢谢你，谢谢这位勇敢的医生,7042242062,1,圆圆超超儿,389,15,f
4469473404417773,Fri Feb 07 23:22:41 +0800 2020,致敬,5643712431,0,简单爱简单单,51,1,m
4469480081791034,Fri Feb 07 23:49:13 +0800 2020,希望李文亮医生一路走好！真的很惋惜！,6591078455,0,心里ZUI,29,10,f
4469474063116821,Fri Feb 07 23:25:18 +0800 2020,英雄一路走好！,6533494268,0,杰克船长86533494268,136,42,f
4469471798304159,Fri Feb 07 23:16:18 +0800 2020,一路走好,6484329047,0,思思魔法狮赞,110,27,f
4469471723180188,Fri Feb 07 23:16:00 +0800 2020,"一路走好<span class=""url-icon""><img alt=[蜡烛] src=""https://h5.sinaimg.cn/m/emoticon/icon/others/o_lazhu-6209fc6e73.png"" 
                style=""width:1em; height:1em;"" /></span>",5947020913,1,不忘初心990331,145,700,f
4469470842508716,Fri Feb 07 23:12:30 +0800 2020,"<span class=""url-icon""><img alt=[蜡烛] src=""https://h5.sinaimg.cn/m/emoticon/icon/others/o_lazhu-6209fc6e73.png"" 
                style=""width:1em; height:1em;"" /></span><span class=""url-icon""><img alt=[蜡烛] src=""https://h5.sinaimg.cn/m/emoticon/icon/others/o_lazhu-6209fc6e73.png"" 
                style=""width:1em; height:1em;"" /></span><span class=""url-icon""><img alt=[蜡烛] src=""https://h5.sinaimg.cn/m/emoticon/icon/others/o_lazhu-6209fc6e73.png"" 
                style=""width:1em; height:1em;"" /></span><span class=""url-icon""><img alt=[蜡烛] src=""https://h5.sinaimg.cn/m/emoticon/icon/others/o_lazhu-6209fc6e73.png"" 
                style=""width:1em; height:1em;"" /></span><span class=""url-icon""><img alt=[蜡烛] src=""https://h5.sinaimg.cn/m/emoticon/icon/others/o_lazhu-6209fc6e73.png"" 
                style=""width:1em; height:1em;"" /></span>",5522752194,0,一条小布丁吖,393,39,m
4469470775140616,Fri Feb 07 23:12:14 +0800 2020,致敬！,5522752194,0,一条小布丁吖,393,39,m
4469474801785662,Fri Feb 07 23:28:14 +0800 2020,愿天堂没有病魔，你永远是我心中的英雄，很敬佩你,6531012700,0,广州佳希姐,230,24,f
4469474713874044,Fri Feb 07 23:27:53 +0800 2020,永远是我们心中的英雄，向他致敬了，希望家人能够不要太难过,5582467177,0,张惠芳healer,2417,774,f
4469474566131964,Fri Feb 07 23:27:18 +0800 2020,"愿天堂没有疫情，希望他们能给李文亮医生一个说法。 <a data-url=""http://t.cn/A6PdDGNo"" href=""https://wx1.sinaimg.cn/large/b10c1bc2ly1gbo6nhknejj208c08c3z6.jpg"" data-hide=""""><span class='url-icon'><img style='width: 1rem;height: 1rem' src='https://h5.sinaimg.cn/upload/2015/01/21/20/timeline_card_small_photo_default.png'></span><span class=""surl-text"">评论配图</span></a>",5737302115,0,付小雨Y,103,67,f
4469474352836948,Fri Feb 07 23:26:27 +0800 2020,"李医生是一个特别特别棒也优秀的人！很敬佩他<span class=""url-icon""><img alt=[good] src=""https://h5.sinaimg.cn/m/emoticon/icon/others/h_good-644bcfa993.png"" 
                style=""width:1em; height:1em;"" /></span><span class=""url-icon""><img alt=[good] src=""https://h5.sinaimg.cn/m/emoticon/icon/others/h_good-644bcfa993.png"" 
                style=""width:1em; height:1em;"" /></span>",6499922271,0,广州张子枫姐,295,15,f
4469473161587543,Fri Feb 07 23:21:43 +0800 2020,🙏️,3869234975,0,我在等你遇见,393,40,f
4469470506911142,Fri Feb 07 23:11:09 +0800 2020,"<span class=""url-icon""><img alt=[蜡烛] src=""https://h5.sinaimg.cn/m/emoticon/icon/others/o_lazhu-6209fc6e73.png"" 
                style=""width:1em; height:1em;"" /></span>",3183730221,2,夏天的火916,1992,1387,m
