media,topic,dt,count
business media,Li Wenliang,04-23-2020,1
business media,Li Wenliang,04/02/2020,1
business media,Li Wenliang,03-19-2020,5
business media,Li Wenliang,03/12/2020,1
business media,Li Wenliang,03/09/2020,1
business media,Li Wenliang,03/05/2020,1
business media,Li Wenliang,03/03/2020,1
business media,Li Wenliang,02/09/2020,1
business media,Li Wenliang,02/08/2020,1
business media,Li Wenliang,02/07/2020,11
business media,Li Wenliang,02/06/2020,2
business media,Li Wenliang,02/01/2020,1
business media,Li Wenliang,04/02/2020,1
business media,Li Wenliang,03-27-2020,1
business media,Li Wenliang,03-19-2020,4
business media,Li Wenliang,03/09/2020,1
business media,Li Wenliang,03/05/2020,1
business media,Li Wenliang,02-28-2020,2
business media,Li Wenliang,02-27-2020,3
business media,Li Wenliang,02/12/2020,1
business media,Li Wenliang,02/11/2020,1
business media,Li Wenliang,02/08/2020,5
business media,Li Wenliang,02/07/2020,16
business media,Li Wenliang,02/06/2020,1
business media,Li Wenliang,02/01/2020,1
business media,Li Wenliang,03-19-2020,2
business media,Li Wenliang,03/11/2020,2
business media,Li Wenliang,02/07/2020,4
business media,Li Wenliang,05-20-2020,1
business media,Li Wenliang,04-20-2020,1
business media,Li Wenliang,04/02/2020,1
business media,Li Wenliang,03-19-2020,4
business media,Li Wenliang,03/05/2020,1
business media,Li Wenliang,03/03/2020,1
business media,Li Wenliang,02/11/2020,1
business media,Li Wenliang,02/08/2020,2
business media,Li Wenliang,02/07/2020,8
business media,Li Wenliang,02/06/2020,2
business media,Li Wenliang,02/01/2020,1
state media,Li Wenliang,02/07/2020,8
state media,Li Wenliang,03/19/2020,4
state media,Li Wenliang,04/02/2020,2
state media,Li Wenliang,02/07/2020,4
state media,Li Wenliang,03/19/2020,1
state media,Li Wenliang,04/02/2020,1
state media,Li Wenliang,02/07/2020,7
state media,Li Wenliang,02/08/2020,1
state media,Li Wenliang,03/19/2020,4
state media,Li Wenliang,04/02/2020,1
state media,Li Wenliang,02/07/2020,10
state media,Li Wenliang,02/08/2020,1
state media,Li Wenliang,03/19/2020,3
state media,Li Wenliang,04/02/2020,2
state media,Li Wenliang,05/10/2020,1
