media,topic,dt,count
business media,Wuhan Red Cross Society ,02/02/2020,1
business media,Wuhan Red Cross Society ,02/01/2020,3
business media,Wuhan Red Cross Society ,01-31-2020,4
business media,Wuhan Red Cross Society ,01-30-2020,1
business media,Wuhan Red Cross Society ,01-27-2020,2
business media,Wuhan Red Cross Society ,01-23-2020,1
business media,Wuhan Red Cross Society ,02/04/2020,1
business media,Wuhan Red Cross Society ,02/01/2020,2
business media,Wuhan Red Cross Society ,01-30-2020,1
business media,Wuhan Red Cross Society ,05-23-2020,1
business media,Wuhan Red Cross Society ,02/12/2020,1
business media,Wuhan Red Cross Society ,02/07/2020,1
business media,Wuhan Red Cross Society ,02/05/2020,1
business media,Wuhan Red Cross Society ,02/02/2020,3
business media,Wuhan Red Cross Society ,02/01/2020,2
business media,Wuhan Red Cross Society ,01-31-2020,4
business media,Wuhan Red Cross Society ,01-30-2020,2
business media,Wuhan Red Cross Society ,01-26-2020,1
business media,Wuhan Red Cross Society ,01-23-2020,2
business media,Wuhan Red Cross Society ,03-19-2020,2
business media,Wuhan Red Cross Society ,03-18-2020,1
business media,Wuhan Red Cross Society ,02-21-2020,1
business media,Wuhan Red Cross Society ,02/10/2020,1
business media,Wuhan Red Cross Society ,02/09/2020,1
business media,Wuhan Red Cross Society ,02/03/2020,1
business media,Wuhan Red Cross Society ,02/02/2020,2
business media,Wuhan Red Cross Society ,02/01/2020,4
business media,Wuhan Red Cross Society ,01-31-2020,4
business media,Wuhan Red Cross Society ,01-30-2020,2
business media,Wuhan Red Cross Society ,01-25-2020,1
business media,Wuhan Red Cross Society ,01-23-2020,1
state media,Wuhan Red Cross Society ,01/23/2020,1
state media,Wuhan Red Cross Society ,01/26/2020,1
state media,Wuhan Red Cross Society ,01/31/2020,4
state media,Wuhan Red Cross Society ,02/01/2020,7
state media,Wuhan Red Cross Society ,02/09/2020,1
state media,Wuhan Red Cross Society ,02/13/2020,1
state media,Wuhan Red Cross Society ,03/28/2020,1
state media,Wuhan Red Cross Society ,01/23/2020,3
state media,Wuhan Red Cross Society ,01/25/2020,2
state media,Wuhan Red Cross Society ,01/26/2020,5
state media,Wuhan Red Cross Society ,01/27/2020,4
state media,Wuhan Red Cross Society ,01/29/2020,1
state media,Wuhan Red Cross Society ,01/30/2020,3
state media,Wuhan Red Cross Society ,02/01/2020,4
state media,Wuhan Red Cross Society ,02/14/2020,1
state media,Wuhan Red Cross Society ,01/23/2020,2
state media,Wuhan Red Cross Society ,01/31/2020,3
state media,Wuhan Red Cross Society ,02/01/2020,5
state media,Wuhan Red Cross Society ,02/02/2020,1
state media,Wuhan Red Cross Society ,02/03/2020,1
state media,Wuhan Red Cross Society ,02/06/2020,1
state media,Wuhan Red Cross Society ,02/08/2020,1
state media,Wuhan Red Cross Society ,02/09/2020,1
state media,Wuhan Red Cross Society ,02/11/2020,1
state media,Wuhan Red Cross Society ,02/14/2020,1
state media,Wuhan Red Cross Society ,02/24/2020,1
state media,Wuhan Red Cross Society ,01/23/2020,1
state media,Wuhan Red Cross Society ,01/28/2020,1
state media,Wuhan Red Cross Society ,01/30/2020,1
state media,Wuhan Red Cross Society ,01/31/2020,1
state media,Wuhan Red Cross Society ,02/01/2020,1
state media,Wuhan Red Cross Society ,02/02/2020,1
state media,Wuhan Red Cross Society ,02/09/2020,1
