﻿4487567334136075,Sat Mar 28 21:41:30 +0800 2020,"红十字医院，我好像有点印象<span class=""url-icon""><img alt=[允悲] src=""https://h5.sinaimg.cn/m/emoticon/icon/default/d_yunbei-9aa3c436a4.png"" 
                style=""width:1em; height:1em;"" /></span><span class=""url-icon""><img alt=[允悲] src=""https://h5.sinaimg.cn/m/emoticon/icon/default/d_yunbei-9aa3c436a4.png"" 
                style=""width:1em; height:1em;"" /></span><span class=""url-icon""><img alt=[允悲] src=""https://h5.sinaimg.cn/m/emoticon/icon/default/d_yunbei-9aa3c436a4.png"" 
                style=""width:1em; height:1em;"" /></span><span class=""url-icon""><img alt=[允悲] src=""https://h5.sinaimg.cn/m/emoticon/icon/default/d_yunbei-9aa3c436a4.png"" 
                style=""width:1em; height:1em;"" /></span>",6327004937,49,恋恋祝廖慧佳0415生日快乐,376,13577,f
4487568575645448,Sat Mar 28 21:46:25 +0800 2020,基层医护人员补贴要求退回和不发真的吗？卫健委到底想干什么?,6411592745,44,看起来好像真的很厉害,218,2501,f
4487668279028395,Sun Mar 29 04:22:36 +0800 2020,之前在红会医院附近100米住了好几年，去过几次门诊开消炎药和挂水，有时候冷冷清清，感觉是比较老旧水平普通的区级医院。可就是这么小一家医院，临危受命，濒临崩溃也咬牙撑到支援到来，一共救治了一千多位病人，看到这些我真的被震撼到，非常敬佩。“生命的脆弱和生命的顽强是对等的。” 顽强而活。,1976238754,28,芭蕉owo,301,423,f
4487569494942113,Sat Mar 28 21:50:05 +0800 2020,"唔唔唔<span class=""url-icon""><img alt=[泪] src=""https://h5.sinaimg.cn/m/emoticon/icon/default/d_lei-1b4b02f8b1.png"" 
                style=""width:1em; height:1em;"" /></span>看哭了，伟大的医护人员，再怎么夸也不为过👍❤️❤️❤️",1848467034,20,雪-高-,152,132,f
4487591681969269,Sat Mar 28 23:18:14 +0800 2020,大年三十前后最黑暗的那几天，已经是弹尽粮绝，武汉真的不易。,6588473929,13,请控制甜品,38,14,f
4487570345454359,Sat Mar 28 21:53:28 +0800 2020,不要辜负医护人员 补贴请到位,2616865607,19,__别来烦我,254,14,m
4487580735662575,Sat Mar 28 22:34:44 +0800 2020,是那个被我到铁粉的武汉红十字？,3590975525,9,不输江湖不少司,87,545,m
4487573596702311,Sat Mar 28 22:06:23 +0800 2020,王炸团队太厉害了👍🏻科学管理，没有条件创造条件，真不容易！向你们致敬！[心,6096974298,10,闲云舒卷hong,391,205,f
4487567502483950,Sat Mar 28 21:42:10 +0800 2020,愿世间再无疾苦,5488126061,7,壹岁攻,231,10462,m
4487568223548517,Sat Mar 28 21:45:02 +0800 2020,看直播呢哈,6939461797,7,广东第一名鸭,269,13268,m
4487567220948980,Sat Mar 28 21:41:03 +0800 2020,辛苦了,6475522617,4,炒鸡23,54,20,f
4487577199771477,Sat Mar 28 22:20:42 +0800 2020,刚刚看完直播，除了感动，还是感动！,1925453540,4,观垚淋,597,233,f
4487567242400129,Sat Mar 28 21:41:08 +0800 2020,"春暖花开，希望都会变好的<span class=""url-icon""><img alt=[心] src=""https://h5.sinaimg.cn/m/emoticon/icon/others/l_xin-6912791858.png"" 
                style=""width:1em; height:1em;"" /></span><span class=""url-icon""><img alt=[心] src=""https://h5.sinaimg.cn/m/emoticon/icon/others/l_xin-6912791858.png"" 
                style=""width:1em; height:1em;"" /></span><span class=""url-icon""><img alt=[心] src=""https://h5.sinaimg.cn/m/emoticon/icon/others/l_xin-6912791858.png"" 
                style=""width:1em; height:1em;"" /></span><span class=""url-icon""><img alt=[心] src=""https://h5.sinaimg.cn/m/emoticon/icon/others/l_xin-6912791858.png"" 
                style=""width:1em; height:1em;"" /></span><span class=""url-icon""><img alt=[心] src=""https://h5.sinaimg.cn/m/emoticon/icon/others/l_xin-6912791858.png"" 
                style=""width:1em; height:1em;"" /></span>",3977735776,5,C糖不甜D,178,12733,f
4487570623113760,Sat Mar 28 21:54:34 +0800 2020,补助到位了吗？,1261173770,8,布拉格之外,535,2087,f
4487568940596581,Sat Mar 28 21:47:53 +0800 2020,"辛苦了，英雄<span class=""url-icon""><img alt=[心] src=""https://h5.sinaimg.cn/m/emoticon/icon/others/l_xin-6912791858.png"" 
                style=""width:1em; height:1em;"" /></span>",3103611963,8,一句话入你心,278,229335,m
4487568807086847,Sat Mar 28 21:47:21 +0800 2020,明天会更好，加油！,7346512120,3,深情的婷婷婷,318,24482,f
4487567934720584,Sat Mar 28 21:43:53 +0800 2020,"辛苦大家了真的<span class=""url-icon""><img alt=[心] src=""https://h5.sinaimg.cn/m/emoticon/icon/others/l_xin-6912791858.png"" 
                style=""width:1em; height:1em;"" /></span>都要好好照顾自己！",2017258281,2,竹夜,481,105939,f
4487567661206121,Sat Mar 28 21:42:48 +0800 2020,生病。真的很难。所以健康平安最重要。,1547311023,4,一枚有态度de青年,196,485,f
4487567329905040,Sat Mar 28 21:41:28 +0800 2020,!!等你满血复活!,5990945522,3,后来尼,556,1673,f
4487567305545612,Sat Mar 28 21:41:23 +0800 2020,"辛苦你们了<span class=""url-icon""><img alt=[心] src=""https://h5.sinaimg.cn/m/emoticon/icon/others/l_xin-6912791858.png"" 
                style=""width:1em; height:1em;"" /></span>",6600000187,3,ichliebedich·kun,455,1591,f
4487567241871773,Sat Mar 28 21:41:08 +0800 2020,会更好的！,5663716150,2,王妍琳琳琳,268,674,f
4487573147550586,Sat Mar 28 22:04:35 +0800 2020,川军团真的厉害,5736753989,6,花头不要浪,57,1110,m
4487571398495592,Sat Mar 28 21:57:38 +0800 2020,希望国外的医务人员都能看到怎么保护好自己,5798447043,7,偶像孙思邈,342,131,f
4487572753974457,Sat Mar 28 22:03:01 +0800 2020,华西王牌军,2910180862,5,元子的院子,38,14,f
4487580386614912,Sat Mar 28 22:33:22 +0800 2020,给医护人员发钱不是口号，是大国担当,1272951085,3,an美好与你,356,180,f
4487578189221081,Sat Mar 28 22:24:38 +0800 2020,"<span class=""url-icon""><img alt=[good] src=""https://h5.sinaimg.cn/m/emoticon/icon/others/h_good-644bcfa993.png"" 
                style=""width:1em; height:1em;"" /></span>",2261741971,2,W881018,2640,471,m
4487568173218264,Sat Mar 28 21:44:50 +0800 2020,"辛苦你们了<span class=""url-icon""><img alt=[心] src=""https://h5.sinaimg.cn/m/emoticon/icon/others/l_xin-6912791858.png"" 
                style=""width:1em; height:1em;"" /></span><span class=""url-icon""><img alt=[鲜花] src=""https://h5.sinaimg.cn/m/emoticon/icon/others/w_xianhua-6efa26efdf.png"" 
                style=""width:1em; height:1em;"" /></span><span class=""url-icon""><img alt=[鲜花] src=""https://h5.sinaimg.cn/m/emoticon/icon/others/w_xianhua-6efa26efdf.png"" 
                style=""width:1em; height:1em;"" /></span><span class=""url-icon""><img alt=[鲜花] src=""https://h5.sinaimg.cn/m/emoticon/icon/others/w_xianhua-6efa26efdf.png"" 
                style=""width:1em; height:1em;"" /></span>",6000015806,3,不爱螃蟹de俊凯嘛,367,501,f
4487567422380990,Sat Mar 28 21:41:51 +0800 2020,致敬所有奋斗在一线的白衣天使,6101850024,3,小小小小小小舞啊,1212,32514,f
4487630001709355,Sun Mar 29 01:50:30 +0800 2020,太不容易了,1294466441,1,Lucky曹佳,791,117236,m
4487606546987537,Sun Mar 29 00:17:19 +0800 2020,"记住历史！记住英雄！<span class=""url-icon""><img alt=[good] src=""https://h5.sinaimg.cn/m/emoticon/icon/others/h_good-644bcfa993.png"" 
                style=""width:1em; height:1em;"" /></span>🙏",6174829345,1,里里外外乐天派,109,176,f
4487599270342494,Sat Mar 28 23:48:23 +0800 2020,谢谢你们拉了武汉一把,2548223682,1,找不着北北__Yue,296,493,f
4487585705422043,Sat Mar 28 22:54:29 +0800 2020,辛苦了❤️,6347637871,1,SYH-Alice,290,893,f
4487582970318316,Sat Mar 28 22:43:37 +0800 2020,辛苦你们了，谢谢你们,3291828057,1,一切心随心,278,23,f
4487582622475085,Sat Mar 28 22:42:14 +0800 2020,英雄！,1002155181,1,不知辣酱,311,2607,f
4487576863657771,Sat Mar 28 22:19:22 +0800 2020,谢谢你们！,7296194895,1,2015年的热SUDA,1097,50,f
4487576603480230,Sat Mar 28 22:18:20 +0800 2020,[加油],5737289733,1,想拥有橙子味的温柔,188,242,f
4487575924612134,Sat Mar 28 22:15:37 +0800 2020,辛苦了( ^_^)／,6148203460,1,-小蓝狮,481,1677,m
4487575865140865,Sat Mar 28 22:15:23 +0800 2020,"幸得有你山河无恙<span class=""url-icon""><img alt=[赞] src=""https://h5.sinaimg.cn/m/emoticon/icon/others/h_zan-e3d1e596da.png"" 
                style=""width:1em; height:1em;"" /></span><span class=""url-icon""><img alt=[赞] src=""https://h5.sinaimg.cn/m/emoticon/icon/others/h_zan-e3d1e596da.png"" 
                style=""width:1em; height:1em;"" /></span><span class=""url-icon""><img alt=[赞] src=""https://h5.sinaimg.cn/m/emoticon/icon/others/h_zan-e3d1e596da.png"" 
                style=""width:1em; height:1em;"" /></span><span class=""url-icon""><img alt=[赞] src=""https://h5.sinaimg.cn/m/emoticon/icon/others/h_zan-e3d1e596da.png"" 
                style=""width:1em; height:1em;"" /></span><span class=""url-icon""><img alt=[赞] src=""https://h5.sinaimg.cn/m/emoticon/icon/others/h_zan-e3d1e596da.png"" 
                style=""width:1em; height:1em;"" /></span>",5798447043,2,偶像孙思邈,342,131,f
4487575391668831,Sat Mar 28 22:13:31 +0800 2020,守得云开见月明👏👏👏👏👏👏👏,5798447043,1,偶像孙思邈,342,131,f
4487575224428551,Sat Mar 28 22:12:50 +0800 2020,武汉人民是不幸的确又是幸运的！,5798447043,3,偶像孙思邈,342,131,f
4487574116207007,Sat Mar 28 22:08:26 +0800 2020,我们都有一个家名字叫中国🇨🇳,5798447043,2,偶像孙思邈,342,131,f
4487573932188492,Sat Mar 28 22:07:43 +0800 2020,太辛苦了,5798447043,2,偶像孙思邈,342,131,f
4487571004816980,Sat Mar 28 21:56:05 +0800 2020,"科学防治<span class=""url-icon""><img alt=[赞] src=""https://h5.sinaimg.cn/m/emoticon/icon/others/h_zan-e3d1e596da.png"" 
                style=""width:1em; height:1em;"" /></span><span class=""url-icon""><img alt=[赞] src=""https://h5.sinaimg.cn/m/emoticon/icon/others/h_zan-e3d1e596da.png"" 
                style=""width:1em; height:1em;"" /></span><span class=""url-icon""><img alt=[赞] src=""https://h5.sinaimg.cn/m/emoticon/icon/others/h_zan-e3d1e596da.png"" 
                style=""width:1em; height:1em;"" /></span><span class=""url-icon""><img alt=[赞] src=""https://h5.sinaimg.cn/m/emoticon/icon/others/h_zan-e3d1e596da.png"" 
                style=""width:1em; height:1em;"" /></span>",5798447043,1,偶像孙思邈,342,131,f
4487570509313883,Sat Mar 28 21:54:07 +0800 2020,太了不起了！医务人员值得最高礼遇,5798447043,2,偶像孙思邈,342,131,f
4487570043909003,Sat Mar 28 21:52:15 +0800 2020,"<span class=""url-icon""><img alt=[泪] src=""https://h5.sinaimg.cn/m/emoticon/icon/default/d_lei-1b4b02f8b1.png"" 
                style=""width:1em; height:1em;"" /></span><span class=""url-icon""><img alt=[泪] src=""https://h5.sinaimg.cn/m/emoticon/icon/default/d_lei-1b4b02f8b1.png"" 
                style=""width:1em; height:1em;"" /></span><span class=""url-icon""><img alt=[泪] src=""https://h5.sinaimg.cn/m/emoticon/icon/default/d_lei-1b4b02f8b1.png"" 
                style=""width:1em; height:1em;"" /></span><span class=""url-icon""><img alt=[泪] src=""https://h5.sinaimg.cn/m/emoticon/icon/default/d_lei-1b4b02f8b1.png"" 
                style=""width:1em; height:1em;"" /></span><span class=""url-icon""><img alt=[泪] src=""https://h5.sinaimg.cn/m/emoticon/icon/default/d_lei-1b4b02f8b1.png"" 
                style=""width:1em; height:1em;"" /></span><span class=""url-icon""><img alt=[泪] src=""https://h5.sinaimg.cn/m/emoticon/icon/default/d_lei-1b4b02f8b1.png"" 
                style=""width:1em; height:1em;"" /></span>",5798447043,1,偶像孙思邈,342,131,f
4487569779586420,Sat Mar 28 21:51:12 +0800 2020,泪流满面啊！心疼白衣英雄,5798447043,2,偶像孙思邈,342,131,f
4487569569894023,Sat Mar 28 21:50:23 +0800 2020,太难了初期的武汉,5798447043,2,偶像孙思邈,342,131,f
4487581402167089,Sat Mar 28 22:37:22 +0800 2020,我华西王炸和省人民医院👍👍👍,3299736703,1,开心果果1962,89,121,m
4487571273235462,Sat Mar 28 21:57:09 +0800 2020,"一切都会越来越好<span class=""url-icon""><img alt=[太开心] src=""https://h5.sinaimg.cn/m/emoticon/icon/default/d_taikaixin-97bd3f82d6.png"" 
                style=""width:1em; height:1em;"" /></span>",3484907331,1,红裙子2012,131,240,f
4487568969853468,Sat Mar 28 21:48:00 +0800 2020,一线抗疫人员补助怎么解决，别光顾表功忘了冲锋陷阵的人！,2778567500,1,瓶装火箭gg,520,246,m
4487567229901731,Sat Mar 28 21:41:05 +0800 2020,武汉加油！,6277532178,2,BEAN____,79,20,m
4487573575286776,Sat Mar 28 22:06:18 +0800 2020,"川军<span class=""url-icon""><img alt=[赞] src=""https://h5.sinaimg.cn/m/emoticon/icon/others/h_zan-e3d1e596da.png"" 
                style=""width:1em; height:1em;"" /></span><span class=""url-icon""><img alt=[赞] src=""https://h5.sinaimg.cn/m/emoticon/icon/others/h_zan-e3d1e596da.png"" 
                style=""width:1em; height:1em;"" /></span><span class=""url-icon""><img alt=[赞] src=""https://h5.sinaimg.cn/m/emoticon/icon/others/h_zan-e3d1e596da.png"" 
                style=""width:1em; height:1em;"" /></span><span class=""url-icon""><img alt=[赞] src=""https://h5.sinaimg.cn/m/emoticon/icon/others/h_zan-e3d1e596da.png"" 
                style=""width:1em; height:1em;"" /></span>",5798447043,2,偶像孙思邈,342,131,f
4487731989744572,Sun Mar 29 08:35:47 +0800 2020,加油，,6296546031,0,星辰亭落,571,330,f
4487708824906761,Sun Mar 29 07:03:44 +0800 2020,"<span class=""url-icon""><img alt=[good] src=""https://h5.sinaimg.cn/m/emoticon/icon/others/h_good-644bcfa993.png"" 
                style=""width:1em; height:1em;"" /></span><span class=""url-icon""><img alt=[good] src=""https://h5.sinaimg.cn/m/emoticon/icon/others/h_good-644bcfa993.png"" 
                style=""width:1em; height:1em;"" /></span><span class=""url-icon""><img alt=[good] src=""https://h5.sinaimg.cn/m/emoticon/icon/others/h_good-644bcfa993.png"" 
                style=""width:1em; height:1em;"" /></span>",1016959515,0,蕊西ruixi,127,221,f
4487590017146107,Sat Mar 28 23:11:37 +0800 2020,"华西，人民医院<span class=""url-icon""><img alt=[good] src=""https://h5.sinaimg.cn/m/emoticon/icon/others/h_good-644bcfa993.png"" 
                style=""width:1em; height:1em;"" /></span><span class=""url-icon""><img alt=[good] src=""https://h5.sinaimg.cn/m/emoticon/icon/others/h_good-644bcfa993.png"" 
                style=""width:1em; height:1em;"" /></span><span class=""url-icon""><img alt=[good] src=""https://h5.sinaimg.cn/m/emoticon/icon/others/h_good-644bcfa993.png"" 
                style=""width:1em; height:1em;"" /></span><span class=""url-icon""><img alt=[good] src=""https://h5.sinaimg.cn/m/emoticon/icon/others/h_good-644bcfa993.png"" 
                style=""width:1em; height:1em;"" /></span>",7330209841,0,某人旳傻丫头,256,77,f
4487589685561433,Sat Mar 28 23:10:18 +0800 2020,感谢你们为武汉拼过命，谢谢！！！🙏🙏🙏,3584499084,0,人云亦云78,758,312,f
4487577027533649,Sat Mar 28 22:20:01 +0800 2020,湖北(除武汉)复航销售火爆，各地酒吧、餐馆开业。总理说要重视无症状感染者。湖北各地无症状感染者有多少天没有新增发现、报告的了？有28天吗？浙江嘉兴海宁的境外输入关联本地确诊病例不就推测是无症状感染者传染的么？一个月没有新增确诊的湖北咸宁复工者到佛山几天就确诊了，有进一步调查结果吗？,5213194226,0,耐心走下去,329,12453,m
4487576251063564,Sat Mar 28 22:16:56 +0800 2020,谢谢你们！,2910180862,0,元子的院子,38,14,f
4487573861279127,Sat Mar 28 22:07:25 +0800 2020,在看电视，看哭了直接,1972427747,2,章鱼烧上的柴鱼花,1669,394,f
4487573713685905,Sat Mar 28 22:06:51 +0800 2020,不管是哪家哪里的医生，都要对你们说谢谢你们,3625182381,1,棉花糖般的小不点,249,104,f
4487573487009168,Sat Mar 28 22:05:57 +0800 2020,"医护人员辛苦了，平安归来<span class=""url-icon""><img alt=[心] src=""https://h5.sinaimg.cn/m/emoticon/icon/others/l_xin-6912791858.png"" 
                style=""width:1em; height:1em;"" /></span>",6576839365,0,Esturs-28派派,251,275,f
4487573240487060,Sat Mar 28 22:04:58 +0800 2020,除了感谢所有一线付出的人，真的应该感谢自己生在这个祖国，但我还是想说一句，当时媒体的节奏也是一部分祸首，大量的轰炸式信息给当地人带来了极大的恐慌，造成了医院无法承受的人流量，真心希望中国的媒体在这样的事情上应该还有分寸，要理性，这样事件下发出来的声音应该要以人为本，而不是为了流量,5503410359,2,Tammy汤翻翻,1266,4902,f
4487572828658778,Sat Mar 28 22:03:20 +0800 2020,"王炸军团<span class=""url-icon""><img alt=[赞] src=""https://h5.sinaimg.cn/m/emoticon/icon/others/h_zan-e3d1e596da.png"" 
                style=""width:1em; height:1em;"" /></span><span class=""url-icon""><img alt=[赞] src=""https://h5.sinaimg.cn/m/emoticon/icon/others/h_zan-e3d1e596da.png"" 
                style=""width:1em; height:1em;"" /></span><span class=""url-icon""><img alt=[赞] src=""https://h5.sinaimg.cn/m/emoticon/icon/others/h_zan-e3d1e596da.png"" 
                style=""width:1em; height:1em;"" /></span><span class=""url-icon""><img alt=[赞] src=""https://h5.sinaimg.cn/m/emoticon/icon/others/h_zan-e3d1e596da.png"" 
                style=""width:1em; height:1em;"" /></span><span class=""url-icon""><img alt=[赞] src=""https://h5.sinaimg.cn/m/emoticon/icon/others/h_zan-e3d1e596da.png"" 
                style=""width:1em; height:1em;"" /></span>",5798447043,0,偶像孙思邈,342,131,f
4487572531057443,Sat Mar 28 22:02:09 +0800 2020,胜利来之不易，所有人都要珍惜啊,5798447043,2,偶像孙思邈,342,131,f
4487572233110209,Sat Mar 28 22:00:57 +0800 2020,加油,6473108342,0,西区俱乐部,40,5331,f
4487571789049592,Sat Mar 28 21:59:11 +0800 2020,"专业<span class=""url-icon""><img alt=[赞] src=""https://h5.sinaimg.cn/m/emoticon/icon/others/h_zan-e3d1e596da.png"" 
                style=""width:1em; height:1em;"" /></span><span class=""url-icon""><img alt=[赞] src=""https://h5.sinaimg.cn/m/emoticon/icon/others/h_zan-e3d1e596da.png"" 
                style=""width:1em; height:1em;"" /></span><span class=""url-icon""><img alt=[赞] src=""https://h5.sinaimg.cn/m/emoticon/icon/others/h_zan-e3d1e596da.png"" 
                style=""width:1em; height:1em;"" /></span><span class=""url-icon""><img alt=[赞] src=""https://h5.sinaimg.cn/m/emoticon/icon/others/h_zan-e3d1e596da.png"" 
                style=""width:1em; height:1em;"" /></span><span class=""url-icon""><img alt=[赞] src=""https://h5.sinaimg.cn/m/emoticon/icon/others/h_zan-e3d1e596da.png"" 
                style=""width:1em; height:1em;"" /></span>",5798447043,0,偶像孙思邈,342,131,f
4487571726162326,Sat Mar 28 21:58:56 +0800 2020,"<span class=""url-icon""><img alt=[赞] src=""https://h5.sinaimg.cn/m/emoticon/icon/others/h_zan-e3d1e596da.png"" 
                style=""width:1em; height:1em;"" /></span><span class=""url-icon""><img alt=[赞] src=""https://h5.sinaimg.cn/m/emoticon/icon/others/h_zan-e3d1e596da.png"" 
                style=""width:1em; height:1em;"" /></span><span class=""url-icon""><img alt=[赞] src=""https://h5.sinaimg.cn/m/emoticon/icon/others/h_zan-e3d1e596da.png"" 
                style=""width:1em; height:1em;"" /></span><span class=""url-icon""><img alt=[赞] src=""https://h5.sinaimg.cn/m/emoticon/icon/others/h_zan-e3d1e596da.png"" 
                style=""width:1em; height:1em;"" /></span><span class=""url-icon""><img alt=[赞] src=""https://h5.sinaimg.cn/m/emoticon/icon/others/h_zan-e3d1e596da.png"" 
                style=""width:1em; height:1em;"" /></span><span class=""url-icon""><img alt=[赞] src=""https://h5.sinaimg.cn/m/emoticon/icon/others/h_zan-e3d1e596da.png"" 
                style=""width:1em; height:1em;"" /></span>",5798447043,0,偶像孙思邈,342,131,f
4487571428038209,Sat Mar 28 21:57:46 +0800 2020,"辛苦啦<span class=""url-icon""><img alt=[心] src=""https://h5.sinaimg.cn/m/emoticon/icon/others/l_xin-6912791858.png"" 
                style=""width:1em; height:1em;"" /></span>",3194765510,0,可知与不可知论,250,1619,f
4487570010472852,Sat Mar 28 21:52:07 +0800 2020,我一个大男人，看的热泪盈眶,5736753989,1,花头不要浪,57,1110,m
4487569439810463,Sat Mar 28 21:49:52 +0800 2020,太难了！,2910180862,0,元子的院子,38,14,f
4487569138348257,Sat Mar 28 21:48:39 +0800 2020,你们辛苦了,5850231066,0,全网三百追星人,298,537877,m
4487568831645229,Sat Mar 28 21:47:27 +0800 2020,武汉胜利是所有医务英雄辛苦付出换来山河无恙,5798447043,1,偶像孙思邈,342,131,f
4487568118448605,Sat Mar 28 21:44:37 +0800 2020,辛苦了白衣英雄,5798447043,1,偶像孙思邈,342,131,f
4487568034392149,Sat Mar 28 21:44:17 +0800 2020,辛苦了,6369475337,0,于山归233,110,48,f
4487567493973119,Sat Mar 28 21:42:08 +0800 2020,加油！会越来越好的[加油][加油],6373141466,1,HYH吴情,317,318,f
4487567397792518,Sat Mar 28 21:41:44 +0800 2020,辛苦了,6327004937,0,恋恋祝廖慧佳0415生日快乐,376,13577,f
4490820407572434,Mon Apr 06 21:08:03 +0800 2020,片子发出来当刻我是不敢看的，必须调整好心情才能看，看完又要缓几天,1699755364,0,DRSY_spph,639,752,f
4488484045377364,Tue Mar 31 10:24:11 +0800 2020,"感谢英雄<span class=""url-icon""><img alt=[心] src=""https://h5.sinaimg.cn/m/emoticon/icon/others/l_xin-6912791858.png"" 
                style=""width:1em; height:1em;"" /></span>",5470674996,0,Hey撒浪嘿哟,145,131,f
4487924244932477,Sun Mar 29 21:19:43 +0800 2020,省医院的黄主任❤️那个帮助过我家人的人❤️,1711587772,0,Kitty0316,692,692,f
4487867453482081,Sun Mar 29 17:34:04 +0800 2020,QAQ我终于找到了,2532817420,0,大铁精,474,107,f
4487822545304256,Sun Mar 29 14:35:37 +0800 2020,着着看着就感动哭了，不容易呀。,1354844017,0,居然是梦,52,66,f
4487820879961831,Sun Mar 29 14:28:59 +0800 2020,真的不敢回想武汉那个时候的黑暗。虽然身在武汉，但是感受还是没有一线的医护那么强烈。我们的医护辛苦了。该发的补贴记得都要给到位。,1769684524,0,Q_Qian0106,829,234,f
4487820352055389,Sun Mar 29 14:26:53 +0800 2020,"辛苦了，不容易啊<span class=""url-icon""><img alt=[泪] src=""https://h5.sinaimg.cn/m/emoticon/icon/default/d_lei-1b4b02f8b1.png"" 
                style=""width:1em; height:1em;"" /></span>",2972137283,0,love新一,176,339,f
4487778706038299,Sun Mar 29 11:41:25 +0800 2020,英雄的白衣战士，赴汤蹈火，在所不辞！感天动地泣鬼神……劫后余生，珍惜每一天。,2909679951,0,勇星俊,196,361,m
4487767696233871,Sun Mar 29 10:57:40 +0800 2020,"<span class=""url-icon""><img alt=[微笑] src=""https://h5.sinaimg.cn/m/emoticon/icon/default/d_hehe-039d0a6a8a.png"" 
                style=""width:1em; height:1em;"" /></span>",2372902844,0,慢慢哋靠菦_芣倁芣覺嬡仩孒沵,30,35,m
4487766782227811,Sun Mar 29 10:54:02 +0800 2020,辛苦了,5024348451,0,芸阳光,9,132,f
4487765200338932,Sun Mar 29 10:47:45 +0800 2020,"<span class=""url-icon""><img alt=[good] src=""https://h5.sinaimg.cn/m/emoticon/icon/others/h_good-644bcfa993.png"" 
                style=""width:1em; height:1em;"" /></span><span class=""url-icon""><img alt=[good] src=""https://h5.sinaimg.cn/m/emoticon/icon/others/h_good-644bcfa993.png"" 
                style=""width:1em; height:1em;"" /></span><span class=""url-icon""><img alt=[good] src=""https://h5.sinaimg.cn/m/emoticon/icon/others/h_good-644bcfa993.png"" 
                style=""width:1em; height:1em;"" /></span>致敬一群可爱的人，白衣天使👼",3788462707,0,小嬷子_2,498,159,f
4487743826644027,Sun Mar 29 09:22:49 +0800 2020,看了新闻调查十几年了，好节目,1850888732,0,墩墩书店,417,371,m
4487730270247792,Sun Mar 29 08:28:57 +0800 2020,武汉，果然是一个英雄的城市。,7209352922,0,-在世遺作-,255,154,f
4487673064569981,Sun Mar 29 04:41:37 +0800 2020,加油💪,6285452786,0,小鬼-王琳凯女友,159,244,f
4487664486726264,Sun Mar 29 04:07:33 +0800 2020,"<span class=""url-icon""><img alt=[微笑] src=""https://h5.sinaimg.cn/m/emoticon/icon/default/d_hehe-039d0a6a8a.png"" 
                style=""width:1em; height:1em;"" /></span>",2439645183,0,逐夢天漄,57,448,m
4487651824362310,Sun Mar 29 03:17:13 +0800 2020,"能不能改个名，现在看到红十字会四个字就犯怵<span class=""url-icon""><img alt=[摊手] src=""https://h5.sinaimg.cn/m/emoticon/icon/default/d_tanshou-3abaa4ed77.png"" 
                style=""width:1em; height:1em;"" /></span>",6358850726,0,莲雾的猫猫头,102,22,f
4487650147012968,Sun Mar 29 03:10:33 +0800 2020,"辛苦了辛苦了<span class=""url-icon""><img alt=[泪] src=""https://h5.sinaimg.cn/m/emoticon/icon/default/d_lei-1b4b02f8b1.png"" 
                style=""width:1em; height:1em;"" /></span><span class=""url-icon""><img alt=[泪] src=""https://h5.sinaimg.cn/m/emoticon/icon/default/d_lei-1b4b02f8b1.png"" 
                style=""width:1em; height:1em;"" /></span>",6510242333,0,可爱如我滴滴滴,375,234,f
4487629141338819,Sun Mar 29 01:47:06 +0800 2020,"<span class=""url-icon""><img alt=[泪] src=""https://h5.sinaimg.cn/m/emoticon/icon/default/d_lei-1b4b02f8b1.png"" 
                style=""width:1em; height:1em;"" /></span>看哭了，你们辛苦了，<span class=""url-icon""><img alt=[鲜花] src=""https://h5.sinaimg.cn/m/emoticon/icon/others/w_xianhua-6efa26efdf.png"" 
                style=""width:1em; height:1em;"" /></span>谢谢你们<span class=""url-icon""><img alt=[心] src=""https://h5.sinaimg.cn/m/emoticon/icon/others/l_xin-6912791858.png"" 
                style=""width:1em; height:1em;"" /></span>",5508724453,0,白睿的云朵,717,257,f
4487627723765757,Sun Mar 29 01:41:28 +0800 2020,看哭了，前期真是太艰难了,1624204347,0,moffeye,274,198,f
4487621251711943,Sun Mar 29 01:15:45 +0800 2020,"说真的，这个医生责任心真的很强，我重来没有见过医生会吸痰的。。。<span class=""url-icon""><img alt=[允悲] src=""https://h5.sinaimg.cn/m/emoticon/icon/default/d_yunbei-9aa3c436a4.png"" 
                style=""width:1em; height:1em;"" /></span>",3805591777,0,水瓶外面的水,91,256,f
4487615212205743,Sun Mar 29 00:51:45 +0800 2020,援助外国是有一手，国内防疫补贴就卸磨杀驴了,6033561822,1,我的小宝贝呢丶,3,47,m
4487608249897517,Sun Mar 29 00:24:04 +0800 2020,有些机构需要问责，拿医护人员和老百姓的命开玩笑,7312554987,0,小寒窗净,37,3,f
4487607033076307,Sun Mar 29 00:19:15 +0800 2020,看见医生哭，我也想哭,7312554987,0,小寒窗净,37,3,f
4487599030801085,Sat Mar 28 23:47:27 +0800 2020,转发微博,2406639525,0,大米乐维奇,801,1586,m
4487598699353597,Sat Mar 28 23:46:08 +0800 2020,院长来半年，还得升,1797142995,0,xukey,206,355,m
4487595075860509,Sat Mar 28 23:31:44 +0800 2020,辛苦了！向医护们致敬！,2193091472,0,我的上帝也疯狂,22,72,f
4487594706141897,Sat Mar 28 23:30:16 +0800 2020,。。,5852356827,0,西西里佊,406,98,f
4487593658114272,Sat Mar 28 23:26:05 +0800 2020,明天还有没有第二集？,2582688705,0,九九苓,486,1197,f
4487592089496894,Sat Mar 28 23:19:51 +0800 2020,辛苦了～！！！！,6843783954,0,D-啵唧啵唧爱帅哥啊啊啊啊啊,88,47,f
4487590093071176,Sat Mar 28 23:11:56 +0800 2020,"<span class=""url-icon""><img alt=[泪] src=""https://h5.sinaimg.cn/m/emoticon/icon/default/d_lei-1b4b02f8b1.png"" 
                style=""width:1em; height:1em;"" /></span><span class=""url-icon""><img alt=[泪] src=""https://h5.sinaimg.cn/m/emoticon/icon/default/d_lei-1b4b02f8b1.png"" 
                style=""width:1em; height:1em;"" /></span><span class=""url-icon""><img alt=[泪] src=""https://h5.sinaimg.cn/m/emoticon/icon/default/d_lei-1b4b02f8b1.png"" 
                style=""width:1em; height:1em;"" /></span><span class=""url-icon""><img alt=[中国赞] src=""https://h5.sinaimg.cn/m/emoticon/icon/others/d_chnlike-2c6f482dac.png"" 
                style=""width:1em; height:1em;"" /></span><span class=""url-icon""><img alt=[中国赞] src=""https://h5.sinaimg.cn/m/emoticon/icon/others/d_chnlike-2c6f482dac.png"" 
                style=""width:1em; height:1em;"" /></span><span class=""url-icon""><img alt=[中国赞] src=""https://h5.sinaimg.cn/m/emoticon/icon/others/d_chnlike-2c6f482dac.png"" 
                style=""width:1em; height:1em;"" /></span>",2995983810,0,爱羊爱上猫,113,210,f
4487585600369547,Sat Mar 28 22:54:05 +0800 2020,不知道哪些是你拍的也不知道什么时候才能看见你拍的,1747651383,0,没有灵魂的行尸走肉兔,1992,822,m
4487585542336888,Sat Mar 28 22:53:51 +0800 2020,非常客观，非常真实，所以感动。残酷的数据、崩盘、全军覆没不再是遮遮掩掩的词，看到了悲壮也看到了希望,2141121917,0,常姑娘,346,187,f
4487584379680152,Sat Mar 28 22:49:14 +0800 2020,"太不容易了<span class=""url-icon""><img alt=[泪] src=""https://h5.sinaimg.cn/m/emoticon/icon/default/d_lei-1b4b02f8b1.png"" 
                style=""width:1em; height:1em;"" /></span>",7327193607,0,胭脂扣cmm,71,1,f
4487583960724492,Sat Mar 28 22:47:33 +0800 2020,四川人看都。泪流。。加油武汉！加油四川！,1857088482,0,涛兄166,218,59,m
4487582203325669,Sat Mar 28 22:40:34 +0800 2020,"<span class=""url-icon""><img alt=[泪] src=""https://h5.sinaimg.cn/m/emoticon/icon/default/d_lei-1b4b02f8b1.png"" 
                style=""width:1em; height:1em;"" /></span>看哭了你们辛苦了",2132656307,0,星语zysx,474,118,f
4487578382304142,Sat Mar 28 22:25:23 +0800 2020,2019-12-17接诊的第一例新冠肺炎，协和武汉红十字会医院的故事。,1725754750,0,迪穆白,114,2397,m
4487578214280757,Sat Mar 28 22:24:44 +0800 2020,"<span class=""url-icon""><img alt=[good] src=""https://h5.sinaimg.cn/m/emoticon/icon/others/h_good-644bcfa993.png"" 
                style=""width:1em; height:1em;"" /></span><span class=""url-icon""><img alt=[good] src=""https://h5.sinaimg.cn/m/emoticon/icon/others/h_good-644bcfa993.png"" 
                style=""width:1em; height:1em;"" /></span><span class=""url-icon""><img alt=[good] src=""https://h5.sinaimg.cn/m/emoticon/icon/others/h_good-644bcfa993.png"" 
                style=""width:1em; height:1em;"" /></span>",2261741971,0,W881018,2640,471,m
4487577400328367,Sat Mar 28 22:21:30 +0800 2020,"感谢这些伟大的医护人员<span class=""url-icon""><img alt=[作揖] src=""https://h5.sinaimg.cn/m/emoticon/icon/others/h_zuoyi-cb12e18fd5.png"" 
                style=""width:1em; height:1em;"" /></span><span class=""url-icon""><img alt=[心] src=""https://h5.sinaimg.cn/m/emoticon/icon/others/l_xin-6912791858.png"" 
                style=""width:1em; height:1em;"" /></span><span class=""url-icon""><img alt=[米奇比心] src=""https://h5.sinaimg.cn/m/emoticon/icon/movies/mickey_01-f93c4eac57.png"" 
                style=""width:1em; height:1em;"" /></span>熬过了最艰难的时刻🙏🙏🙏",5872691796,0,玄彬泡椒一博都到碗里来,470,77,f
4487577371710263,Sat Mar 28 22:21:23 +0800 2020,"谢谢医务人员<span class=""url-icon""><img alt=[泪] src=""https://h5.sinaimg.cn/m/emoticon/icon/default/d_lei-1b4b02f8b1.png"" 
                style=""width:1em; height:1em;"" /></span>",3797942545,0,空洞x,57,203,m
4487577329787349,Sat Mar 28 22:21:13 +0800 2020,已看完！,6439184655,0,Olivia81965,56,9,f
4487577270834857,Sat Mar 28 22:20:59 +0800 2020,疫情面前，中国真的太牛了，无比强大。哈哈哈。看看美国，所谓的帝国，到现在两个月了还是一团糟。哈哈哈哈。中国人该有自信心大声夸一会我们的祖国，然后再不忘初心砥砺前行。哈哈哈哈哈哈哈哈,3283788901,0,回家路上的蚂蚁,100,126,m
4487577010917406,Sat Mar 28 22:19:57 +0800 2020,谢谢,7131706147,0,Ewan617,43,12,m
4487576549165746,Sat Mar 28 22:18:06 +0800 2020,致敬,3218144897,0,tian-臻,745,226,m
4487576323345604,Sat Mar 28 22:17:13 +0800 2020,哭了,2808015293,0,Snhtw,278,469,f
4487576280847123,Sat Mar 28 22:17:03 +0800 2020,"真不容易！！！<span class=""url-icon""><img alt=[泪] src=""https://h5.sinaimg.cn/m/emoticon/icon/default/d_lei-1b4b02f8b1.png"" 
                style=""width:1em; height:1em;"" /></span><span class=""url-icon""><img alt=[泪] src=""https://h5.sinaimg.cn/m/emoticon/icon/default/d_lei-1b4b02f8b1.png"" 
                style=""width:1em; height:1em;"" /></span><span class=""url-icon""><img alt=[泪] src=""https://h5.sinaimg.cn/m/emoticon/icon/default/d_lei-1b4b02f8b1.png"" 
                style=""width:1em; height:1em;"" /></span><span class=""url-icon""><img alt=[泪] src=""https://h5.sinaimg.cn/m/emoticon/icon/default/d_lei-1b4b02f8b1.png"" 
                style=""width:1em; height:1em;"" /></span>",1446265790,0,北方的大葵花,38,468,f
4487576133796954,Sat Mar 28 22:16:28 +0800 2020,激动的流眼泪了,5520501043,0,疯了嗳之歌,125,42,f
4487576134529295,Sat Mar 28 22:16:28 +0800 2020,泪目,5402212260,0,333女子333,28,9,f
4487576129985864,Sat Mar 28 22:16:27 +0800 2020,"武汉医疗系统差点被击穿了，还好中央决策果断，各省执行有力，援军及时赶到才转危为安<span class=""url-icon""><img alt=[赞] src=""https://h5.sinaimg.cn/m/emoticon/icon/others/h_zan-e3d1e596da.png"" 
                style=""width:1em; height:1em;"" /></span>",3731868275,0,章三杉来了,447,252,m
4487575958088770,Sat Mar 28 22:15:45 +0800 2020,别光致敬，发钱啊,2796279031,0,取名很难君,54,56,f
4487575307422092,Sat Mar 28 22:13:11 +0800 2020,[加油],6086616413,0,QzixinQ,22,1134,m
4487575035334321,Sat Mar 28 22:12:06 +0800 2020,保洁人员也很辛苦[加油],3131720047,0,奥利奥黛丽赫本,205,181,f
4487574925618855,Sat Mar 28 22:11:40 +0800 2020,感谢,3850799098,0,情深沫,81,24,f
4487574842163357,Sat Mar 28 22:11:20 +0800 2020,春暖花开 万物复苏 由衷地感谢所有奋战在一线的抗疫人员,1723892547,0,芝余嚯嚯,773,611,f
4487574737623884,Sat Mar 28 22:10:55 +0800 2020,看了，医护工作者辛苦🙏🙏🙏,1161527487,0,萧瑟无边,67,55,f
4487574620108500,Sat Mar 28 22:10:27 +0800 2020,现在在回头看看，真的很可怕。一切赶紧好吧,5455621124,0,acy安,97,56,f
4487573873401183,Sat Mar 28 22:07:28 +0800 2020,疫情结束，各省多建几所大型三甲医院,1843738221,0,平淡旭,299,130,f
4487573789223396,Sat Mar 28 22:07:08 +0800 2020,感谢,2331569161,0,迪迪_99,156,379,m
4487573638012265,Sat Mar 28 22:06:32 +0800 2020,还好有各省很多专家,1686708765,0,我是曹小麦,173,89,f
4487573638889728,Sat Mar 28 22:06:33 +0800 2020,我为我是中国人自豪🇨🇳,1723892547,0,芝余嚯嚯,773,611,f
4487573596522851,Sat Mar 28 22:06:23 +0800 2020,伟大,2331569161,0,迪迪_99,156,379,m
4487573562776322,Sat Mar 28 22:06:14 +0800 2020,华西顶尖,2808015293,0,Snhtw,278,469,f
4487573542130790,Sat Mar 28 22:06:10 +0800 2020,感动,2331569161,0,迪迪_99,156,379,m
4487573533710600,Sat Mar 28 22:06:08 +0800 2020,刚开始太难了，真的是一步步摸索出来的,1686708765,0,我是曹小麦,173,89,f
4487573508237011,Sat Mar 28 22:06:02 +0800 2020,这可是华西啊,7376840282,0,哈哈不歪,73,61,m
4487573475173405,Sat Mar 28 22:05:54 +0800 2020,医护真了不起,6051772628,0,夕阳之颜1010,334,106,f
4487573462100341,Sat Mar 28 22:05:51 +0800 2020,"<span class=""url-icon""><img alt=[good] src=""https://h5.sinaimg.cn/m/emoticon/icon/others/h_good-644bcfa993.png"" 
                style=""width:1em; height:1em;"" /></span>",5389685272,0,烟台笨笨2015,166,70,m
4487573436666822,Sat Mar 28 22:05:45 +0800 2020,咋还有广告,7376840282,0,哈哈不歪,73,61,m
4487573428485896,Sat Mar 28 22:05:43 +0800 2020,华西威武！,2156677842,0,春风秋雨SallyChen,465,348,f
4487573327794395,Sat Mar 28 22:05:19 +0800 2020,这里面太多艰辛都不为人知,2808015293,0,Snhtw,278,469,f
4487573319365344,Sat Mar 28 22:05:17 +0800 2020,好感动,2353420831,0,Homely米晓米,320,365,f
4487573303014362,Sat Mar 28 22:05:13 +0800 2020,"华西医院赞赞赞<span class=""url-icon""><img alt=[good] src=""https://h5.sinaimg.cn/m/emoticon/icon/others/h_good-644bcfa993.png"" 
                style=""width:1em; height:1em;"" /></span>",1723892547,0,芝余嚯嚯,773,611,f
4487573231837709,Sat Mar 28 22:04:56 +0800 2020,新闻调查水准还在，以后别再砍掉了。,1446265790,0,北方的大葵花,38,468,f
4487572917450993,Sat Mar 28 22:03:40 +0800 2020,疫情过去了一定要拍个纪录片,6409257129,0,开心泡泡0088,36,5,f
4487572828644519,Sat Mar 28 22:03:19 +0800 2020,援军来得多么重要啊！👍✊🙏,2145676591,0,天天开心CH,47,47,f
4487572782795130,Sat Mar 28 22:03:09 +0800 2020,"四川华西医院<span class=""url-icon""><img alt=[good] src=""https://h5.sinaimg.cn/m/emoticon/icon/others/h_good-644bcfa993.png"" 
                style=""width:1em; height:1em;"" /></span><span class=""url-icon""><img alt=[good] src=""https://h5.sinaimg.cn/m/emoticon/icon/others/h_good-644bcfa993.png"" 
                style=""width:1em; height:1em;"" /></span><span class=""url-icon""><img alt=[good] src=""https://h5.sinaimg.cn/m/emoticon/icon/others/h_good-644bcfa993.png"" 
                style=""width:1em; height:1em;"" /></span>",5358326832,0,好奇害死猫xll,1279,193,f
4487572736751057,Sat Mar 28 22:02:57 +0800 2020,太难了，他们也熬过来了，向你们致敬！！！,5872691796,0,玄彬泡椒一博都到碗里来,470,77,f
4487572581032420,Sat Mar 28 22:02:21 +0800 2020,<a href='/n/中国气象局'>@中国气象局</a> 👉<a href='/n/中央气象台'>@中央气象台</a>,5578210449,0,hoM5331,1213,176,m
4487572548401341,Sat Mar 28 22:02:13 +0800 2020,辛苦啊！,6096974298,0,闲云舒卷hong,391,205,f
4487572514040483,Sat Mar 28 22:02:05 +0800 2020,我大四川，牛逼,5829992116,0,懒羊羊与大学,63,16,f
4487572497156066,Sat Mar 28 22:02:01 +0800 2020,❤️ ❤️ ❤️,5860090381,0,给我欧起来,522,69,f
4487572493843208,Sat Mar 28 22:02:00 +0800 2020,科学救治多么重要啊👏,2145676591,0,天天开心CH,47,47,f
4487572187347871,Sat Mar 28 22:00:47 +0800 2020,科学防治的重要性,6051663989,0,若有剑来,303,116,f
4487571956309271,Sat Mar 28 21:59:52 +0800 2020,终于熬过来了,6409257129,0,开心泡泡0088,36,5,f
4487571902429442,Sat Mar 28 21:59:38 +0800 2020,专业,6051663989,0,若有剑来,303,116,f
4487571885262673,Sat Mar 28 21:59:35 +0800 2020,真不容易啊！,6409257129,0,开心泡泡0088,36,5,f
4487571726168704,Sat Mar 28 21:58:57 +0800 2020,30%妈耶！,2279400660,0,裹起小被子,117,10,m
4487571646196988,Sat Mar 28 21:58:38 +0800 2020,"?<span class=""url-icon""><img alt=[good] src=""https://h5.sinaimg.cn/m/emoticon/icon/others/h_good-644bcfa993.png"" 
                style=""width:1em; height:1em;"" /></span><span class=""url-icon""><img alt=[good] src=""https://h5.sinaimg.cn/m/emoticon/icon/others/h_good-644bcfa993.png"" 
                style=""width:1em; height:1em;"" /></span><span class=""url-icon""><img alt=[good] src=""https://h5.sinaimg.cn/m/emoticon/icon/others/h_good-644bcfa993.png"" 
                style=""width:1em; height:1em;"" /></span>",2353420831,0,Homely米晓米,320,365,f
4487571465432495,Sat Mar 28 21:57:55 +0800 2020,"太专业了<span class=""url-icon""><img alt=[赞] src=""https://h5.sinaimg.cn/m/emoticon/icon/others/h_zan-e3d1e596da.png"" 
                style=""width:1em; height:1em;"" /></span><span class=""url-icon""><img alt=[赞] src=""https://h5.sinaimg.cn/m/emoticon/icon/others/h_zan-e3d1e596da.png"" 
                style=""width:1em; height:1em;"" /></span><span class=""url-icon""><img alt=[赞] src=""https://h5.sinaimg.cn/m/emoticon/icon/others/h_zan-e3d1e596da.png"" 
                style=""width:1em; height:1em;"" /></span>",6096974298,0,闲云舒卷hong,391,205,f
4487571239262415,Sat Mar 28 21:57:01 +0800 2020,我们大四川的🐮,1883258614,0,妮922,165,297,f
4487571164312415,Sat Mar 28 21:56:43 +0800 2020,专业👍👍👍,2145676591,0,天天开心CH,47,47,f
4487570949647037,Sat Mar 28 21:55:51 +0800 2020,向你们致敬，,1669268604,0,玲玲LoveBaby,305,40,f
4487570921014955,Sat Mar 28 21:55:45 +0800 2020,保护好自己才能救治他人,2145676591,0,天天开心CH,47,47,f
4487570815234393,Sat Mar 28 21:55:20 +0800 2020,湖南那群傻子喊我们农民种双季稻。,5517501287,0,博士55320,150,25,m
4487570639467113,Sat Mar 28 21:54:37 +0800 2020,科学技术,2145676591,0,天天开心CH,47,47,f
4487570618399765,Sat Mar 28 21:54:33 +0800 2020,就是相当于手术室的自动门,1262608313,0,风逸丶杉杉,39,40,m
4487570173825164,Sat Mar 28 21:52:46 +0800 2020,磨刀不误砍柴工啊！👍,2145676591,0,天天开心CH,47,47,f
4487569905212130,Sat Mar 28 21:51:43 +0800 2020,有你们真好,6072737674,0,团团猪XX,123,171,f
4487569901596461,Sat Mar 28 21:51:42 +0800 2020,"<span class=""url-icon""><img alt=[允悲] src=""https://h5.sinaimg.cn/m/emoticon/icon/default/d_yunbei-9aa3c436a4.png"" 
                style=""width:1em; height:1em;"" /></span>这医院就在我家附近……",2279400660,0,裹起小被子,117,10,m
4487569867619353,Sat Mar 28 21:51:33 +0800 2020,不堪回首啊,6409257129,0,开心泡泡0088,36,5,f
4487569771150939,Sat Mar 28 21:51:10 +0800 2020,泪流满面,5872691796,0,玄彬泡椒一博都到碗里来,470,77,f
4487569703917216,Sat Mar 28 21:50:55 +0800 2020,武汉太难,1763768012,0,甜软喵瞄,294,181,f
4487569650011263,Sat Mar 28 21:50:42 +0800 2020,真是不容易啊,2145676591,0,天天开心CH,47,47,f
4487569616523693,Sat Mar 28 21:50:34 +0800 2020,想哭,2808015293,0,Snhtw,278,469,f
4487569594915528,Sat Mar 28 21:50:29 +0800 2020,太难了,2808015293,0,Snhtw,278,469,f
4487569331015841,Sat Mar 28 21:49:25 +0800 2020,辛苦他们了,2112797913,0,Tralny,138,1173,m
4487569251154627,Sat Mar 28 21:49:06 +0800 2020,"哦...他们不止有仓库，还有自己的医院……<span class=""url-icon""><img alt=[思考] src=""https://h5.sinaimg.cn/m/emoticon/icon/default/d_sikao-c599fd085f.png"" 
                style=""width:1em; height:1em;"" /></span>",1431296072,0,掉落人间的小册子,974,514,m
4487569217430878,Sat Mar 28 21:48:59 +0800 2020,忍不住的想要落泪,5991879372,0,柠檬夂酸,47,27,f
4487569209248170,Sat Mar 28 21:48:56 +0800 2020,真的真的辛苦了,5551973245,0,易艳玲儿,91,116,f
4487569167345852,Sat Mar 28 21:48:47 +0800 2020,一场战争,5982160135,0,楊楊楊楊哇啊,293,57,m
4487569117532442,Sat Mar 28 21:48:34 +0800 2020,大家辛苦了，好难大家,5991879372,0,柠檬夂酸,47,27,f
4487569091575085,Sat Mar 28 21:48:29 +0800 2020,大好消息 。,2981646424,0,Zhilan10,621,1630,f
4487569045198945,Sat Mar 28 21:48:18 +0800 2020,明天会更好啊啊啊,5869700116,0,知更南阁子,95,42,f
4487569029245462,Sat Mar 28 21:48:13 +0800 2020,你们真正的英雄,6732312223,0,抬头望月月无光,100,11,m
4487568797798427,Sat Mar 28 21:47:19 +0800 2020,"一定会越来越好的<span class=""url-icon""><img alt=[嘻嘻] src=""https://h5.sinaimg.cn/m/emoticon/icon/default/d_xixi-813ededea2.png"" 
                style=""width:1em; height:1em;"" /></span><span class=""url-icon""><img alt=[爱你] src=""https://h5.sinaimg.cn/m/emoticon/icon/default/d_aini-4a23c0524a.png"" 
                style=""width:1em; height:1em;"" /></span>",7354066393,0,爱做梦的小邋遢鬼,66,7,f
4487568667888327,Sat Mar 28 21:46:48 +0800 2020,呵呵,6068327602,0,那个最帅帅的,118,3,m
4487568668718855,Sat Mar 28 21:46:48 +0800 2020,看着红会就头疼！,2618225090,0,过期烟鬼,61,11,m
4487568567227347,Sat Mar 28 21:46:24 +0800 2020,正在看,1670054753,0,走过雨季的空间,89,123,f
4487568534195813,Sat Mar 28 21:46:15 +0800 2020,致敬英雄,7325704458,0,Meaculpaaaa,334,6,f
4487568441250971,Sat Mar 28 21:45:54 +0800 2020,辛苦了,1778467384,0,爱笑的大C,575,619,f
4487568437288631,Sat Mar 28 21:45:53 +0800 2020,[鮮花][鮮花][鮮花],6324485321,0,小小鸟家好梦圆555,104,10,m
4487568328661073,Sat Mar 28 21:45:27 +0800 2020,越来越好了！,2047072584,0,风荷韵May,158,301,f
4487568278314160,Sat Mar 28 21:45:15 +0800 2020,"辛苦了<span class=""url-icon""><img alt=[给你小心心] src=""https://h5.sinaimg.cn/m/emoticon/icon/others/qixi2018_xiaoxinxin-afb8c6ea83.png"" 
                style=""width:1em; height:1em;"" /></span>",5987186880,0,我爱芋泥加西米,389,39,f
4487568022790589,Sat Mar 28 21:44:14 +0800 2020,辛苦了！,6397019702,0,泓鑫啊,227,43,m
4487568009535021,Sat Mar 28 21:44:11 +0800 2020,"希望媒体发文应该谨慎客观，而不是一味追逐热点，让善良的人们蒙受委屈，让自私自利之人逍遥法外，扭曲事实。<a  href=""https://m.weibo.cn/search?containerid=231522type%3D1%26t%3D10%26q%3D%23%E4%BB%8A%E5%A4%A9%EF%BC%8C%E4%B9%9D%E6%B1%9F%E5%8F%97%E4%BC%A4%E4%BA%86%23&extparam=%23%E4%BB%8A%E5%A4%A9%EF%BC%8C%E4%B9%9D%E6%B1%9F%E5%8F%97%E4%BC%A4%E4%BA%86%23"" data-hide=""""><span class=""surl-text"">#今天，九江受伤了#</span></a> ",1564326294,0,凯撒文设计黄坚,147,139,m
4487567942142736,Sat Mar 28 21:43:54 +0800 2020,"辛苦了<span class=""url-icon""><img alt=[心] src=""https://h5.sinaimg.cn/m/emoticon/icon/others/l_xin-6912791858.png"" 
                style=""width:1em; height:1em;"" /></span><span class=""url-icon""><img alt=[心] src=""https://h5.sinaimg.cn/m/emoticon/icon/others/l_xin-6912791858.png"" 
                style=""width:1em; height:1em;"" /></span>",6891073966,0,宇Limerence,28,47,f
4487567741537091,Sat Mar 28 21:43:07 +0800 2020,"春暖花开，笑脸相迎<span class=""url-icon""><img alt=[心] src=""https://h5.sinaimg.cn/m/emoticon/icon/others/l_xin-6912791858.png"" 
                style=""width:1em; height:1em;"" /></span><span class=""url-icon""><img alt=[心] src=""https://h5.sinaimg.cn/m/emoticon/icon/others/l_xin-6912791858.png"" 
                style=""width:1em; height:1em;"" /></span>",6053366127,0,HXANDLX阿嬅-,401,1258,f
4487567686954522,Sat Mar 28 21:42:54 +0800 2020,春暖花开，都会好起来的,5382188122,0,小肥兔白又白两只耳朵竖起来,100,157,f
4487567678645353,Sat Mar 28 21:42:52 +0800 2020,"辛苦了<span class=""url-icon""><img alt=[武汉加油] src=""https://h5.sinaimg.cn/m/emoticon/icon/others/cw_wuhanjiayou-0e0df8741a.png"" 
                style=""width:1em; height:1em;"" /></span>",6429734549,0,JeJeJeJessie-C雨点,72,20,f
4487567619520508,Sat Mar 28 21:42:37 +0800 2020,急诊科的护士长真能干,1801457635,0,记录者老K,790,1154,m
4487567569741234,Sat Mar 28 21:42:26 +0800 2020,🇺🇸传进来的,3283807801,0,Hosence,78,231,f
4487567548119971,Sat Mar 28 21:42:21 +0800 2020,致敬,5869700116,0,知更南阁子,95,42,f
4487567476742224,Sat Mar 28 21:42:04 +0800 2020,请问基层政府联合村委欺诈老百姓拆迁你们敢不敢出来曝光？？？？？,2725582795,0,Young树,490,313,f
4487567422852507,Sat Mar 28 21:41:51 +0800 2020,太不容易,5982160135,0,楊楊楊楊哇啊,293,57,m
4487567355510638,Sat Mar 28 21:41:35 +0800 2020,白衣天使,1801457635,0,记录者老K,790,1154,m
4487567195746282,Sat Mar 28 21:40:57 +0800 2020,加油,5742855670,0,W永远少年,39,17,m
4487833576722203,Sun Mar 29 15:19:26 +0800 2020,转发微博,1808739450,0,林小花脖,205,236,f
4487821043710193,Sun Mar 29 14:29:39 +0800 2020,这个纪录不错啊，讲述了当时的状况<a href='/n/铅黄铅黄'>@铅黄铅黄</a>,1945470921,0,德国雨爱上加州阳,174,746,m
4487592407885034,Sat Mar 28 23:21:07 +0800 2020,"去年六月大学毕业 有幸面试上并留在红会医院 1月22日那几天的场面终身难忘 战过 不后悔！ 好想哭<span class=""url-icon""><img alt=[泪] src=""https://h5.sinaimg.cn/m/emoticon/icon/default/d_lei-1b4b02f8b1.png"" 
                style=""width:1em; height:1em;"" /></span><span class=""url-icon""><img alt=[泪] src=""https://h5.sinaimg.cn/m/emoticon/icon/default/d_lei-1b4b02f8b1.png"" 
                style=""width:1em; height:1em;"" /></span><span class=""url-icon""><img alt=[泪] src=""https://h5.sinaimg.cn/m/emoticon/icon/default/d_lei-1b4b02f8b1.png"" 
                style=""width:1em; height:1em;"" /></span> 是真的 真的 真的 不容易",5408135006,2,zjf庚云,510,136,m
4487932951693105,Sun Mar 29 21:54:19 +0800 2020,"感谢你们<span class=""url-icon""><img alt=[作揖] src=""https://h5.sinaimg.cn/m/emoticon/icon/others/h_zuoyi-cb12e18fd5.png"" 
                style=""width:1em; height:1em;"" /></span><span class=""url-icon""><img alt=[作揖] src=""https://h5.sinaimg.cn/m/emoticon/icon/others/h_zuoyi-cb12e18fd5.png"" 
                style=""width:1em; height:1em;"" /></span><span class=""url-icon""><img alt=[作揖] src=""https://h5.sinaimg.cn/m/emoticon/icon/others/h_zuoyi-cb12e18fd5.png"" 
                style=""width:1em; height:1em;"" /></span>",1217282822,0,六分区的三营长,964,360,m
4487571079624896,Sat Mar 28 21:56:23 +0800 2020,惊心动魄，医护人员太辛苦了,1363988073,0,Socrates399,286,162,m
4487631075353042,Sun Mar 29 01:54:47 +0800 2020,麻烦你直播医务人员补贴的事儿怎么样？,3883791154,0,anson81192,502,153,m
4487628110006346,Sun Mar 29 01:43:00 +0800 2020,补贴解决。？别一次性把人用完了喲,3883791154,0,anson81192,502,153,m
4487567317266023,Sat Mar 28 21:41:26 +0800 2020,我~来~啦~~中国加油~~~武汉加油💪💪,6596628222,0,肖你你,159,1438,f
4487567674068303,Sat Mar 28 21:42:51 +0800 2020,基层医务人员补贴给了吗,1993668947,1,Mitchi陈,564,280,m
4487690101247792,Sun Mar 29 05:49:20 +0800 2020,红十字会看好你哟，让国人看见你们的变化，人民需要红十字会，不需要各种慈善机构。,7327024460,0,我只是社会的寄生虫,2,3,m
4487615539371942,Sun Mar 29 00:53:03 +0800 2020,正在补节目，谢谢你为我们拼过命？,1852484350,0,呼吸在雾霾下,69,24,m
4487608912064223,Sun Mar 29 00:26:43 +0800 2020,春暖花开，一起来武汉欣赏美景,2630311537,0,瑶瑶属猫MEWg,34,0,m
4487598103426801,Sat Mar 28 23:43:45 +0800 2020,"辛苦啦<span class=""url-icon""><img alt=[心] src=""https://h5.sinaimg.cn/m/emoticon/icon/others/l_xin-6912791858.png"" 
                style=""width:1em; height:1em;"" /></span>",7307475148,0,刘宇宁家的十贰2,11,1,f
4487595839201861,Sat Mar 28 23:34:46 +0800 2020,为我们西南的骄傲华西医大点赞👍也为武汉的医生点赞，辛苦你们了！,2253615865,0,LEO-66,33,17,f
4487585781241819,Sat Mar 28 22:54:48 +0800 2020,川军牛b,6054289524,0,青木瞳6054289524,318,98,m
4487573449865656,Sat Mar 28 22:05:48 +0800 2020,好难,3070375267,0,时间旅行2012,151,78,f
4487573445907240,Sat Mar 28 22:05:47 +0800 2020,512，大家帮四川，现在轮到我们四川报恩了,6284966572,0,名字太长别人记不住411,176,60,m
4487572568628733,Sat Mar 28 22:02:18 +0800 2020,"我大四川威武<span class=""url-icon""><img alt=[赞] src=""https://h5.sinaimg.cn/m/emoticon/icon/others/h_zan-e3d1e596da.png"" 
                style=""width:1em; height:1em;"" /></span>",6284966572,0,名字太长别人记不住411,176,60,m
4487572317543509,Sat Mar 28 22:01:18 +0800 2020,太难了,7321286975,0,HLI松山紫玉,36,0,m
4487572220731079,Sat Mar 28 22:00:55 +0800 2020,。,6493399199,0,Z三石头,156,87,m
4487571885262265,Sat Mar 28 21:59:34 +0800 2020,👍👍👍👍,7321286975,0,HLI松山紫玉,36,0,m
4487571822865314,Sat Mar 28 21:59:20 +0800 2020,赶上了,7321286975,0,HLI松山紫玉,36,0,m
4487570946041662,Sat Mar 28 21:55:51 +0800 2020,我们的医生太棒了,1686847995,0,大翘虎,109,18,m
4487570803455800,Sat Mar 28 21:55:15 +0800 2020,真不容易，保护好自己,1686847995,0,大翘虎,109,18,m
4487569683307199,Sat Mar 28 21:50:50 +0800 2020,红十字会，一哆嗦,7341970624,0,嘚瑟晓情绪,20,8,m
4487569649998691,Sat Mar 28 21:50:41 +0800 2020,加油💪,7269258447,0,王辰烨1721,3,1,m
4487569431125682,Sat Mar 28 21:49:50 +0800 2020,真不容易啊！,1463323862,0,有些事情就是这样s,135,69,f
4487567326243498,Sat Mar 28 21:41:28 +0800 2020,辛苦了,7392614918,0,积极向上仔,50,7,f
4487902417875905,Sun Mar 29 19:52:59 +0800 2020,<a href='/n/水瓶病-患者-'>@水瓶病-患者-</a> <a href='/n/小白也是家人'>@小白也是家人</a>,5611163371,0,奶茶我会继续喝的,57,55,f
4487874155719555,Sun Mar 29 18:00:42 +0800 2020,补助要到位阿,7416273843,0,Cy是小艺,13,5,m
4487874084379075,Sun Mar 29 18:00:25 +0800 2020,辛苦了,7416273843,0,Cy是小艺,13,5,m
4487757638292440,Sun Mar 29 10:17:42 +0800 2020,<a href='/n/略略略略略略lue_'>@略略略略略略lue_</a>,3814878295,0,白床单黑沙发,112,134,m
4487730870414844,Sun Mar 29 08:31:20 +0800 2020,转发微博,2140937143,0,摩的大彪客,67,120,m
4487720417898946,Sun Mar 29 07:49:47 +0800 2020,"<span class=""url-icon""><img alt=[心] src=""https://h5.sinaimg.cn/m/emoticon/icon/others/l_xin-6912791858.png"" 
                style=""width:1em; height:1em;"" /></span>",7410978054,0,涂有有,88,9,f
4487633117501559,Sun Mar 29 02:02:54 +0800 2020,.,6599146277,0,买油蛙,112,7,m
4487632594092130,Sun Mar 29 02:00:49 +0800 2020,"<span class=""url-icon""><img alt=[心] src=""https://h5.sinaimg.cn/m/emoticon/icon/others/l_xin-6912791858.png"" 
                style=""width:1em; height:1em;"" /></span>",6594921966,0,_小兔紫_,177,246,f
4487630232043684,Sun Mar 29 01:51:25 +0800 2020,这个视频，是目前欧美医院的教科书啊<a href='/n/美国驻华大使馆'>@美国驻华大使馆</a> <a href='/n/英国驻华使馆'>@英国驻华使馆</a> <a href='/n/德国驻华大使馆'>@德国驻华大使馆</a> <a href='/n/西班牙驻华大使馆官方微博'>@西班牙驻华大使馆官方微博</a>,2730917117,0,爱玛莎健身品牌,753,15732,f
4487607976869345,Sun Mar 29 00:22:59 +0800 2020,"红十字会？ 吓了我一哆嗦，赶紧看另外的微博。<span class=""url-icon""><img alt=[鄙视] src=""https://h5.sinaimg.cn/m/emoticon/icon/default/d_bishi-34f7294c90.png"" 
                style=""width:1em; height:1em;"" /></span>",2420490913,0,CN兰花湾,234,71,m
4487604072454144,Sun Mar 29 00:07:29 +0800 2020,红十字会到底咋回事,7400338864,0,微生嘉仪,48,0,m
4487601001687097,Sat Mar 28 23:55:16 +0800 2020,"支持朋友<span class=""url-icon""><img alt=[给力] src=""https://h5.sinaimg.cn/m/emoticon/icon/others/f_geili-7e99751314.png"" 
                style=""width:1em; height:1em;"" /></span><span class=""url-icon""><img alt=[doge] src=""https://h5.sinaimg.cn/m/emoticon/icon/others/d_doge-861403219c.png"" 
                style=""width:1em; height:1em;"" /></span><span class=""url-icon""><img alt=[睡] src=""https://h5.sinaimg.cn/m/emoticon/icon/default/d_shuijiao-6feb2f1452.png"" 
                style=""width:1em; height:1em;"" /></span>",3793061443,0,-素颜姑娘,4445,386,f
4487599006129743,Sat Mar 28 23:47:21 +0800 2020,早日结束,3194241630,0,power梦想,108,17,m
4487589199153268,Sat Mar 28 23:08:23 +0800 2020,<a href='/n/轩璃3789212187'>@轩璃3789212187</a> 新闻调查最近的系列都做的不错,5609125755,0,菡菡想不出名字来,592,63,f
4487587765318757,Sat Mar 28 23:02:41 +0800 2020,"~<span class=""url-icon""><img alt=[抱抱] src=""https://h5.sinaimg.cn/m/emoticon/icon/default/d_baobao-b928ba5761.png"" 
                style=""width:1em; height:1em;"" /></span><span class=""url-icon""><img alt=[抱抱] src=""https://h5.sinaimg.cn/m/emoticon/icon/default/d_baobao-b928ba5761.png"" 
                style=""width:1em; height:1em;"" /></span><span class=""url-icon""><img alt=[心] src=""https://h5.sinaimg.cn/m/emoticon/icon/others/l_xin-6912791858.png"" 
                style=""width:1em; height:1em;"" /></span><span class=""url-icon""><img alt=[心] src=""https://h5.sinaimg.cn/m/emoticon/icon/others/l_xin-6912791858.png"" 
                style=""width:1em; height:1em;"" /></span>",5550092460,0,心之花语yy,2761,362,f
4487585672090590,Sat Mar 28 22:54:21 +0800 2020,"<span class=""url-icon""><img alt=[并不简单] src=""https://h5.sinaimg.cn/m/emoticon/icon/default/d_bingbujiandan-e0c6936005.png"" 
                style=""width:1em; height:1em;"" /></span><span class=""url-icon""><img alt=[话筒] src=""https://h5.sinaimg.cn/m/emoticon/icon/others/o_huatong-a3c5f9bcc2.png"" 
                style=""width:1em; height:1em;"" /></span>",5346276984,0,HB_CL陈亮,279,408,m
4487581754230589,Sat Mar 28 22:38:48 +0800 2020,这个医院蛮low，也叫十一医院。现在被协和接管了。医生做手术还收红包，垃圾医院,7148668429,0,白云朵朵mama,7,0,f
4487581468795455,Sat Mar 28 22:37:40 +0800 2020,放的我大四川,7410319304,0,沈桓竹2020,114,30,f
4487580899196306,Sat Mar 28 22:35:23 +0800 2020,转发微博,6975561858,0,风幻互娱七十一区动画棱镜互动,6159,90,m
4487579351271482,Sat Mar 28 22:29:14 +0800 2020,医护和基层一线的补贴都足额发放了吗？,1900886595,0,zoe271828,543,278,f
4487578776183006,Sat Mar 28 22:26:57 +0800 2020,刚在电视上看了完整节目，感慨很多！武汉付出太多了！这两个月每一天都像是经历一场灾难大片！！！,1928744572,0,札西拉姆-兰,131,377,f
4487574162346216,Sat Mar 28 22:08:38 +0800 2020,预后，不是愈后,3479381051,0,静悟时光淡阅流年,4922,1101,m
4487574162347325,Sat Mar 28 22:08:38 +0800 2020,预后，不是愈后,3479381051,0,静悟时光淡阅流年,4922,1101,m
4487573881344584,Sat Mar 28 22:07:31 +0800 2020,"感动，<span class=""url-icon""><img alt=[泪] src=""https://h5.sinaimg.cn/m/emoticon/icon/default/d_lei-1b4b02f8b1.png"" 
                style=""width:1em; height:1em;"" /></span>太艰难了！",2631462707,0,zhixin2012,565,373,f
4487573638885238,Sat Mar 28 22:06:32 +0800 2020,国大就是好！,2269157212,0,黄原种田家,318,639,m
4487573407928850,Sat Mar 28 22:05:38 +0800 2020,川军永不负国,1689708047,0,落日下的哲别,106,72,m
4487573059469706,Sat Mar 28 22:04:14 +0800 2020,会更好的,6667124044,0,仇晨绍,82,37,m
4487572686425361,Sat Mar 28 22:02:46 +0800 2020,"春暖花开，一切都在慢慢好起来<span class=""url-icon""><img alt=[心] src=""https://h5.sinaimg.cn/m/emoticon/icon/others/l_xin-6912791858.png"" 
                style=""width:1em; height:1em;"" /></span>",6163983382,0,是wuli安安的采采哟,36,20,f
4487572153423694,Sat Mar 28 22:00:39 +0800 2020,"我的天啊，真的是看哭了<span class=""url-icon""><img alt=[泪] src=""https://h5.sinaimg.cn/m/emoticon/icon/default/d_lei-1b4b02f8b1.png"" 
                style=""width:1em; height:1em;"" /></span><span class=""url-icon""><img alt=[泪] src=""https://h5.sinaimg.cn/m/emoticon/icon/default/d_lei-1b4b02f8b1.png"" 
                style=""width:1em; height:1em;"" /></span><span class=""url-icon""><img alt=[泪] src=""https://h5.sinaimg.cn/m/emoticon/icon/default/d_lei-1b4b02f8b1.png"" 
                style=""width:1em; height:1em;"" /></span>大家看看红会医院从连清洁区都没有到建好清洁区的过程<span class=""url-icon""><img alt=[泪] src=""https://h5.sinaimg.cn/m/emoticon/icon/default/d_lei-1b4b02f8b1.png"" 
                style=""width:1em; height:1em;"" /></span><span class=""url-icon""><img alt=[泪] src=""https://h5.sinaimg.cn/m/emoticon/icon/default/d_lei-1b4b02f8b1.png"" 
                style=""width:1em; height:1em;"" /></span><span class=""url-icon""><img alt=[泪] src=""https://h5.sinaimg.cn/m/emoticon/icon/default/d_lei-1b4b02f8b1.png"" 
                style=""width:1em; height:1em;"" /></span>四川支援队辛苦了<span class=""url-icon""><img alt=[泪] src=""https://h5.sinaimg.cn/m/emoticon/icon/default/d_lei-1b4b02f8b1.png"" 
                style=""width:1em; height:1em;"" /></span><span class=""url-icon""><img alt=[泪] src=""https://h5.sinaimg.cn/m/emoticon/icon/default/d_lei-1b4b02f8b1.png"" 
                style=""width:1em; height:1em;"" /></span><span class=""url-icon""><img alt=[泪] src=""https://h5.sinaimg.cn/m/emoticon/icon/default/d_lei-1b4b02f8b1.png"" 
                style=""width:1em; height:1em;"" /></span>",1205821607,0,月光啊-撒撒啊都是小王子啊,521,1261,f
4487571126588169,Sat Mar 28 21:56:33 +0800 2020,致敬，科学管理,6084606277,0,恩泽如雨9,407,115,f
4487570760982374,Sat Mar 28 21:55:07 +0800 2020,我们的医生太厉害了,7406376902,0,Lingling保,96,23,f
4487570237001666,Sat Mar 28 21:53:01 +0800 2020,"看直播！感动！<span class=""url-icon""><img alt=[good] src=""https://h5.sinaimg.cn/m/emoticon/icon/others/h_good-644bcfa993.png"" 
                style=""width:1em; height:1em;"" /></span><span class=""url-icon""><img alt=[good] src=""https://h5.sinaimg.cn/m/emoticon/icon/others/h_good-644bcfa993.png"" 
                style=""width:1em; height:1em;"" /></span><span class=""url-icon""><img alt=[good] src=""https://h5.sinaimg.cn/m/emoticon/icon/others/h_good-644bcfa993.png"" 
                style=""width:1em; height:1em;"" /></span><span class=""url-icon""><img alt=[赞] src=""https://h5.sinaimg.cn/m/emoticon/icon/others/h_zan-e3d1e596da.png"" 
                style=""width:1em; height:1em;"" /></span><span class=""url-icon""><img alt=[赞] src=""https://h5.sinaimg.cn/m/emoticon/icon/others/h_zan-e3d1e596da.png"" 
                style=""width:1em; height:1em;"" /></span><span class=""url-icon""><img alt=[赞] src=""https://h5.sinaimg.cn/m/emoticon/icon/others/h_zan-e3d1e596da.png"" 
                style=""width:1em; height:1em;"" /></span><span class=""url-icon""><img alt=[威武] src=""https://h5.sinaimg.cn/m/emoticon/icon/others/f_v5-c583bc351a.png"" 
                style=""width:1em; height:1em;"" /></span><span class=""url-icon""><img alt=[威武] src=""https://h5.sinaimg.cn/m/emoticon/icon/others/f_v5-c583bc351a.png"" 
                style=""width:1em; height:1em;"" /></span><span class=""url-icon""><img alt=[威武] src=""https://h5.sinaimg.cn/m/emoticon/icon/others/f_v5-c583bc351a.png"" 
                style=""width:1em; height:1em;"" /></span><span class=""url-icon""><img alt=[鲜花] src=""https://h5.sinaimg.cn/m/emoticon/icon/others/w_xianhua-6efa26efdf.png"" 
                style=""width:1em; height:1em;"" /></span><span class=""url-icon""><img alt=[鲜花] src=""https://h5.sinaimg.cn/m/emoticon/icon/others/w_xianhua-6efa26efdf.png"" 
                style=""width:1em; height:1em;"" /></span><span class=""url-icon""><img alt=[鲜花] src=""https://h5.sinaimg.cn/m/emoticon/icon/others/w_xianhua-6efa26efdf.png"" 
                style=""width:1em; height:1em;"" /></span>",2631462707,0,zhixin2012,565,373,f
4487568936542702,Sat Mar 28 21:47:52 +0800 2020,辛苦了！,6548636331,0,Bukuuuu,47,1186,f
4487568898460022,Sat Mar 28 21:47:43 +0800 2020,很艰苦。,7405900833,0,PQKSHA,31,7,f
4487568789884827,Sat Mar 28 21:47:17 +0800 2020,辛苦了！你们将被铭记。,7405900833,0,PQKSHA,31,7,f
