﻿4467196996582437,Sat Feb 01 16:37:03 +0800 2020,"红十字会带n95的口罩，一线医护人员带一次性口罩，真他妈讽刺<span class=""url-icon""><img alt=[微笑] src=""https://h5.sinaimg.cn/m/emoticon/icon/default/d_hehe-039d0a6a8a.png"" 
                style=""width:1em; height:1em;"" /></span>",6601354334,75921,女权bo,241,401987,f
4467197009228477,Sat Feb 01 16:37:05 +0800 2020,别的不说了，舆论压力给够了，只希望中央尽快整顿红十字会，前线医生能尽快拿到物资❗ 其他的等政府秋后算账吧❗,5842124218,47342,说给电竞老实人们,274,10687,m
4467197097061508,Sat Feb 01 16:37:27 +0800 2020,"人民出钱又出力，贪官背后笑嘻嘻。可怜人民傻白甜，红会还我血汗钱！<span class=""url-icon""><img alt=[微笑] src=""https://h5.sinaimg.cn/m/emoticon/icon/default/d_hehe-039d0a6a8a.png"" 
                style=""width:1em; height:1em;"" /></span>",6209083042,48376,我偏要讲,312,13009,f
4467197395235062,Sat Feb 01 16:38:37 +0800 2020,湖北省红十字工作人员回应说：凭什么医院要分三六等级？你听听这说的是人话吗？大灾大难面前，医院当然要分等级，谁冒着生命危险在一线救人谁应该是特等级别，他们应该是第一时间收到口罩的人！！！ ,5311264927,38119,一路上有你ZL,189,1862,m
4467196954408727,Sat Feb 01 16:36:53 +0800 2020,请问来自全国的救援物资喂了谁,5675351219,20312,飞飞来抓小孩啦,97,115,m
4467197516598570,Sat Feb 01 16:39:06 +0800 2020,？？？民用的咋了？我们的医生都他吗用泳镜了，这么大个仓库这么多物资，就是不能好好分配不能及时送达，垃圾红十字！,2584664837,20000,再熬夜我是猪ldn,412,83,f
4467197306964025,Sat Feb 01 16:38:17 +0800 2020,要是在古代，真的直接斩了这群狗官。,5172102577,12957,雪汀芜,24,5934,f
4467201543687896,Sat Feb 01 16:55:06 +0800 2020,我tm看了十分钟一肚子气？？采访的就是个别处抽来帮忙的员工一问三不知？昨天终于把物流签发安排给了专业的人办，一直在强调物资分发不及时是因为得卫健委和市场监管局分辨是不是符合医用，一点货一堆人围着虚着推……太多槽点了谁看了能不气？？,1860543902,8059,詹二瘦瘦瘦爱希__,181,11206,m
4467197189034080,Sat Feb 01 16:37:49 +0800 2020,可以24小时直播吗，像火神山那样,3187314522,8050,张开闭每天都想暴富,129,229,f
4467197042255558,Sat Feb 01 16:37:14 +0800 2020,给红十字会开一个行不？,5484744598,7505,雪碧雪碧最爱雪碧,138,36,f
4467203443383657,Sat Feb 01 17:02:40 +0800 2020,"看了二十多分钟，被采访者打官腔，三十多个人搬一车货，主要劳动力只有几个人，大部分的人都在丧尸一样毫无目的地瞎走，而且还人手一个n95，我还看见一个给镜头的搬货的大爷还带了防护眼镜。你说压力大，怎么办事效率这么低，救命的事啊，我去，作为一个医学生越看越气<span class=""url-icon""><img alt=[怒] src=""https://h5.sinaimg.cn/m/emoticon/icon/default/d_nu-54e54e160b.png"" 
                style=""width:1em; height:1em;"" /></span><span class=""url-icon""><img alt=[怒] src=""https://h5.sinaimg.cn/m/emoticon/icon/default/d_nu-54e54e160b.png"" 
                style=""width:1em; height:1em;"" /></span><span class=""url-icon""><img alt=[怒] src=""https://h5.sinaimg.cn/m/emoticon/icon/default/d_nu-54e54e160b.png"" 
                style=""width:1em; height:1em;"" /></span>",6023574833,7503,本命子华墙头遍地,146,130,f
4467196971603360,Sat Feb 01 16:36:57 +0800 2020,为什么捐那么多医用物资 武汉一线白衣天使使用的防护用品还是缺？希望彻查武汉红十字会。,5129642176,5500,摩西Jyx,972,169,m
4467197134590523,Sat Feb 01 16:37:36 +0800 2020,这是我复制的一个医生去领口罩没领到发的微博。。医生带着普通一次性口罩 红会带着N95  别人捐给医生的口罩 医生不能直接拿到 得像红十字会乞讨 最后还乞讨不到 多心疼啊又多可笑！！！！,7088263321,5464,于辰欢,61,46059,m
4467197219310634,Sat Feb 01 16:37:56 +0800 2020,共同战什么疫？医护人员前面拼命，架得住后面人捅刀子？,6097972909,4997,旋覆来服,315,253,f
4467202768046536,Sat Feb 01 16:59:58 +0800 2020,看直播被气死，刚刚他说什么？意思现在缺口大的仍然缺一部分，所有医院都是平等的，不存在谁病患多谁病患少，那你分物资怎么不平分？怎么给人家医院3000个？？？整形医院一万多？？你讲的是个屁？？？,7207677670,4515,这锅我不背咯,244,0,f
4467197369980746,Sat Feb 01 16:38:31 +0800 2020,不能医用也比文件袋好啊？？？人家医生都在用文件袋了好吗,1274025100,3681,汞饺子E,431,1884,f
4467219414757335,Sat Feb 01 18:06:07 +0800 2020,"要笑死了，央视记者带大家去看出库，走半道上被保安赶走了，连设备都不让取硬要他们走别的门出去<span class=""url-icon""><img alt=[嘻嘻] src=""https://h5.sinaimg.cn/m/emoticon/icon/default/d_xixi-813ededea2.png"" 
                style=""width:1em; height:1em;"" /></span>",1857083900,3003,MelodyJ阿欣,454,2306,f
4467201149437648,Sat Feb 01 16:53:32 +0800 2020,"别作秀了好吗？这么点货的挪移，我们工厂一牵引车最多2个工人操作就够了……视频里里给搞了4⃣️-5⃣️个！<span class=""url-icon""><img alt=[拜拜] src=""https://h5.sinaimg.cn/m/emoticon/icon/default/d_baibai-71b47dffdc.png"" 
                style=""width:1em; height:1em;"" /></span>",1647146077,3320,臭臭的羊驼爱吃草,469,491,f
4467198183403409,Sat Feb 01 16:41:46 +0800 2020,你们一个守仓库的凭什么用n95口罩，谢谢我们是捐给一线医护人员的，咋这么不要脸，把所有物资对仓库不按需分发还嫌占了你们地方了，,2507998741,2728,静初似玉-,121,154,f
4467216357730948,Sat Feb 01 17:53:58 +0800 2020,我感觉 暗访最有用,1971241801,2025,-LavieBoheme-,1182,263,f
4467202378297202,Sat Feb 01 16:58:26 +0800 2020,记者在采访一个工作人员，“请问您是哪边的人？” ...“我...我”了几秒...旁边一直带领记者那位工作人员“专办的专办的” “我专办的” 请问您的工作任务是？  “负责发货”那个工作人员 “我就负责发货...”立马闪开... 我TM,2810483994,2372,十辦月亮_,307,347,f
4467209650819722,Sat Feb 01 17:27:20 +0800 2020,？协和医院 一个重症科室，只领了两件防护服，4个n95！,6099414485,2170,_六斤_,384,294,m
4467197805942444,Sat Feb 01 16:40:16 +0800 2020,民用护目镜不达到标准但是总比文件袋拆了做防护强吧？？？？？编，继续编,5148141167,2132,-言城-,473,88,f
4467197143358581,Sat Feb 01 16:37:38 +0800 2020,"探访也找不到红会吞掉的口罩的<span class=""url-icon""><img alt=[摊手] src=""https://h5.sinaimg.cn/m/emoticon/icon/default/d_tanshou-3abaa4ed77.png"" 
                style=""width:1em; height:1em;"" /></span>",6346324006,1786,咸蛋黄啵啵小奶鹅,979,3804,f
4467197227361743,Sat Feb 01 16:37:57 +0800 2020,红十字会的戴n95口罩，一线医护人员戴什么他们知道吗？,1801745535,1717,电竞选手石原里美,555,357,f
4467197441096155,Sat Feb 01 16:38:49 +0800 2020,天天直播出去，360无死角直播。多弄几个摄像头,3073597827,1582,海绵饱饱饱饱饱饱饱饱,814,2408841,f
4467201539484170,Sat Feb 01 16:55:06 +0800 2020,一个个都在那里站着坐着，给我说压力太大了？洗白？我们没脑子？？？甩锅给谁？反正一切和你们没关系？都是平均分配？为啥不孕不育医院有一万八？你所谓的平均？他们的二奶在那个医院打胎呢？？？协和医院不配？,3613082771,1582,今今超可爱,124,116,f
4467202352766608,Sat Feb 01 16:58:20 +0800 2020,继续洗  一个推车十几个人在那扶???这个形式主义还能不能在强一点?一点都没有争分夺秒救人的感觉。慢悠悠 懒洋洋!,2415598187,1122,速冻一颗江南橙,627,715,f
4467220031792939,Sat Feb 01 18:08:34 +0800 2020,"这个直播真的绝了，诚邀大家看看 1.随机直播，采访到志愿者，志愿者呼吁多来点志愿者帮忙，直播突然被掐了 2.采访到的人全是志愿者，一问就是我今天来的，昨天才刚开始入库登记 3.六个人站在两箱物资前人工登记，人员重复同一件事（干啥呢斗地主啊） 4.记者被保安请出去了不让拍，直播掐了<span class=""url-icon""><img alt=[费解] src=""https://h5.sinaimg.cn/m/emoticon/icon/default/d_feijie-bac8e40ab4.png"" 
                style=""width:1em; height:1em;"" /></span>",2131389721,1099,贤惠的小娘们儿耘耘小妞,336,610,f
4467197575260703,Sat Feb 01 16:39:21 +0800 2020,你们凭什么戴n95口罩,3236346365,979,SerendipityiscOming_,373,390,f
4467198796130514,Sat Feb 01 16:44:12 +0800 2020,一一登记工作量非常大？？？？？？？？？？？？？？？？,5748614466,871,万千山水藏于心,222,10688,f
4467197541860746,Sat Feb 01 16:39:13 +0800 2020,这么多挤压的不发等着明年过年吗！干不了就别干！凭什么所有捐赠都要走你们的渠道！凭什么自己干不了还要把所有物资都揽到自己这里！,5057751486,839,Jennifer哈士奇,75,77,f
4467197022275811,Sat Feb 01 16:37:08 +0800 2020,八方支援不了一方好奇怪,6330811230,878,池池是猛一,122,68,f
4467197042252475,Sat Feb 01 16:37:14 +0800 2020,来了来了 求求了对一线医务工作人员好点吧,5023168715,730,仓鼠嫁衣,394,22274,f
4467202612706465,Sat Feb 01 16:59:22 +0800 2020,“物品不是我们红十字会再发你知道吧？是专办？？再发” “专办？”就是卫计委、红十字会...各单位组成的... ？？？ “不不不，不是各医院来领，是我们再送，我们给各医院送” ？？？ “你看，货全部在这里，我们没有黑？？” “我吧？我就是一个普通的工作人员.....” ... 我tm...,2810483994,676,十辦月亮_,307,347,f
4467216395220580,Sat Feb 01 17:54:08 +0800 2020,记者小哥加油啊！犀利些,2117124755,506,鼓鼓囊囊小仓许,315,44,f
4467220677705494,Sat Feb 01 18:11:08 +0800 2020,"厉害了，央视记者被威胁轰出去了，设备都不让拿<span class=""url-icon""><img alt=[允悲] src=""https://h5.sinaimg.cn/m/emoticon/icon/default/d_yunbei-9aa3c436a4.png"" 
                style=""width:1em; height:1em;"" /></span>",5072071340,670,叶落惊雪,139,127,f
4467202533174101,Sat Feb 01 16:59:03 +0800 2020,本来我是中立的态度，我看到这个被采访的工作人员手叉在那里我就很不爽，这是什么说话的态度啊。。还说网络上网暴他们。。,1780522030,651,小可爱仙女小D酱,318,1156,f
4467202881437854,Sat Feb 01 17:00:26 +0800 2020,这直播根本看不下去，偌大的仓库，几十个人，真正在做事的有几个，多少人都是戴着口罩站在旁边看，镜头推进了，就一群人一起装车，东西还没人多呢，太假了！！！,2254793841,713,薛小柒想去很多地方,165,650,f
4467198229308741,Sat Feb 01 16:41:57 +0800 2020,张口闭口不符合医用条件，发出来看看到底能不能用嘛,1760719607,546,腐尔摩斯迷,163,348,f
4467205024265928,Sat Feb 01 17:08:56 +0800 2020,一群背着手悠哉的？？？搁这儿散步呢都？？？要不要再配个保温杯+枸杞，再一人一把大躺椅！就看了一眼还是一个志愿者在干活？？？,2257001524,490,朗姆微甜,264,1622,f
4467209550639583,Sat Feb 01 17:26:55 +0800 2020,"<span class=""url-icon""><img alt=[嘻嘻] src=""https://h5.sinaimg.cn/m/emoticon/icon/default/d_xixi-813ededea2.png"" 
                style=""width:1em; height:1em;"" /></span> “是有点缺但是我们已经官方辟谣了” “想问一下具体有多缺多缺呢？” “这么说吧 我们一个科室两件防护服 4个n95”",1945688575,429,Tosing_,479,460,f
4467197143418836,Sat Feb 01 16:37:37 +0800 2020,"红十字风险投资股份有限公司<span class=""url-icon""><img alt=[赞] src=""https://h5.sinaimg.cn/m/emoticon/icon/others/h_zan-e3d1e596da.png"" 
                style=""width:1em; height:1em;"" /></span>",1855839540,426,洪相散人,81,1024,m
4467197143420723,Sat Feb 01 16:37:38 +0800 2020,红十红十别装死 装死必遭天雷劈,1997778642,420,千黛汐Rebecca,74,6156,f
4467205779277747,Sat Feb 01 17:11:57 +0800 2020,“我们昨天二十个干部搬32吨货” qnmd搬货的全是志愿者啊！人家志愿者搬到半夜 一天搬十几二十车的货 你们就像遛弯儿一样背着手晃来晃去！！围着志愿者看着人家搬货 镜头一扫过来就扑上去做样子 以为大家瞎啊 还说网上的声音太多是因为网友在家没事做？垃圾玩意儿 全程一句实话也没有 你们委屈死了吼？,3969475048,492,cooooooperberries,2215,391,f
4467201027566598,Sat Feb 01 16:53:03 +0800 2020,"这么大个仓库这么多人慢悠悠推一个小推车  这工作效率爹服了<span class=""url-icon""><img alt=[微笑] src=""https://h5.sinaimg.cn/m/emoticon/icon/default/d_hehe-039d0a6a8a.png"" 
                style=""width:1em; height:1em;"" /></span>",2060784852,98,叶猫子君,821,6409,f
4467203090896812,Sat Feb 01 17:01:16 +0800 2020,说的都是什么屁话！什么“别人花半个小时，我可能要花一个小时”，这是一个已经工作了的成年人说的话吗！国家的蛀虫！一场疫情，真是照妖镜，不照不知道，这么些小鬼。好像一个两个的没什么大害，聚一起，就是天大的祸害！让所有人的努力功亏一篑的祸害！,1848643257,388,bingbingjiang,288,1032,f
4467199131791026,Sat Feb 01 16:45:32 +0800 2020,央视前期的采访感觉是在给武汉红十字会洗白，开始还不信，一查才知道原来我们的名嘴白岩松是红会副主席，看着同济、协和、中南几家大医院不停的在网上募集物资，而这边物资堆积如山真的寒心。彻底失望了,2070641047,386,咿呀咿呀猪宝宝,398,198,f
4467287174147770,Sat Feb 01 22:35:22 +0800 2020,为什么还不能看回放,2696312561,5,NB一个丁,19,56,m
4467239190958514,Sat Feb 01 19:24:43 +0800 2020,这都闹成这样了，tm中央的领导现在都干嘛呢，一点都不关心？能不能派个不敢撵的人去啊，红会工作的人就没一个人敢站出来说一下实情到底是什么？要不我们以为库里藏金矿了呢,5605797235,9,-幼儿园大佬,260,39,f
4467231826434120,Sat Feb 01 18:55:27 +0800 2020,哈哈哈 明明入库播得挺好的嘛 播什么出库 没有的东西播什么播嘛,1788229407,10,泓仔发誓下辈子打死不做预结算,360,341,m
4467216131193233,Sat Feb 01 17:53:05 +0800 2020,刚直播中协和医院去拉指定捐赠的一台设备说昨天协和医院一个科室就给了2件防护服4个N95,3008306351,5,Riona_Cc,96,159,f
4467494272629092,Sun Feb 02 12:18:19 +0800 2020,"央视记者去过阿富汗、伊拉克、伊朗，但是去不了红十字会仓库。<span class=""url-icon""><img alt=[嘻嘻] src=""https://h5.sinaimg.cn/m/emoticon/icon/default/d_xixi-813ededea2.png"" 
                style=""width:1em; height:1em;"" /></span>如果一个国家平台，公信力没有了。是何等可怕，但还都是一边骂，一边捐。因为相信政府的力量。如果政府也无法干预，那大概国家也快GG了。",1587166420,5,赵征宇Eric,185,19933,m
4467263866270553,Sat Feb 01 21:02:46 +0800 2020,头条能看回放！！！！,3695486665,3,YinYX2452,54,22,m
4467449460642917,Sun Feb 02 09:20:14 +0800 2020,回放在哪呢？？,5040779568,2,鸣小小小宁狐,263,43,f
4467246431179426,Sat Feb 01 19:53:29 +0800 2020,听说被赶出来了？？？,5648068694,2,木子不是果,124,39,f
4467484784756076,Sun Feb 02 11:40:37 +0800 2020,为什么看不了回放？,6120762532,2,向往鹰的飞翔92590,99,23,m
4467456322188382,Sun Feb 02 09:47:31 +0800 2020,回放看不了了？？？？？？？？？,5649270323,1,星乄逐光等待安年,230,339,f
4467449640942849,Sun Feb 02 09:20:58 +0800 2020,"回访不能看的朋友们，不要点确定，还能凑合看<span class=""url-icon""><img alt=[微笑] src=""https://h5.sinaimg.cn/m/emoticon/icon/default/d_hehe-039d0a6a8a.png"" 
                style=""width:1em; height:1em;"" /></span>",1791301483,2,早睡少女睡不着,177,90,f
4467251350832969,Sat Feb 01 20:13:01 +0800 2020,"哪家组织机构敢在直播镜头前赶央视记者,武汉红会算第一家吧,而且昨天协和医院领到4件防护服,4件<span class=""url-icon""><img alt=[微笑] src=""https://h5.sinaimg.cn/m/emoticon/icon/default/d_hehe-039d0a6a8a.png"" 
                style=""width:1em; height:1em;"" /></span>,我还以为我听错了,转头问了我妈,今天去领的一台仪器还是爱心人士定向捐赠<span class=""url-icon""><img alt=[微笑] src=""https://h5.sinaimg.cn/m/emoticon/icon/default/d_hehe-039d0a6a8a.png"" 
                style=""width:1em; height:1em;"" /></span>",1984478835,4,炭烤兔腿,162,1059,f
4467514291606497,Sun Feb 02 13:37:51 +0800 2020,我的母亲是一名乡村医生，这个村子里有5000多人。整个村卫生所只有2名医生。每天的病人络绎不绝，每天除了按时给武汉返乡及接触人员定时测量体温外，还要背着喷洒药水的壶挨家挨户消毒，5000多人的家庭啊，除了这些每天还要接待诊治几十上百的病人。夜晚还要进行工作情况汇报。她们也是默默无闻的英雄,3896711634,1,多变仍热爱,61,351,m
4467493407748607,Sun Feb 02 12:14:53 +0800 2020,"红十字武汉主任就是天津大爆炸后调过来的<span class=""url-icon""><img alt=[允悲] src=""https://h5.sinaimg.cn/m/emoticon/icon/default/d_yunbei-9aa3c436a4.png"" 
                style=""width:1em; height:1em;"" /></span><span class=""url-icon""><img alt=[允悲] src=""https://h5.sinaimg.cn/m/emoticon/icon/default/d_yunbei-9aa3c436a4.png"" 
                style=""width:1em; height:1em;"" /></span><span class=""url-icon""><img alt=[允悲] src=""https://h5.sinaimg.cn/m/emoticon/icon/default/d_yunbei-9aa3c436a4.png"" 
                style=""width:1em; height:1em;"" /></span>，赵继海",5412576018,1,个子1米8,30,459,m
4467467218667748,Sun Feb 02 10:30:48 +0800 2020,这个怎么不能回放啊,3276084270,1,Grape_queen,74,16,f
4467441512197323,Sun Feb 02 08:48:40 +0800 2020,回放呢？？？,5585897231,1,Airouyare,304,572,f
4467362315029627,Sun Feb 02 03:33:58 +0800 2020,为什看不了回放......,1776030021,1,童妹,1095,1631,f
4467295370084797,Sat Feb 01 23:07:56 +0800 2020,"怎么看不了<span class=""url-icon""><img alt=[疑问] src=""https://h5.sinaimg.cn/m/emoticon/icon/default/d_yiwen-40a816d206.png"" 
                style=""width:1em; height:1em;"" /></span>",5354678985,0,大财神令,659,3789,m
4467265649343677,Sat Feb 01 21:09:51 +0800 2020,回放呢？？？？,5790229858,3,废话超多得,358,102,f
4467373514245743,Sun Feb 02 04:18:28 +0800 2020,一包方便面都可以公示为什么你们不做？就算医院用不上也要公示出来给有需要的人吧！,6967798543,1,史泰农cC,331,2,m
4467311341776223,Sun Feb 02 00:11:25 +0800 2020,我点不开回放了，你们能点开吗,5229363464,2,blue假装丿,48,0,m
4467277392740892,Sat Feb 01 21:56:30 +0800 2020,什么时候可以看回放？,2093864264,1,小圆圈圈圈圈圈儿,226,851,f
4467472356361700,Sun Feb 02 10:51:14 +0800 2020,嗯？湖北荣军医院？是无痛人流的那个吗？,5498943956,2,丝滑__柔顺__光泽d,154,65,f
4467318715682434,Sun Feb 02 00:40:43 +0800 2020,"让王岐山管管不行吗<span class=""url-icon""><img alt=[喵喵] src=""https://h5.sinaimg.cn/m/emoticon/icon/others/d_miao-61fe2a7aaa.png"" 
                style=""width:1em; height:1em;"" /></span>",6224865192,3,炸总先生,149,24,m
4467197390488483,Sat Feb 01 16:38:37 +0800 2020,红十字工作人员说的是什么逼话？,5822411987,321,Sunafukin,64,111,f
4467197013435303,Sat Feb 01 16:37:06 +0800 2020,<a href='/n/水解不变价'>@水解不变价</a> 北京支援武汉这些医生也是套的垃圾袋，不接受红十辟谣，太黑了！！这是医生同事,6210847073,320,usususes,102,9,m
4467220090486291,Sat Feb 01 18:08:48 +0800 2020,一千多万人在线观看红会派保安赶走央视记者，红会这波操作NB！佩服佩服,1758041263,347,薛定谔的我呀,245,255,f
4467209667389589,Sat Feb 01 17:27:24 +0800 2020,协和官方辟谣我们明白。但是协和气死我了一个科室只有4个口罩两件防护服，然后其他物资一车一车给别的医院送。为什么我们要看直播，这就是我们要看的东西，一线队伍医生到底要怎么样才能突破人为的阻碍，拿到该得到的物资！,7029843698,275,啵叽cindy,434,4,f
4467222548392948,Sat Feb 01 18:18:34 +0800 2020,总结一下：1.专业分发公司昨天入驻。2.我们都不是红会员工。3.志愿者很冤枉，红会确实没有克扣物资，就是人手不够。4.一个志愿者说，感觉昨天工作才步入正轨。5.遇到协和领定捐赠物资的大夫：协和有个科室4个人昨天领了两件防护服。4个n95口罩。6.拍到一半被保安赶走了。,2071937533,268,馒头别吃,381,77,f
4467220379708010,Sat Feb 01 18:09:58 +0800 2020,直播到一半央视记者竟然被红会保安赶出去了，红会真够牛的,1820959595,224,猛源环游世界,533,466,f
4467197928052242,Sat Feb 01 16:40:44 +0800 2020,红十字会带n95的口罩，一线医护人员带一次性口罩？我们捐的物资是给一线医护人员的，不是给红十字会的人的！,7063228795,221,喝下午茶的miao,1483,2562,f
4467197047120733,Sat Feb 01 16:37:15 +0800 2020,🌶️🐔红十字,3094433924,192,每日甜份,367,2044649,f
4467197927363243,Sat Feb 01 16:40:45 +0800 2020,所以现在这么紧急了 医务人员都要弹尽粮绝了还是不能把这些规格不太够的凑合发下去？宁愿让他们裹塑料袋也不给一个口罩❓❓,5644792228,212,cocoqrx,427,229,f
4467213337392445,Sat Feb 01 17:41:58 +0800 2020,"为什么看到关键的地方就掐掉了？？？？？？？<span class=""url-icon""><img alt=[good] src=""https://h5.sinaimg.cn/m/emoticon/icon/others/h_good-644bcfa993.png"" 
                style=""width:1em; height:1em;"" /></span>900多万人盯着呢",5661580971,213,冯小婷婷婷,492,344,f
4467199362205597,Sat Feb 01 16:46:27 +0800 2020,"我有个朋友想看看不符合医用条件的东西是什么，可不可以给她看一下<span class=""url-icon""><img alt=[doge] src=""https://h5.sinaimg.cn/m/emoticon/icon/others/d_doge-861403219c.png"" 
                style=""width:1em; height:1em;"" /></span><span class=""url-icon""><img alt=[doge] src=""https://h5.sinaimg.cn/m/emoticon/icon/others/d_doge-861403219c.png"" 
                style=""width:1em; height:1em;"" /></span><span class=""url-icon""><img alt=[doge] src=""https://h5.sinaimg.cn/m/emoticon/icon/others/d_doge-861403219c.png"" 
                style=""width:1em; height:1em;"" /></span>",2470908263,200,快乐至上0912,247,250,f
4467201941885188,Sat Feb 01 16:56:41 +0800 2020,这么多人一起推一堆东西？？为什么？？每天快递行业那么多种类，那么多人，也没说东西堆积啊！！！怎么到了你们这里，只有定点医院，就发不明白了呢？？？？难道比快递员给一个地区的群众送快递还复杂么？？？能力不行就认就得了！！神马凌晨十点下班，中午又上班的！！医院24小时都在面对生死呢！,2972892004,241,快乐也哭啊,2196,277,f
4467205033401134,Sat Feb 01 17:08:59 +0800 2020,真不专业啊！太不专业了啊！物资录入系统，没有？对应清单的编号或者sku号，没有？三个人核对同一张单子，还说会快点？？？小学生做的清单，上面就写着手套，你知道是谁捐的，哪个牌子的？ 都是些什么玩意！！！2020年了啊，你们家电脑呢？也都租给别人收钱做员工福利用啊？会用excel吗？ 太气愤了！,2681910375,218,PLMT_17,235,301,m
4467433433894534,Sun Feb 02 08:16:33 +0800 2020,B站可以看回放！！,6817626498,1,垃圾whzf毁我三观,72,1,f
4467301133157053,Sat Feb 01 23:30:51 +0800 2020,我不是很懂，这位保安，您知道您这是在赶走1300万人民的监督吗？ 谁给你的勇气和权力敢与人民为敌？,6135573894,1,坏坏的剑齿狼,28,31,m
4467198996869899,Sat Feb 01 16:45:00 +0800 2020,他们根本不需带要N95口罩，又不是在病房上班，带一般的其他口罩就行，谢谢！不要浪费了，钟教授说了，外科口罩也可以，请你们不要浪费,2721443215,235,我爱心宝,159,98,f
4467203703819732,Sat Feb 01 17:03:42 +0800 2020,1.所有医院一样重要。这个时候不接受发热门诊的能和定点医院一样重要？好的，那把发热的人运莆田去呀 2.网友闲的，看热闹还不嫌事大，这是就是闲得的网友造谣。但凡你做得好点我tm还真不想在这个时期看这种热闹。 3.真的烂透了,5239098617,161,木笔-L,126,83,f
4467220321038757,Sat Feb 01 18:09:44 +0800 2020,你敢信，红会掐了央视的直播,6322776071,204,努力变欧皇的非酋,48,13,f
4467210880083002,Sat Feb 01 17:32:13 +0800 2020,"<span class=""url-icon""><img alt=[费解] src=""https://h5.sinaimg.cn/m/emoticon/icon/default/d_feijie-bac8e40ab4.png"" 
                style=""width:1em; height:1em;"" /></span><span class=""url-icon""><img alt=[费解] src=""https://h5.sinaimg.cn/m/emoticon/icon/default/d_feijie-bac8e40ab4.png"" 
                style=""width:1em; height:1em;"" /></span><span class=""url-icon""><img alt=[费解] src=""https://h5.sinaimg.cn/m/emoticon/icon/default/d_feijie-bac8e40ab4.png"" 
                style=""width:1em; height:1em;"" /></span>这么多物资整他妈一个人拿着a4纸对真他妈服了，我们是生活在2020年吗<span class=""url-icon""><img alt=[微笑] src=""https://h5.sinaimg.cn/m/emoticon/icon/default/d_hehe-039d0a6a8a.png"" 
                style=""width:1em; height:1em;"" /></span><span class=""url-icon""><img alt=[微笑] src=""https://h5.sinaimg.cn/m/emoticon/icon/default/d_hehe-039d0a6a8a.png"" 
                style=""width:1em; height:1em;"" /></span><span class=""url-icon""><img alt=[微笑] src=""https://h5.sinaimg.cn/m/emoticon/icon/default/d_hehe-039d0a6a8a.png"" 
                style=""width:1em; height:1em;"" /></span>东西放哪都不清楚 ，我也是在物流呆过双十一也经历过 ，谁他妈要敢这速度要开除八百回了，现在人命关天，旁边一堆人晃晃悠悠干嘛呢逛大街吗？？？！！！",5063063955,177,泰勒霉老婆大人,340,6,f
4467209197823071,Sat Feb 01 17:25:31 +0800 2020,2件防护衣，4件n95口罩，一个科室,1616541840,151,3Mc_AD宇轩,363,544,m
4467198221690421,Sat Feb 01 16:41:54 +0800 2020,敢不敢把工作流程公开出来啊，谁管什么，谁负责什么！列出来，让大家看看清楚啊,7063228795,154,喝下午茶的miao,1483,2562,f
4467197235781152,Sat Feb 01 16:37:59 +0800 2020,"开直播行不，我天天看着，我都快闲出屁了<span class=""url-icon""><img alt=[微笑] src=""https://h5.sinaimg.cn/m/emoticon/icon/default/d_hehe-039d0a6a8a.png"" 
                style=""width:1em; height:1em;"" /></span>",5395653836,145,柠檬味氮气贩卖机,74,71,f
4467202482931163,Sat Feb 01 16:58:50 +0800 2020,"唉！看那么多人围在一起了慢慢悠悠的推一小拉车，再慢慢悠悠的抱上车，嗐…这要是在其他工作单位仓库怕是要吃炒鱿鱼了<span class=""url-icon""><img alt=[二哈] src=""https://h5.sinaimg.cn/m/emoticon/icon/others/d_erha-0fecc90ac1.png"" 
                style=""width:1em; height:1em;"" /></span><span class=""url-icon""><img alt=[二哈] src=""https://h5.sinaimg.cn/m/emoticon/icon/others/d_erha-0fecc90ac1.png"" 
                style=""width:1em; height:1em;"" /></span>",6367585984,142,待君长发及腰做我心上人可好,350,537,f
4467202848031349,Sat Feb 01 17:00:17 +0800 2020,真的 听这个负责人说话我就血气上涌，啥叫“网络上负能量太多，不了解真实情况”，我们就是想了解真实情况，所以你公开啊倒是。就怕脸给你打没,3122610995,170,Kathy-YL,2533,162,f
4467202785169525,Sat Feb 01 17:00:03 +0800 2020,都这么严重了！中央你听不到吗！为什么还不整治武汉红十字会！黄冈的说下马就下马，武汉的什么时候下！还留在乌纱在祸国殃民！不管不问吗！雷厉手段呢？抗疫决心呢！全国人民都众怒了，看看你的百姓，看看你在前线的医护人员吧！到底为什么还没人管！,5534013001,164,MQINM,146,25,f
4467199198561267,Sat Feb 01 16:45:48 +0800 2020,请架几个摄影机24小时直播,1757269975,122,朕的后宫人太多,791,872,f
4467220257912956,Sat Feb 01 18:09:29 +0800 2020,央视记者都被赶出去了？？？真就没有王法了是吗？？？他们是有多脏？这是有多讽刺？,6258025466,124,子熹忘在雁回的凉信,358,162,m
4467203804068082,Sat Feb 01 17:04:06 +0800 2020,居然有脸还说把我们干部累得够呛？干部在搬运？ 他们凭什么不能做,3001373012,99,差三隔五,85,145,m
4467197538195581,Sat Feb 01 16:39:12 +0800 2020,"武汉红十字会把台账清清楚楚搞出来，一帮社会蛀虫，整天搞官僚主义，祸国殃民<span class=""url-icon""><img alt=[拜拜] src=""https://h5.sinaimg.cn/m/emoticon/icon/default/d_baibai-71b47dffdc.png"" 
                style=""width:1em; height:1em;"" /></span><span class=""url-icon""><img alt=[拜拜] src=""https://h5.sinaimg.cn/m/emoticon/icon/default/d_baibai-71b47dffdc.png"" 
                style=""width:1em; height:1em;"" /></span><span class=""url-icon""><img alt=[拜拜] src=""https://h5.sinaimg.cn/m/emoticon/icon/default/d_baibai-71b47dffdc.png"" 
                style=""width:1em; height:1em;"" /></span>",1655692047,118,滚滚回家吃竹子呀,140,646,f
4467197969195599,Sat Feb 01 16:40:55 +0800 2020,"红会工作人员都是n95随便用…<span class=""url-icon""><img alt=[黑线] src=""https://h5.sinaimg.cn/m/emoticon/icon/default/d_heixian-bde08b426c.png"" 
                style=""width:1em; height:1em;"" /></span>我们疾控口罩都优先实验室核酸检测人员，抠巴巴用，尽量留给一线队用的。我就弄不明白了，没有一线医护和流调组消毒组，没有基层居委，你们红会来抗疫情吗？",1620565521,141,银河42,203,130,f
4467197554779462,Sat Feb 01 16:39:16 +0800 2020,&quot;红橙黄绿青蓝紫 谁会不要脸&quot; &quot;红会&quot; ,5273002088,125,世界巨丑,920,2513,f
4467197286390315,Sat Feb 01 16:38:11 +0800 2020,"普通老百姓根本买不到口罩<span class=""url-icon""><img alt=[失望] src=""https://h5.sinaimg.cn/m/emoticon/icon/default/d_shiwang-7925938d93.png"" 
                style=""width:1em; height:1em;"" /></span>酒精<span class=""url-icon""><img alt=[失望] src=""https://h5.sinaimg.cn/m/emoticon/icon/default/d_shiwang-7925938d93.png"" 
                style=""width:1em; height:1em;"" /></span>",5238092305,90,生旦瀞末丑,200,3765,f
4467202189430569,Sat Feb 01 16:57:40 +0800 2020,还干部很累，干部累效率低那换年轻人搬啊，雇专业的人来啊。自己没本事别揽瓷器活，看那委屈的啊，呵呵。,2537026541,88,机制胖,458,559,f
4467198909204787,Sat Feb 01 16:44:39 +0800 2020,找顺丰京东帮你管仓库吧,6075954175,105,起名字真是一件很困难的事情呢,477,120,m
4467202503560404,Sat Feb 01 16:58:56 +0800 2020,"刚看了一段。被采访人说现在都是领导在现场搬运物资，不是专业的所以效率不高。昨天20个领导搬了32吨货，都累坏了。记者问现在医院很多物资都紧缺，你觉得和你们的效率有关吗。被采访者一口咬定没有，然后开始分点说本身就存在紧缺问题blabla。<span class=""url-icon""><img alt=[拜拜] src=""https://h5.sinaimg.cn/m/emoticon/icon/default/d_baibai-71b47dffdc.png"" 
                style=""width:1em; height:1em;"" /></span>光这段老娘就被气到。",1945886555,105,节省天风,302,279,f
4467220346298335,Sat Feb 01 18:09:50 +0800 2020,为什么播着播着就切断了？？？保安为什么不让拍，为什么急着赶出去记者？？？,5502996727,96,Pg-XZ,774,633,m
4467202554491216,Sat Feb 01 16:59:07 +0800 2020,记者在采访一个工作人员，“请问您是哪边的人？” ...“我...我”了几秒...旁边一直带领记者那位工作人员“专办的专办的” “我专办的” 请问您的工作任务是？  “负责发货”那个工作人员 “我就负责发货...”立马闪开... 我TM,2810483994,91,十辦月亮_,307,347,f
4467220732679817,Sat Feb 01 18:11:22 +0800 2020,<a href='/n/央视新闻'>@央视新闻</a> 你家的记者小哥哥刚才被撵出来了,1797429641,93,奇妙者BliBli,295,1147,f
4467202671083214,Sat Feb 01 16:59:35 +0800 2020,看五分钟能气死，几十个人围着一辆小推车，装一辆小货车，慢吞吞，还累的够呛？镜头一扫，坐着的人假惺惺地站起来，说自己不专业，那就找专业的来，每天几千的确诊看不见吗？一线的物资消耗没看见吗？慢一分钟会有多大的危险，这些只顾自己钱包的人是不会懂的，一线没口罩，这主人还带着n95，讽刺极了,2261971083,104,Ray不可當的ray,366,381,f
4467199336759842,Sat Feb 01 16:46:20 +0800 2020,医院不能用的口罩，为什么不发给武汉民众？你囤仓库干嘛？现在全国的口罩都买不到，都去了武汉，不是给你囤的！！！,1737443590,99,宝蓝小妖13号,1000,427,f
4467198179864896,Sat Feb 01 16:41:45 +0800 2020,有人拿命抗战疫情 有人拿别人命贪婪！,1227407741,87,尼奇窝窝,350,3585867,f
4467221747241594,Sat Feb 01 18:15:24 +0800 2020,太可恶了吧，央视采访，却被驱赶，之前断了还说是信号不好，刚才亲眼看见保安赶人，之后就直播不了了，中国的眼睛就是这种待遇？不见红会的人工作，只有志愿者，手动登记，效率不如快递公司，两个人卸两箱货，五六个人围观，却说太忙了不让拍，强烈要求下去拍出库却被驱赶叫停，我忍不了了,5750874808,96,黑黑的阿华,55,33,m
4467207192845620,Sat Feb 01 17:17:33 +0800 2020,看直播这是想气死我？？全员慢吞吞，被采访的一脸不屑地说这时候不分医院的轻重缓急，都是要平均的来，还略微有差异。3k只和1.8w只这叫略微？？？？我真的是想冲进屏幕锤你个猪脑袋,2032292523,101,不莱吉,331,26,f
4467202465953155,Sat Feb 01 16:58:47 +0800 2020,说的什么狗屁话？一是说自己委屈。说物资太多。你倒是分出去啊！还说自己不专业时间浪费在分别东西上！不专业不换人啊！还说现在农民工都回去了搬运的都是干部！干部不能搬东西？！医生们在第一线冲锋！你他妈一个后勤工作都做不好！不跟群众介绍库存情况和分配情况！一直诉说自己委屈！吗的,1897259557,95,ApTAT,974,208,f
4467197722030950,Sat Feb 01 16:39:56 +0800 2020,"外围人员的防护都需要带n95，医护人员不配戴<span class=""url-icon""><img alt=[微笑] src=""https://h5.sinaimg.cn/m/emoticon/icon/default/d_hehe-039d0a6a8a.png"" 
                style=""width:1em; height:1em;"" /></span>",5013635646,103,缺乏睡眠的小木棉,273,1013,f
4467197479260047,Sat Feb 01 16:38:58 +0800 2020,"探访仓库有屁用，一人一车拉走送医院去啊<span class=""url-icon""><img alt=[嘻嘻] src=""https://h5.sinaimg.cn/m/emoticon/icon/default/d_xixi-813ededea2.png"" 
                style=""width:1em; height:1em;"" /></span>",1790044983,88,猫崽喜欢你呀,197,743,m
4467197101171143,Sat Feb 01 16:37:27 +0800 2020,我们广发网民都想看严查红十字会，尤其赵海山,5561411112,93,婷婷63914417,106,73,f
4467221068241616,Sat Feb 01 18:12:41 +0800 2020,"央视记者去直播红十字 然后被保安轰走了<span class=""url-icon""><img alt=[微笑] src=""https://h5.sinaimg.cn/m/emoticon/icon/default/d_hehe-039d0a6a8a.png"" 
                style=""width:1em; height:1em;"" /></span> 666",5234953716,109,不瘦但是没胸,241,210,f
4467220556338635,Sat Feb 01 18:10:40 +0800 2020,艹  保安把记者赶走了  说不让进  没牌子不能从那边进  那边是有什么  问到工作人员 他说他今天第一天来,2131382985,88,草莓CM214,2277,748,f
4467220052190855,Sat Feb 01 18:08:40 +0800 2020,真是绝了 一个保安都能赶央视记者 到底不想让拍到什么  全是志愿者做这些工作 武汉红会的人个个都是领导没有一个做事的嘛？,5176066016,113,零壹二三啊,297,161,f
4467209156422267,Sat Feb 01 17:25:21 +0800 2020,"昨天领了四个n95口罩 两件防护服 <span class=""url-icon""><img alt=[微笑] src=""https://h5.sinaimg.cn/m/emoticon/icon/default/d_hehe-039d0a6a8a.png"" 
                style=""width:1em; height:1em;"" /></span>",5932323181,88,藏好温柔,318,278,f
4467222317117802,Sat Feb 01 18:17:40 +0800 2020,1.红会没有人 全是志愿者 2.纸笔录入捐赠物品信息 3.凭纸质表格发放物资 4.带头的工作人员说网上关于红十字会的言论都是别有用心 5.小姐姐说这里全是志愿者缺人手的时候信号断了 其他人都说没有困难 6.保安大叔说你不出去我工作就丢了的时候信号也断了,1730069584,101,__九月,503,352,f
4467210300428764,Sat Feb 01 17:29:54 +0800 2020,看了一会儿，一车捐往荣军医院，一车捐往华科天佑？？（天佑医院明明是武汉科技大学的附属医院啊），碰到一个小车是协和医院来拿他们的定向物资的（一台超声机），协和重症监护科室一个科室昨天发了两件防护服和四个n95口罩。二十分钟的记录。,5790186921,96,横行霸道鸭,65,55,m
4467197001070053,Sat Feb 01 16:37:04 +0800 2020,送我上去，大家一起加油,5652146055,105,山中水涧Sharonklls,67,73,m
4467204622189929,Sat Feb 01 17:07:21 +0800 2020,刚才那个蓝衣服工作人员，还说网友起哄添乱一天闲着没事乱说，还有什么他的理解医院就是一视同仁，拿七医院举例，避提仁爱，我太想让他背一下不忘初心，牢记使命了，就凭这个理解，他们单位的主题教育负分。,1253602680,114,哈塔塔哈塔塔,373,184,f
4467202457536593,Sat Feb 01 16:58:45 +0800 2020,"说自己忙不过来，那么这个机构存在的意义又是什么呢？既然知道自己无法胜任这种工作，为什么不一开始就交给专门的物流公司运作？不要问到一些事情就开始推卸责任，说什么别的部门，别的部门具体是什么？在直播里一直卖惨，我信了你的鬼话<span class=""url-icon""><img alt=[太开心] src=""https://h5.sinaimg.cn/m/emoticon/icon/default/d_taikaixin-97bd3f82d6.png"" 
                style=""width:1em; height:1em;"" /></span>",6583323741,90,为什么要取名字_,131,47,f
4467197499993755,Sat Feb 01 16:39:03 +0800 2020,真的服了，只会说捐赠的物资不适合医用，那那么多适合医用的呢？旁边的难道都不能医用嘛？,2540801624,87,橙子擦嘴,206,467,f
4467201816171922,Sat Feb 01 16:56:12 +0800 2020,竟然完全推脱 “我认为没有关系” 连一星半点都不承认 佩服佩服,1707291875,78,丸纸要打好80分,407,309,f
4467196996865657,Sat Feb 01 16:37:03 +0800 2020,"<span class=""url-icon""><img alt=[微笑] src=""https://h5.sinaimg.cn/m/emoticon/icon/default/d_hehe-039d0a6a8a.png"" 
                style=""width:1em; height:1em;"" /></span>谢谢，这个我爱看",5359510553,66,负能量选手,247,134,f
4467209219296381,Sat Feb 01 17:25:37 +0800 2020,"协和一个科室，昨天领了2件防护衣，4个n95口罩<span class=""url-icon""><img alt=[摊手] src=""https://h5.sinaimg.cn/m/emoticon/icon/default/d_tanshou-3abaa4ed77.png"" 
                style=""width:1em; height:1em;"" /></span><span class=""url-icon""><img alt=[摊手] src=""https://h5.sinaimg.cn/m/emoticon/icon/default/d_tanshou-3abaa4ed77.png"" 
                style=""width:1em; height:1em;"" /></span><span class=""url-icon""><img alt=[摊手] src=""https://h5.sinaimg.cn/m/emoticon/icon/default/d_tanshou-3abaa4ed77.png"" 
                style=""width:1em; height:1em;"" /></span>",3889126700,103,芋圆4号不加糖,261,79,f
4467202642315033,Sat Feb 01 16:59:29 +0800 2020,这记者行不行啊 问个问题这么温柔 也说不到点子上,2905091263,81,ZCeverglow,51,78,m
4467219348311586,Sat Feb 01 18:05:51 +0800 2020,"央视的采访，武汉红十字都敢驱赶，不让拍？！<span class=""url-icon""><img alt=[赞] src=""https://h5.sinaimg.cn/m/emoticon/icon/others/h_zan-e3d1e596da.png"" 
                style=""width:1em; height:1em;"" /></span><span class=""url-icon""><img alt=[赞] src=""https://h5.sinaimg.cn/m/emoticon/icon/others/h_zan-e3d1e596da.png"" 
                style=""width:1em; height:1em;"" /></span><span class=""url-icon""><img alt=[赞] src=""https://h5.sinaimg.cn/m/emoticon/icon/others/h_zan-e3d1e596da.png"" 
                style=""width:1em; height:1em;"" /></span>",2238756612,74,微风老战,340,542,m
4467197302884428,Sat Feb 01 16:38:16 +0800 2020,"现在直播是不是有点晚了<span class=""url-icon""><img alt=[困] src=""https://h5.sinaimg.cn/m/emoticon/icon/default/d_kun-a593cf62c9.png"" 
                style=""width:1em; height:1em;"" /></span>",5320892349,65,Loeycake,274,1655,f
4467220325803967,Sat Feb 01 18:09:45 +0800 2020,可真是把武汉红虱子牛逼坏了，央视爸爸都敢赶出来，心虚到无法控制自己了吗？请求中纪委好好严查武汉政界这潭深水！谁给了他们这种肆无忌惮的权力！,3661351373,74,麻麻的孩纸,154,9501,f
4467263698653527,Sat Feb 01 21:02:05 +0800 2020,此处要艾特那位“内疚、自责、痛心”的……,1750298267,51,烨子云游世界,355,997,f
4467215912844854,Sat Feb 01 17:52:12 +0800 2020,"网友发现问题了，才有志愿者，才有系统在计划，然后还说网友都是闲得在家，在找你们麻烦，哦棒棒的<span class=""url-icon""><img alt=[微笑] src=""https://h5.sinaimg.cn/m/emoticon/icon/default/d_hehe-039d0a6a8a.png"" 
                style=""width:1em; height:1em;"" /></span>",5090897240,52,柠檬优冻,404,573,f
4467201140406958,Sat Feb 01 16:53:31 +0800 2020,之前说很多是抽调过来的不知道物资怎么看什么，现在又说是民用的不能用啥的，分的特别清楚，这不是自相矛盾吗？民用的不也是资源，不能先用起来再说吗？放仓库烂掉之后又要辟谣吗？那还不是说明你们管理不利吗？,1864876792,59,可爱一只洛洛鸭,684,681,f
4467223907767945,Sat Feb 01 18:23:58 +0800 2020,真牛批，亲眼见证央视记者被赶了出来……,1740776564,52,佳纯,50,583,m
4467205607493301,Sat Feb 01 17:11:15 +0800 2020,三联说的对 完全没有中国已经发展了多年的现代物流信息系统……人不够 没有经验 找京东邮政阿里啊…爷看着急死,6381890103,52,立日向阳,257,180,f
4467207431999589,Sat Feb 01 17:18:31 +0800 2020,"天佑医院不是才拿到1.8w的口罩 请问还要口罩干什么？？？是1.8w的口罩用完了吗？？？为什么又给天佑？<span class=""url-icon""><img alt=[太开心] src=""https://h5.sinaimg.cn/m/emoticon/icon/default/d_taikaixin-97bd3f82d6.png"" 
                style=""width:1em; height:1em;"" /></span>",1958634593,61,鍙鸶圝曏,440,513,f
4467219478530519,Sat Feb 01 18:06:23 +0800 2020,"在线赶人<span class=""url-icon""><img alt=[doge] src=""https://h5.sinaimg.cn/m/emoticon/icon/others/d_doge-861403219c.png"" 
                style=""width:1em; height:1em;"" /></span>",2095710040,43,给我一碗牛奶糖,297,763,f
4467218895503961,Sat Feb 01 18:04:04 +0800 2020,这都不让拍了，央视的,5584657346,39,青红造了个白xg,183,92,f
4467219931275049,Sat Feb 01 18:08:11 +0800 2020,"央视记者辛苦了，红十字会后台有点硬啊。。。。央视都敢往外赶<span class=""url-icon""><img alt=[怒] src=""https://h5.sinaimg.cn/m/emoticon/icon/default/d_nu-54e54e160b.png"" 
                style=""width:1em; height:1em;"" /></span>",5262343199,51,韩点点0808,634,115,f
4467198862899277,Sat Feb 01 16:44:27 +0800 2020,"想想前线的医生护士，一件防护服用5次，口罩用防护服做，红十字会你有脸用N95？？？？你他妈还有没有心？？？？<span class=""url-icon""><img alt=[吐] src=""https://h5.sinaimg.cn/m/emoticon/icon/default/d_tu-b5c18d9140.png"" 
                style=""width:1em; height:1em;"" /></span><span class=""url-icon""><img alt=[吐] src=""https://h5.sinaimg.cn/m/emoticon/icon/default/d_tu-b5c18d9140.png"" 
                style=""width:1em; height:1em;"" /></span><span class=""url-icon""><img alt=[吐] src=""https://h5.sinaimg.cn/m/emoticon/icon/default/d_tu-b5c18d9140.png"" 
                style=""width:1em; height:1em;"" /></span>",5207041805,63,白糖不是砂糖,285,55,f
4467219570478526,Sat Feb 01 18:06:45 +0800 2020,记者真是难，红会官僚作风nb哦。,3659189557,40,MAYcryYAM,745,39,m
4467219377144235,Sat Feb 01 18:05:59 +0800 2020,记者辛苦了，央视去还这样……,3791457515,45,lshka,1181,165,f
4467197412072176,Sat Feb 01 16:38:41 +0800 2020,"一边让大家关注一线医护人员 一边又不给他们发物资<span class=""url-icon""><img alt=[拜拜] src=""https://h5.sinaimg.cn/m/emoticon/icon/default/d_baibai-71b47dffdc.png"" 
                style=""width:1em; height:1em;"" /></span>",1997778642,49,千黛汐Rebecca,74,6156,f
4467199974515580,Sat Feb 01 16:48:52 +0800 2020,领取物资的信息化:一对一临时二维验证码。扫码枪扫一下即该二维码用过了无法再次使用。二维码内容编辑上对应的物资然后出库，扫码枪确认审核。专人每天上传更新物资就可，后台二维码用于出库+核销。数量肯定是对的上的，实时更新每天出结算表。,6080417463,42,葛里呀要努力,632,196,f
4467203728802229,Sat Feb 01 17:03:47 +0800 2020,哦你们还要检查物资才给运，一线医生连自制防护镜都用上了！看了大半天几个人堆在一起推一辆小车，要是你们能力有限就找物流公司啊！！后面有几个人干活？？？,6220878254,47,南呀么兮那个没有木,79,17,f
4467203606666176,Sat Feb 01 17:03:19 +0800 2020,我看懂了一点点，是红十字会人员太少，所以没法一一核实到底哪个医院缺多少，是每个医院的负责人报上去，缺多少，领取相应的物资，来，仁爱医院，话筒给你，你来说说，一个病人都没有的医院，用了那么多医用物资？,3119686377,34,师尊墨燃忏悔啦,350,298,f
4467223739136653,Sat Feb 01 18:23:18 +0800 2020,"全程没有一个红会人员蹦跶出来，全都是这两天才到的志愿者<span class=""url-icon""><img alt=[微笑] src=""https://h5.sinaimg.cn/m/emoticon/icon/default/d_hehe-039d0a6a8a.png"" 
                style=""width:1em; height:1em;"" /></span>最后记者还被赶出了仓库？？心虚了么？？红会做个人吧…<span class=""url-icon""><img alt=[微笑] src=""https://h5.sinaimg.cn/m/emoticon/icon/default/d_hehe-039d0a6a8a.png"" 
                style=""width:1em; height:1em;"" /></span><span class=""url-icon""><img alt=[微笑] src=""https://h5.sinaimg.cn/m/emoticon/icon/default/d_hehe-039d0a6a8a.png"" 
                style=""width:1em; height:1em;"" /></span><span class=""url-icon""><img alt=[微笑] src=""https://h5.sinaimg.cn/m/emoticon/icon/default/d_hehe-039d0a6a8a.png"" 
                style=""width:1em; height:1em;"" /></span>",1630510645,35,小橘好好生活,758,631,f
4467205540412967,Sat Feb 01 17:11:00 +0800 2020,强烈建议开通24小时直播云监工，所有调货单公示。,1668012653,48,在馨香弥漫里,1558,3087,f
4467223358255651,Sat Feb 01 18:21:48 +0800 2020,"央视记者现场直播红十字会出库被赶走了。直插中断！<span class=""url-icon""><img alt=[挖鼻] src=""https://h5.sinaimg.cn/m/emoticon/icon/default/d_wabishi-842338e697.png"" 
                style=""width:1em; height:1em;"" /></span>",5125299081,36,张晓莉医生,1011,111,f
4467201791188744,Sat Feb 01 16:56:06 +0800 2020,我们会持续关注的，请把直播一直开着,2153864031,28,风起天暖,200,193,m
4467200977407033,Sat Feb 01 16:52:52 +0800 2020,从昨天马书记喊紧张，说没遇到过这么大的事，到今天红会吼压力大，nm干了几十年工作连分解分派都不会啊！没本事就说，让位，人命当前居然还敢喊委屈……不锤你锤哪个！,1457965587,38,暖暖的原葭,210,226,f
4467222506554772,Sat Feb 01 18:18:24 +0800 2020,哈哈哈哈哈一个红十字会工作人员没有，全是志愿者，五个人围着两个箱子入库说自己太忙，最有意思的是记者被保安赶出去了,1745135765,43,骨的白的白骨有多白,50,1225,m
4467197176763529,Sat Feb 01 16:37:46 +0800 2020,"每次看到湖北红十字会的微博信息就感觉快被气死了，<a  href=""https://m.weibo.cn/search?containerid=231522type%3D1%26t%3D10%26q%3D%23%E4%B8%80%E4%BA%BA%E8%A1%80%E4%B9%A6%E8%AF%B7%E6%B9%96%E5%8C%97%E7%BA%A2%E5%8D%81%E5%AD%97%E4%BC%9A%E5%85%AC%E5%B8%83%E6%98%8E%E7%BB%86%23&extparam=%23%E4%B8%80%E4%BA%BA%E8%A1%80%E4%B9%A6%E8%AF%B7%E6%B9%96%E5%8C%97%E7%BA%A2%E5%8D%81%E5%AD%97%E4%BC%9A%E5%85%AC%E5%B8%83%E6%98%8E%E7%BB%86%23"" data-hide=""""><span class=""surl-text"">#一人血书请湖北红十字会公布明细#</span></a> <span class=""url-icon""><img alt=[作揖] src=""https://h5.sinaimg.cn/m/emoticon/icon/others/h_zuoyi-cb12e18fd5.png"" 
                style=""width:1em; height:1em;"" /></span>",2522773602,37,秦柒冄,272,473,f
4467196992021277,Sat Feb 01 16:37:02 +0800 2020,哦 明细呢,6996534178,37,躲在云朵里xx,272,13,f
4467198871627914,Sat Feb 01 16:44:30 +0800 2020,医用的就赶紧发，不是医用的，让医院决定怎么用去，而不是你们决定不是医用就不发了，放仓库生崽吗？,1802050763,49,狗也不容易做只猫吧,164,352,f
4467197428649408,Sat Feb 01 16:38:45 +0800 2020,我只能默默的抗议了🙏🙏🙏🙏🙏,5501712739,41,一山器,665,174,m
4467209529017575,Sat Feb 01 17:26:51 +0800 2020,换个人行吗？别人刚说了2件防护服4个N95，扭头就变成4件防护服，做新闻要严谨,3852054161,29,归去来兮·丨1005·0805丨,40,77,f
4467202126554688,Sat Feb 01 16:57:26 +0800 2020,支持总台直播！我们会24小时监督的，请督促红十每天公示进出明细清单,1665173060,30,霜冷泠月,193,184,f
4467227665394394,Sat Feb 01 18:38:54 +0800 2020,1.红会没有人 全是志愿者 2.纸笔录入捐赠物品信息 3.凭纸质表格发放物资 4.带头的工作人员说网上关于红十字会的言论都是别有用心 5.小姐姐说这里全是志愿者缺人手的时候信号断了 其他人都说没有困难 6.保安大叔说你不出去我工作就丢了的时候信号也断了,2324633223,32,我不知道风儿在吹,2190,1075,f
4467219734369112,Sat Feb 01 18:07:23 +0800 2020,"红会牛逼了，连央视都不让拍<span class=""url-icon""><img alt=[二哈] src=""https://h5.sinaimg.cn/m/emoticon/icon/others/d_erha-0fecc90ac1.png"" 
                style=""width:1em; height:1em;"" /></span>",6588645286,41,Rune小冯先生,26,10,m
4467224213848519,Sat Feb 01 18:25:12 +0800 2020,"央视记者都被赶出来了，红十字是真的牛逼<span class=""url-icon""><img alt=[怒] src=""https://h5.sinaimg.cn/m/emoticon/icon/default/d_nu-54e54e160b.png"" 
                style=""width:1em; height:1em;"" /></span><span class=""url-icon""><img alt=[怒] src=""https://h5.sinaimg.cn/m/emoticon/icon/default/d_nu-54e54e160b.png"" 
                style=""width:1em; height:1em;"" /></span><span class=""url-icon""><img alt=[怒] src=""https://h5.sinaimg.cn/m/emoticon/icon/default/d_nu-54e54e160b.png"" 
                style=""width:1em; height:1em;"" /></span>",5244025624,29,超级晓笑,129,49,f
4467211953101135,Sat Feb 01 17:36:28 +0800 2020,"我踏马……，热搜天天说把n95口罩留给一线医务人员，看看这个红会仓库里的，全戴着n95口罩？？？<span class=""url-icon""><img alt=[摊手] src=""https://h5.sinaimg.cn/m/emoticon/icon/default/d_tanshou-3abaa4ed77.png"" 
                style=""width:1em; height:1em;"" /></span><span class=""url-icon""><img alt=[摊手] src=""https://h5.sinaimg.cn/m/emoticon/icon/default/d_tanshou-3abaa4ed77.png"" 
                style=""width:1em; height:1em;"" /></span><span class=""url-icon""><img alt=[摊手] src=""https://h5.sinaimg.cn/m/emoticon/icon/default/d_tanshou-3abaa4ed77.png"" 
                style=""width:1em; height:1em;"" /></span>被采访的那位请问你有心吗？你良心不会痛吗？？？被问有了解医院情况你说没有，问到医院紧缺你说那是网上的人别有用心？？？要看你们的正能量？？？",5222041107,36,啊啊啊头发你不要再掉了啦,357,183,m
4467220141282934,Sat Feb 01 18:09:00 +0800 2020,访问出库的时候被赶了！！,1839682823,21,KAIEN88,573,175,f
4467209974099787,Sat Feb 01 17:28:36 +0800 2020,"全国现场直播荣军医院不在定点医院<span class=""url-icon""><img alt=[微笑] src=""https://h5.sinaimg.cn/m/emoticon/icon/default/d_hehe-039d0a6a8a.png"" 
                style=""width:1em; height:1em;"" /></span>N951860都算啥，看见几个工作人员带的pandemic，医生果然是乞丐。好想把这群无头苍蝇的口罩扒下来给前线医生，他们不需要n95专家说的<span class=""url-icon""><img alt=[怒] src=""https://h5.sinaimg.cn/m/emoticon/icon/default/d_nu-54e54e160b.png"" 
                style=""width:1em; height:1em;"" /></span>",1876927843,28,NGC1013,97,62,f
4467203711734210,Sat Feb 01 17:03:44 +0800 2020,越看越气，没有一个人是正面回答记者问题的！,3095362885,31,老阿姨有颗少女心可咋整,288,52,f
4467222531562432,Sat Feb 01 18:18:31 +0800 2020,央视都被赶出来了……绝了,2126770753,29,扭着pp吃布丁,366,293,f
4467226385705166,Sat Feb 01 18:33:49 +0800 2020,一千多万人看着央视直播记者被红十字会仓库保安大爷赶出门被迫掉线，仓库那么多人，4个卸货，一张登记表5个人围观登记，剩下10多个双手插兜无所事事，问到出入库记录，不知道，问负责人在哪，全场都是志愿者，好不容易问到口罩和防护服，刚要拍保安来赶人，仓库工作人员一水的N95戴着，医生都没这么齐,2835895233,35,kids豪,83,126,m
4467222309440025,Sat Feb 01 18:17:37 +0800 2020,给刚进来的人科普下，红十不让央视爸爸做出库部分的直播,5764364499,25,你有看到我吗,191,24,f
4467197105381212,Sat Feb 01 16:37:28 +0800 2020,"来说说红十字会吧 多么痛的领悟 我去你🐎 真的怒了<span class=""url-icon""><img alt=[微笑] src=""https://h5.sinaimg.cn/m/emoticon/icon/default/d_hehe-039d0a6a8a.png"" 
                style=""width:1em; height:1em;"" /></span><span class=""url-icon""><img alt=[微笑] src=""https://h5.sinaimg.cn/m/emoticon/icon/default/d_hehe-039d0a6a8a.png"" 
                style=""width:1em; height:1em;"" /></span><span class=""url-icon""><img alt=[微笑] src=""https://h5.sinaimg.cn/m/emoticon/icon/default/d_hehe-039d0a6a8a.png"" 
                style=""width:1em; height:1em;"" /></span>",5978928632,26,悸衿,5,107706,f
4467224808617338,Sat Feb 01 18:27:34 +0800 2020,划重点：协和，一个科室领两件防护服，四个n95. 不知道说这话的小哥哥回头会不会被批评。,2709296551,24,远芳侵古道yuan,310,143,f
4467206203076526,Sat Feb 01 17:13:37 +0800 2020,从中可以看出红十真的是与这个时代格格不入，工作人员还拿着一张张纸表，在中国这物流这么发达的国家红十物流居然还没用上与货物信息直接关联的二维码或者其他标识而无法使用扫码枪快速分配及流通，完全靠人工去一个个找一个个转移，这么低的效率能应对大流量捐赠才怪了。。。,5270208240,29,打不死的小强Ykiki,234,257,m
4467226343875728,Sat Feb 01 18:33:40 +0800 2020,"给各位指个路，不想看全程的，可以从1小时25分30秒开始看起，央视记者被红会保安跑出来。可以踢我上去<span class=""url-icon""><img alt=[二哈] src=""https://h5.sinaimg.cn/m/emoticon/icon/others/d_erha-0fecc90ac1.png"" 
                style=""width:1em; height:1em;"" /></span>",1689692181,29,不翻车大王,1029,1972,m
4467222112534475,Sat Feb 01 18:16:51 +0800 2020,靠，扯啥都是志愿者，怎么播一半就赶人走了呢，心虚？,6382906310,26,白瓷皇后,349,64,f
4467220271063662,Sat Feb 01 18:09:32 +0800 2020,"吃饭的时候随手看看直播：1.一个小时没聊到重点，好容易采访一个看起来有点关系的人，刚说几句采访“突然”掉线，重新连线后内容都无关痛痒。2.昨天才开始做电子表格，之前出库都去哪儿了不知道。3.保安赶央视记者出去……<span class=""url-icon""><img alt=[摊手] src=""https://h5.sinaimg.cn/m/emoticon/icon/default/d_tanshou-3abaa4ed77.png"" 
                style=""width:1em; height:1em;"" /></span><span class=""url-icon""><img alt=[摊手] src=""https://h5.sinaimg.cn/m/emoticon/icon/default/d_tanshou-3abaa4ed77.png"" 
                style=""width:1em; height:1em;"" /></span><span class=""url-icon""><img alt=[摊手] src=""https://h5.sinaimg.cn/m/emoticon/icon/default/d_tanshou-3abaa4ed77.png"" 
                style=""width:1em; height:1em;"" /></span>",2084198784,36,正版糯米汤圆,390,50837,f
4467219708357735,Sat Feb 01 18:07:18 +0800 2020,"全国一千多万人看着记者被保安驱赶不给拍 真的强<span class=""url-icon""><img alt=[good] src=""https://h5.sinaimg.cn/m/emoticon/icon/others/h_good-644bcfa993.png"" 
                style=""width:1em; height:1em;"" /></span><span class=""url-icon""><img alt=[good] src=""https://h5.sinaimg.cn/m/emoticon/icon/others/h_good-644bcfa993.png"" 
                style=""width:1em; height:1em;"" /></span><span class=""url-icon""><img alt=[good] src=""https://h5.sinaimg.cn/m/emoticon/icon/others/h_good-644bcfa993.png"" 
                style=""width:1em; height:1em;"" /></span>",2116148585,32,我可不冲了,304,615,f
4467209172995414,Sat Feb 01 17:25:26 +0800 2020,就是交给专业物流公司也不会乱得慢成这副德行。后方都在捐物捐钱，前线在一次次呼喊告急。看看这个？真是心痛,2287141322,21,AlisaH011,451,1773,f
4467200784200954,Sat Feb 01 16:52:05 +0800 2020,一个小车要多少人推？,5115881194,28,月亮湾湾牛,411,356,m
4467219214185027,Sat Feb 01 18:05:20 +0800 2020,我操，太精彩了！大家都给我去看，人家采访到一半，被保安赶走了，说他们没有牌子不能在这里呆，然后就中断了，太精彩了妈的,2964758241,32,哈哈橙c,305,582,f
4467206865908405,Sat Feb 01 17:16:16 +0800 2020,效率太低，强烈建议物流公司接手,6661220336,21,蓝_LANLAN,781,180,f
4467224654092845,Sat Feb 01 18:26:57 +0800 2020,看完了。1.干活的都是志愿者，没有一个工作人员。2.采访到协和医院的取货人员，取得是定向捐赠的仪器，一个科室两个防护服四个口罩。3.央视爸爸派得记者小哥哥被保安赶出来了，直播结束。,5231191049,25,喵星球的仙女,379,406,f
4467224213852160,Sat Feb 01 18:25:12 +0800 2020,"央视记者去直播被轰走   <span class=""url-icon""><img alt=[作揖] src=""https://h5.sinaimg.cn/m/emoticon/icon/others/h_zuoyi-cb12e18fd5.png"" 
                style=""width:1em; height:1em;"" /></span><span class=""url-icon""><img alt=[作揖] src=""https://h5.sinaimg.cn/m/emoticon/icon/others/h_zuoyi-cb12e18fd5.png"" 
                style=""width:1em; height:1em;"" /></span><span class=""url-icon""><img alt=[作揖] src=""https://h5.sinaimg.cn/m/emoticon/icon/others/h_zuoyi-cb12e18fd5.png"" 
                style=""width:1em; height:1em;"" /></span><span class=""url-icon""><img alt=[作揖] src=""https://h5.sinaimg.cn/m/emoticon/icon/others/h_zuoyi-cb12e18fd5.png"" 
                style=""width:1em; height:1em;"" /></span>",6556873196,25,欲向北行,277,123,m
4467221957010614,Sat Feb 01 18:16:14 +0800 2020,"央视的直播记者直接被赶走，中央为什么到现在也没人管？把一线的人员置于何地？按照红十字会的这个速度，武汉今年也别想上班别想开学，毕竟一线人员都被感染了<span class=""url-icon""><img alt=[微笑] src=""https://h5.sinaimg.cn/m/emoticon/icon/default/d_hehe-039d0a6a8a.png"" 
                style=""width:1em; height:1em;"" /></span>mmp看的好气，红会工作人员呢？全tm是志愿者<span class=""url-icon""><img alt=[费解] src=""https://h5.sinaimg.cn/m/emoticon/icon/default/d_feijie-bac8e40ab4.png"" 
                style=""width:1em; height:1em;"" /></span>为什么建个医院都可以直播，红会做不到24小时直播？政府公信力一夜之间崩塌<span class=""url-icon""><img alt=[吐] src=""https://h5.sinaimg.cn/m/emoticon/icon/default/d_tu-b5c18d9140.png"" 
                style=""width:1em; height:1em;"" /></span><span class=""url-icon""><img alt=[吐] src=""https://h5.sinaimg.cn/m/emoticon/icon/default/d_tu-b5c18d9140.png"" 
                style=""width:1em; height:1em;"" /></span>",5305595215,27,是温柔的你呀,93,600,f
4467197345053350,Sat Feb 01 16:38:25 +0800 2020,直播就是采访吗……看他们怎么工作不行吗,2661653641,23,Zt_田田天天甜甜,366,363,f
4467222208639457,Sat Feb 01 18:17:14 +0800 2020,"就看到记着身后一推人站着说话，没一个人干活<span class=""url-icon""><img alt=[摊手] src=""https://h5.sinaimg.cn/m/emoticon/icon/default/d_tanshou-3abaa4ed77.png"" 
                style=""width:1em; height:1em;"" /></span>",6458190555,22,黄少的迷妹疼小球沐聊君二代目,365,39,f
4467219805096019,Sat Feb 01 18:07:40 +0800 2020,"当条狗在那都比这有效率<span class=""url-icon""><img alt=[doge] src=""https://h5.sinaimg.cn/m/emoticon/icon/others/d_doge-861403219c.png"" 
                style=""width:1em; height:1em;"" /></span>",5899539204,18,空灵的夏天2008,292,255,f
4467209151878004,Sat Feb 01 17:25:21 +0800 2020,"你问完了嘛，问完赶紧让我走吧，我怕再不走又让我卸货<span class=""url-icon""><img alt=[微笑] src=""https://h5.sinaimg.cn/m/emoticon/icon/default/d_hehe-039d0a6a8a.png"" 
                style=""width:1em; height:1em;"" /></span>",6535933067,20,半斤SAMA,324,63,m
4467197269469920,Sat Feb 01 16:38:08 +0800 2020,所以呢，为什么不派发给一线医院,6313891460,18,逆光而遇,825,347,f
4467223534032251,Sat Feb 01 18:22:30 +0800 2020,"全程看的感觉气死了，一片乱七八糟，到处志愿者，笔记手填，人工搬运，最后还被赶出来了<span class=""url-icon""><img alt=[摊手] src=""https://h5.sinaimg.cn/m/emoticon/icon/default/d_tanshou-3abaa4ed77.png"" 
                style=""width:1em; height:1em;"" /></span><span class=""url-icon""><img alt=[摊手] src=""https://h5.sinaimg.cn/m/emoticon/icon/default/d_tanshou-3abaa4ed77.png"" 
                style=""width:1em; height:1em;"" /></span><span class=""url-icon""><img alt=[摊手] src=""https://h5.sinaimg.cn/m/emoticon/icon/default/d_tanshou-3abaa4ed77.png"" 
                style=""width:1em; height:1em;"" /></span>红会太牛批，央视都敢欺负",5017389981,22,杨洲里,162,106,m
4467220715828672,Sat Feb 01 18:11:17 +0800 2020,热搜预定，红会保镖赶走央视记者，红会回应：是临时工,2010652321,25,Yo晅晅酱,196,173,f
4467218715192513,Sat Feb 01 18:03:20 +0800 2020,今日直播真是槽点满满 现场混乱无章 分物资全靠几张打印清单 效率低下 物资统计不清 现场看到的都是志愿者 志愿者直说人力缺乏 红会的人也不知道在哪 红会自己人能力不足怎么不调集雇佣人力 心酸协和取定向捐赠的仪器还要自己雇车 一个科室昨天只分到2件防护服4个口罩 红会比火神山更需监工,3089681352,27,大憨帝国第二锐憨勇士,663,71,f
4467223882251969,Sat Feb 01 18:23:52 +0800 2020,播着播着，记着被红十字的保安架出去了，说负责人有，但是不会见你。,5546769812,23,绵绵不可以再吃了,609,1010,f
4467222607000599,Sat Feb 01 18:18:49 +0800 2020,准备直播出库→保安胡搅蛮缠→直播掐掉→直播恢复→总结以及结束,5964343834,24,一个左先生哦,235,129,m
4467224666319781,Sat Feb 01 18:27:00 +0800 2020,我们的记者被保安大爷赶出来了，大爷怕丢饭碗…可还有一帮救死扶伤的医生们在前线等待武器与病魔抗争呢！饭碗和几万万人民的生命…孰轻孰重呀,3314647781,24,潘多鱼呀,316,410,f
4467227024039239,Sat Feb 01 18:36:22 +0800 2020,1.只要记者问，问就是志愿者(不然就是九州通工作人员），红十字会工作人员在哪里？2.有两次“前方信号弱”视频被卡掉(第一次“信号弱”原因是志愿者姐姐呼吁说人手不够，结果画面显示信号弱；第二次是大家都看到的结尾，即记者被保安赶走）,2556746915,14,Jinnie__,321,2706,f
4467199751795413,Sat Feb 01 16:47:59 +0800 2020,说吧，红十字到底是人员不够还是缺智能手机导致不能直播？,6569144561,23,月上谷上官公子幸会,396,579,m
4467219389928621,Sat Feb 01 18:06:02 +0800 2020,保安赶人？？央视都不让拍？？,3570558423,22,葭月与梦,471,172,f
4467219931266937,Sat Feb 01 18:08:11 +0800 2020,"连央视记者都不能拍<span class=""url-icon""><img alt=[doge] src=""https://h5.sinaimg.cn/m/emoticon/icon/others/d_doge-861403219c.png"" 
                style=""width:1em; height:1em;"" /></span><span class=""url-icon""><img alt=[doge] src=""https://h5.sinaimg.cn/m/emoticon/icon/others/d_doge-861403219c.png"" 
                style=""width:1em; height:1em;"" /></span>厉害了，活久见活久见",2830623031,25,smile宝蓝sky,223,173,f
4467214192908519,Sat Feb 01 17:45:23 +0800 2020,小姐姐说了现场没有红会工作人员！全部都是自愿者太少而且都是自发过来的！自发的！,1838879177,18,天目十二暖,1408,2793,f
4467209243862886,Sat Feb 01 17:25:43 +0800 2020,转自网友，据说是武汉协和医院的医护人员因为“绕过”了X会，直接在网上求助网友捐赠，惹怒了它们，被罚在领用物资的现场像“要饭一样”站在外面，不给任何东西。 协和医生：“我们都是协和的，我们不是排在1号吗？我们都是1线工作的人，身上都是病毒，现在这样聚集很危险”，某会工作人员置之不理。,6029868569,16,叶汐顏,648,296,f
4467225585217057,Sat Feb 01 18:30:39 +0800 2020,央视被赶出来了哈哈哈，这红十字会什么来路？,6016748806,20,有点东西yjj,1133,1713,m
4467222460185940,Sat Feb 01 18:18:14 +0800 2020,有生之年看到了央视爸爸被赶出来，采访结束，也是被气笑了。,1502369164,24,紫夜蓝夕,269,1712,f
4467219671484218,Sat Feb 01 18:07:09 +0800 2020,我的天 厉害了 央视记者都不让进不让拍 厉害厉害,6447893062,21,我是你印度四哥,40,2,m
4467219625154705,Sat Feb 01 18:06:58 +0800 2020,"连央视新闻的记者都要赶走你们牛逼啊。是真的见不得人吧<span class=""url-icon""><img alt=[太开心] src=""https://h5.sinaimg.cn/m/emoticon/icon/default/d_taikaixin-97bd3f82d6.png"" 
                style=""width:1em; height:1em;"" /></span>",6290273445,13,糖霜少女终未旅行,1046,493,f
4467223626703829,Sat Feb 01 18:22:52 +0800 2020,央视爸爸 你的记者被红十字赶出来了,3501711652,27,多比多比哆,312,161,f
4467223009297077,Sat Feb 01 18:20:25 +0800 2020,不能发截图，我证明哈！直播一共播了1个小时40分钟，后面十几分钟被一个保安撵出去了，不让拍了，连回发货仓都不让，必须直接出去！所有被采访的人都是志愿者，没有碰到任何一个红会的人！请问红会的人在干什么？,3316433843,30,尾勺,377,149,f
4467222599126196,Sat Feb 01 18:18:47 +0800 2020,"现场直播都敢把央视的记者哄出来，好厉害的十字会，好硬气<span class=""url-icon""><img alt=[怒] src=""https://h5.sinaimg.cn/m/emoticon/icon/default/d_nu-54e54e160b.png"" 
                style=""width:1em; height:1em;"" /></span>",2884232860,21,姜姜姜姜姜_J,1111,181,f
4467222527071119,Sat Feb 01 18:18:30 +0800 2020,红十字会牛逼完了，连央视记者都往外赶,1872941897,18,不要想太多好好吃饭,420,103,f
4467219435974896,Sat Feb 01 18:06:13 +0800 2020,牛B，全国人民看直播的时候给保安请出去了,1977043983,23,wtp8808,559,99,m
4467213924835086,Sat Feb 01 17:44:19 +0800 2020,"整个看不去  没人 领导不安排吗 那么紧急的物资  救命的 却因为没人发不了 看看进出货记录 那是什么 以后怎么追查 核对  你一个常年累月接受捐赠的机构 能做到账实 账账相符吗 能做到不浪费不积压吗 对得起捐赠者吗 对得起需要的人吗 <span class=""url-icon""><img alt=[怒] src=""https://h5.sinaimg.cn/m/emoticon/icon/default/d_nu-54e54e160b.png"" 
                style=""width:1em; height:1em;"" /></span><span class=""url-icon""><img alt=[怒] src=""https://h5.sinaimg.cn/m/emoticon/icon/default/d_nu-54e54e160b.png"" 
                style=""width:1em; height:1em;"" /></span><span class=""url-icon""><img alt=[怒] src=""https://h5.sinaimg.cn/m/emoticon/icon/default/d_nu-54e54e160b.png"" 
                style=""width:1em; height:1em;"" /></span><span class=""url-icon""><img alt=[怒] src=""https://h5.sinaimg.cn/m/emoticon/icon/default/d_nu-54e54e160b.png"" 
                style=""width:1em; height:1em;"" /></span><span class=""url-icon""><img alt=[怒] src=""https://h5.sinaimg.cn/m/emoticon/icon/default/d_nu-54e54e160b.png"" 
                style=""width:1em; height:1em;"" /></span>",6414437699,17,txh27812,1665,847,m
4467198904985961,Sat Feb 01 16:44:37 +0800 2020,搞那么多也没用，像浙江红会一样，数据和明细拿出来，大家自然会闭嘴了。,2338716804,28,勺子君君,107,1265,m
4467198897152014,Sat Feb 01 16:44:36 +0800 2020,强烈要求严查红十字会，强烈要求政府部门和慈善团体账务细节公开透明可查，强烈要求禁止政府官员担任非营利组织领导职务等等等等等。。。这是作为一个公民对于社会腐败的深恶痛绝😡,5675621803,19,转角遇到BoA,70,6504,m
4467214457851441,Sat Feb 01 17:46:25 +0800 2020,"看了半个小时： 1.效率低，干活的基本都是志愿者<span class=""url-icon""><img alt=[摊手] src=""https://h5.sinaimg.cn/m/emoticon/icon/default/d_tanshou-3abaa4ed77.png"" 
                style=""width:1em; height:1em;"" /></span><span class=""url-icon""><img alt=[摊手] src=""https://h5.sinaimg.cn/m/emoticon/icon/default/d_tanshou-3abaa4ed77.png"" 
                style=""width:1em; height:1em;"" /></span><span class=""url-icon""><img alt=[摊手] src=""https://h5.sinaimg.cn/m/emoticon/icon/default/d_tanshou-3abaa4ed77.png"" 
                style=""width:1em; height:1em;"" /></span> 2.前线缺物资，仓库堆不下 3.红会工作人员：网上都是瞎说的，别有用心<span class=""url-icon""><img alt=[微笑] src=""https://h5.sinaimg.cn/m/emoticon/icon/default/d_hehe-039d0a6a8a.png"" 
                style=""width:1em; height:1em;"" /></span><span class=""url-icon""><img alt=[微笑] src=""https://h5.sinaimg.cn/m/emoticon/icon/default/d_hehe-039d0a6a8a.png"" 
                style=""width:1em; height:1em;"" /></span><span class=""url-icon""><img alt=[微笑] src=""https://h5.sinaimg.cn/m/emoticon/icon/default/d_hehe-039d0a6a8a.png"" 
                style=""width:1em; height:1em;"" /></span>（你怕是忘了网友再看直播） 4.央视记者啊，请拿出央视的气势来<span class=""url-icon""><img alt=[doge] src=""https://h5.sinaimg.cn/m/emoticon/icon/others/d_doge-861403219c.png"" 
                style=""width:1em; height:1em;"" /></span><span class=""url-icon""><img alt=[doge] src=""https://h5.sinaimg.cn/m/emoticon/icon/others/d_doge-861403219c.png"" 
                style=""width:1em; height:1em;"" /></span><span class=""url-icon""><img alt=[doge] src=""https://h5.sinaimg.cn/m/emoticon/icon/others/d_doge-861403219c.png"" 
                style=""width:1em; height:1em;"" /></span>",3244204210,22,郑新宇Z_xy,63,205,f
4467223621953028,Sat Feb 01 18:22:51 +0800 2020,"亲眼看着记者和摄像被赶出去了，央视记者都敢赶，红十字会真牛逼<span class=""url-icon""><img alt=[微笑] src=""https://h5.sinaimg.cn/m/emoticon/icon/default/d_hehe-039d0a6a8a.png"" 
                style=""width:1em; height:1em;"" /></span>。",5177752407,25,若我玺欢你,134,263,f
4467223218932605,Sat Feb 01 18:21:14 +0800 2020,"这个直播可太说明问题了。记者带着看入库口，全是志愿者，没有红会工作人员。要去看出库口的时候就被保安拦住了，说不让他出去饭碗就没了。画面切没了，又重现的时候记者已经被赶到仓库外面了。直播结束了。<span class=""url-icon""><img alt=[二哈] src=""https://h5.sinaimg.cn/m/emoticon/icon/others/d_erha-0fecc90ac1.png"" 
                style=""width:1em; height:1em;"" /></span><span class=""url-icon""><img alt=[二哈] src=""https://h5.sinaimg.cn/m/emoticon/icon/others/d_erha-0fecc90ac1.png"" 
                style=""width:1em; height:1em;"" /></span><span class=""url-icon""><img alt=[二哈] src=""https://h5.sinaimg.cn/m/emoticon/icon/others/d_erha-0fecc90ac1.png"" 
                style=""width:1em; height:1em;"" /></span>",5221660959,19,是繁非啊,57,10,f
4467222141516757,Sat Feb 01 18:16:57 +0800 2020,这直播看的，真是生气…红十字会真是厉害了，真是我的地盘我做主，爱谁谁呐，你真🐮 …,1944191231,19,脱线的迷惑,174,200,m
4467222073952428,Sat Feb 01 18:16:42 +0800 2020,"之前的物资流向哪里？不清楚，有多少东西进出？不知道。红会的工作人员在哪呢？不知道。 2020了，还在靠人力卸货，叉车呢？志愿者们想做信息平台，希望做到从发货到抵达，全程可追踪（其实就是非常基础，所有快递都能做到的）但是人家红会牛逼不愿意用<span class=""url-icon""><img alt=[微笑] src=""https://h5.sinaimg.cn/m/emoticon/icon/default/d_hehe-039d0a6a8a.png"" 
                style=""width:1em; height:1em;"" /></span>也是，信息彻底透明化，怎么从中克扣呢？",1752636502,25,im酸奶泡泡,488,257,f
4467215795927651,Sat Feb 01 17:51:45 +0800 2020,这都2020年了用个叉车运货很难吗？？？？为什么全靠人运？？？？,6785844923,17,董竹子,674,39,f
4467222519394540,Sat Feb 01 18:18:28 +0800 2020,好像最后听到了记者小哥哥的啜泣声，你可是央视呀！！！,3896611107,19,贾穗,267,82,f
4467213106638634,Sat Feb 01 17:41:04 +0800 2020,现场基本上都是志愿者，他们也很委屈。总的来说人手不够，效率低下,1324106347,11,謳葉,787,1206,m
4467222292330642,Sat Feb 01 18:17:34 +0800 2020,刚才协和的医生自己打车来取定向捐赠设备，只仅仅带走了这么一台设备，记者问协和到底缺不缺物资，医生说官方辟谣，记者换了种问法，协和目前口罩和防护服什么情况，医生说他是协和重症医学科，他这个科室一天就领到2件防护衣，4个n95，我不知道真假，希望官方辟谣,3106530217,18,狠hen哈hi,59,17,m
4467222288108450,Sat Feb 01 18:17:32 +0800 2020,说要去看出库 直接被保安赶了出来 然后直播就结束了 门口堵着一堆人 不知道在干嘛 反正干活的没见到几个！,1801715647,16,兰尼斯特有债必还,606,1043,f
4467225656554409,Sat Feb 01 18:30:56 +0800 2020,卧槽被赶出去了！！！真的被赶出去了！！！！,2762772601,21,ky_我认了我认了你们随意,133,132,f
4467197495459713,Sat Feb 01 16:39:01 +0800 2020,赶紧送到各个医院比啥都强！,1547311023,18,一枚有态度de青年,196,485,f
4467199484303634,Sat Feb 01 16:46:56 +0800 2020,你一个看管物资你凭什么带n95,5393612548,16,罗湖区最粗大腿,1295,374,f
4467197475044598,Sat Feb 01 16:38:57 +0800 2020,貔貅会你的帐做好了吗？,6473385511,13,负能量吞噬小能手,91,3,m
4467219725739513,Sat Feb 01 18:07:21 +0800 2020,直播一直被掐？那直播的意义是什么？,5593648708,17,默默__李東月,262,208,f
4467219134308965,Sat Feb 01 18:05:01 +0800 2020,什么玩意儿？保安把央视记者拦了不让拍,5244010126,13,4666kg,576,872,f
4467200804649385,Sat Feb 01 16:52:10 +0800 2020,不是，这么多人连个样子都懒得做了是吗？？？,7188382799,12,啵啵赞赞的女鹅,759,34,f
4467198993421780,Sat Feb 01 16:44:58 +0800 2020,"反正你们现在公信力已经下降到低估了，不破釜沉舟一把你们怎么办啊，以后谁还相信国家的官媒<span class=""url-icon""><img alt=[泪] src=""https://h5.sinaimg.cn/m/emoticon/icon/default/d_lei-1b4b02f8b1.png"" 
                style=""width:1em; height:1em;"" /></span>别让那些人浪费了人民的心血好吗<span class=""url-icon""><img alt=[泪] src=""https://h5.sinaimg.cn/m/emoticon/icon/default/d_lei-1b4b02f8b1.png"" 
                style=""width:1em; height:1em;"" /></span>",6396450418,15,世界上我最喜欢你,256,135,f
4467224603194230,Sat Feb 01 18:26:44 +0800 2020,牛批🐮 一千三百多万人都看到了央视记者小哥被赶出来的全过程。。。红会背后的靠山是金刚石堆出来的么。。。,5558330830,12,L家的-YQ,253,6,f
4467209533230958,Sat Feb 01 17:26:52 +0800 2020,这种极其低下的工作效率浪费的都是人民的生命！！！请换有能力的人来分发物资！！怎么有脸在直播上说自己很辛苦！！怎么有脸！！一线的医护人员穿着尿不湿不喝水不吃饭跟死神抢人命，你们仓库里刚刚十分钟不到就好几个工作人员站在一边喝水呢！！还有带两个口罩的！！还有带着头套的，你用得着吗！！,5647261436,14,水拨波啵蛋女青年,294,59,f
4467214402966262,Sat Feb 01 17:46:12 +0800 2020,"一问都是志愿者，志愿者还呼吁大家都来帮忙，红会能力不够就赶紧求助社会，让有能力做物流的企业介入啊。刚才问的红会人员还说他们看不懂很多专业的东西，看不懂英文<span class=""url-icon""><img alt=[二哈] src=""https://h5.sinaimg.cn/m/emoticon/icon/others/d_erha-0fecc90ac1.png"" 
                style=""width:1em; height:1em;"" /></span>所以说能力不足就求助啊。",1236845151,12,风大哥爱U伟,489,6898,f
4467198015961345,Sat Feb 01 16:41:06 +0800 2020,没有市场就没有交易，希望这次疫情结束后让我们对野味说不，那些野味店铺就不存在了,1227407741,11,尼奇窝窝,350,3585867,f
4467197353474741,Sat Feb 01 16:38:28 +0800 2020,"我们要24小时无间断直播<span class=""url-icon""><img alt=[心] src=""https://h5.sinaimg.cn/m/emoticon/icon/others/l_xin-6912791858.png"" 
                style=""width:1em; height:1em;"" /></span>",6358655066,15,喵酱本猫,662,296,f
4467225891329864,Sat Feb 01 18:31:52 +0800 2020,人家央视爸爸还想给你洗地呢，你倒好，给人家赶出来了，这波操作。。查他！红十字会，全程直播吧！！！！！！！,6073336609,18,最最最幸运的喝酸奶的宝儿,313,105,f
4467221441475948,Sat Feb 01 18:14:11 +0800 2020,明明是老百姓和企业的钱和物资！红十字会哪来的资格扣着？本来就应该接受大众的监督！居然不让拍？不要脸！,2570246477,9,天若有Qin_,160,415,f
4467219713112643,Sat Feb 01 18:07:18 +0800 2020,一千多万人在看耶 央视新闻现场直播耶 武汉红十字会真nmd🐮🍺 派个保安叔叔就开始赶人,5303339835,17,馨star鲸落L,234,160,f
4467216500433327,Sat Feb 01 17:54:32 +0800 2020,看不下去了，这种效率发到猴年马月！恳请京东、菜鸟专业快递人员支援🙏,2026711273,10,四海微尘,488,69,f
4467202738147755,Sat Feb 01 16:59:51 +0800 2020,就问一句为什么不给协和物资！以及网上说的针对协和是不是真的！,3845021693,11,熇懿,562,112,m
4467197285560454,Sat Feb 01 16:38:12 +0800 2020,呵呵 滚,5714820599,7,盐粒粒爱学习,233,1933,m
4467205880359367,Sat Feb 01 17:12:20 +0800 2020,这么些个壮汉，全围着一个木托的物资，效率在哪里？！,1257434557,11,Miss_无敌,207,687,f
4467204328494943,Sat Feb 01 17:06:11 +0800 2020,多招点人不会？效率太低了，看着挺辛苦到是,5112761970,8,银河昕动日记,195,1096,f
4467199315910360,Sat Feb 01 16:46:16 +0800 2020,放狗屁哦他刚刚说送到医院！！！明明昨天他们自己的人发朋友圈说是要医院自己开介绍信去领！！！！！,1623139140,15,蜷缩进黑暗的喵喵咪,302,696,f
4467197265355163,Sat Feb 01 16:38:07 +0800 2020,直播发物资,3298099865,12,少女小鸟不依人,230,179,f
4467198858503111,Sat Feb 01 16:44:27 +0800 2020,工作量大让有能力的企业管啊,2272946993,12,希尔求欧神眷顾,296,253,f
4467224532260427,Sat Feb 01 18:26:27 +0800 2020,1.口罩防护服依然是没有看到 2.志愿者都是昨天今天来的 3.问到关键问题回答都是模糊不清 4.所谓系统上一位大哥说昨天开始 问到下一个在前面登记入库的白衣服大哥， 他竟然反问记者：昨天才开始入系统吗？ 5.记者要去看出库我的天竟然被拦了？这是央视唉。保安大哥的一句别为难他然后就没了？ ？？,5559869647,9,一只卤蛋luda,844,4501,f
4467224460658963,Sat Feb 01 18:26:11 +0800 2020,"记者小哥还是太嫩了，带着观众看了一圈入库药品，问防护服n95一概不知，最后直接被保安大哥撵出来了，不让看出库，直播直接中断<span class=""url-icon""><img alt=[微笑] src=""https://h5.sinaimg.cn/m/emoticon/icon/default/d_hehe-039d0a6a8a.png"" 
                style=""width:1em; height:1em;"" /></span>",1761824183,13,Riceopairis,202,117,m
4467224498832533,Sat Feb 01 18:26:19 +0800 2020,"央视记者被赶出来了你敢信？<span class=""url-icon""><img alt=[费解] src=""https://h5.sinaimg.cn/m/emoticon/icon/default/d_feijie-bac8e40ab4.png"" 
                style=""width:1em; height:1em;"" /></span>",6026200778,10,管它几岁快乐万岁,192,61,f
4467221755963641,Sat Feb 01 18:15:25 +0800 2020,"都敢赶央视的记者了？？？这派头可够大的哈~武汉红十字会真的好牛逼哦！我们好怕怕哦！<span class=""url-icon""><img alt=[微笑] src=""https://h5.sinaimg.cn/m/emoticon/icon/default/d_hehe-039d0a6a8a.png"" 
                style=""width:1em; height:1em;"" /></span><span class=""url-icon""><img alt=[微笑] src=""https://h5.sinaimg.cn/m/emoticon/icon/default/d_hehe-039d0a6a8a.png"" 
                style=""width:1em; height:1em;"" /></span><span class=""url-icon""><img alt=[微笑] src=""https://h5.sinaimg.cn/m/emoticon/icon/default/d_hehe-039d0a6a8a.png"" 
                style=""width:1em; height:1em;"" /></span>",5931173123,7,咬一口月亮丢进星河,328,135,f
4467224066243851,Sat Feb 01 18:24:37 +0800 2020,直播看了。1，协和是真的缺物资，还得自己雇车去红会拉定向捐赠给他们的一台仪器   2，红会昨天才开始登记物资来往情况，以前的没有   3，全场没有一个工作人员，全是志愿者，小伙子都哭了  4，收到的物资有没有用居然是一个老大爷蹲那儿看看决定的 5，央视记者居然被赶出来了！！！这可是央视爸爸呀,5341237620,10,向日葵606060,152,11,f
4467219582777595,Sat Feb 01 18:06:48 +0800 2020,这保安敢来赶人肯定是有领导知会了，不然我不相信一个保安敢来赶央视的采访人员,1649915853,8,UrnotSunnyC,565,846,f
4467219264144177,Sat Feb 01 18:05:31 +0800 2020,日子挺悠闲，看来是在提前适应狱中生活了👏🏻,1736688555,7,NiCofinn,584,6385,f
4467202655225699,Sat Feb 01 16:59:31 +0800 2020,从对话可以看得出，这位非专业的自愿来红会上岗的先生是真的不专业,2624305441,9,就是生不峰時,1296,666,m
4467199185928401,Sat Feb 01 16:45:44 +0800 2020,我看的好生气，您是觉得我们这么好骗的嘛,3776799312,9,干净即是脏,127,180,f
4467225337914302,Sat Feb 01 18:29:39 +0800 2020,央视的记者这辈子都没想到还有在疫区红十字会被赶出来的一天吧………多牛逼呀………红十字会的后悔自责愧疚全都是狗屁。这个机构说的每个字都是官方诈骗现场，悲愤的哭声不过是鳄鱼的眼泪。学医能救中国人，但是中央政府办不了一个红十字会。我在见证民族罪人的诞生。,2981519323,17,平流层的我们,573,1329,f
