﻿4466919627727475,Fri Jan 31 22:14:53 +0800 2020,该给的不给，莆田系的你们倒给的欢！人家一天就给糟蹋完了。,6035506238,258,王五菇娘,134,35,f
4466928158687818,Fri Jan 31 22:48:47 +0800 2020,唉，算了吧。别说武汉了，我们天门这种小城市的医院都已经不敢奢求物质到医院了，只能求助亲属好友，用别的渠道给我们带来，路封了就走去上班，没有快递寄进来我们就自己骑车去拿。总比没有强！与其等这样等下去，又每天医院拖出去好多人,2264105263,数据缺失,DarionLeo,93,9313,f
4466919799656470,Fri Jan 31 22:15:34 +0800 2020,"武汉的疫情上演了一出官场现形记<span class=""url-icon""><img alt=[微笑] src=""https://h5.sinaimg.cn/m/emoticon/icon/default/d_hehe-039d0a6a8a.png"" style=""width:1em; height:1em;"" /></span><span class=""url-icon""><img alt=[微笑] src=""https://h5.sinaimg.cn/m/emoticon/icon/default/d_hehe-039d0a6a8a.png"" style=""width:1em; height:1em;"" /></span><span class=""url-icon""><img alt=[微笑] src=""https://h5.sinaimg.cn/m/emoticon/icon/default/d_hehe-039d0a6a8a.png"" style=""width:1em; height:1em;"" /></span>",1933417623,253,老阿姨的小号啊,621,1309,f
4467260335032601,Sat Feb 01 20:48:44 +0800 2020,信不信不只是武汉，全国各地都一样！,5136499025,数据缺失,lifedirect52647,42,87,m
4466922206483666,Fri Jan 31 22:25:08 +0800 2020,国民可以给你们机会改进，但是病毒不会给我们辛苦在一线的医生护士们机会。,2405353244,12,听说傲娇的结局都很惨,134,346,f
4466922605345372,Fri Jan 31 22:26:43 +0800 2020,不要再糟蹋国民的爱心了。,2405353244,数据缺失,听说傲娇的结局都很惨,134,346,f
4466919778127917,Fri Jan 31 22:15:29 +0800 2020,年年改，年年犯，不是失误，就是道歉，不论你信不信，谁让咱是唯一渠道呢,7307825740,136,叮当叮叮当201909,355,617,m
4466921401804889,Fri Jan 31 22:21:56 +0800 2020,<a href='/n/请关注辽阳网络卖银'>@请关注辽阳网络卖银</a>: 辽阳警察涉黑事件，详情看我微博。我去辽阳文圣区新城派出所举报，人家说我传播淫秽信息，反问我问人家价格干嘛。辽阳贴吧常年有招嫖的，辽阳网警说没看到过。有人抱怨交警几句，给人家关10天！！,7359875606,数据缺失,请关注辽阳网络卖银,360,136,m
4466920017326464,Fri Jan 31 22:16:26 +0800 2020,红十字会收到捐款42.6亿多，按照每位医护人员全套物资15元/套、全国一线医护人员90万人计算，每人至少有315套全套物资。请问在哪？为什么他们还缺物资？,2390286347,137,-塔克拉玛干沙漠-,1219,804,f
4466923041578193,Fri Jan 31 22:28:26 +0800 2020,钱可以瞬间变成物资吗？,6573453377,数据缺失,希拉草原上的海蛎子,632,18,f
4466921279537149,Fri Jan 31 22:21:27 +0800 2020,没能力？没人手？还是没智商？这里面随便一个没有的话，请交给有能力的去做，毕竟这是在和时间抢生命的事情，而不是给你们玩成长游戏的！,2762751025,56,爱吃葡朗的洋毛,415,319,f
4466919866798143,Fri Jan 31 22:15:50 +0800 2020,甩锅捐赠人了？？？我早晚气死在微博。,1305479765,56,璇子爱糖心蛋,153,905,f
4466920717862870,Fri Jan 31 22:19:13 +0800 2020,莆田系人流医院还没有接收病人就一天霍霍一万多个口罩，协和才发给3000，这怎么让人相信红十字会？？,3129055185,54,基基咚长三千尺,877,241,f
4466925557805967,Fri Jan 31 22:38:27 +0800 2020,据说协和那三千都没给，只有个数,5929547396,数据缺失,Timeless丶箬翾,80,20,m
4466920357609841,Fri Jan 31 22:17:46 +0800 2020,前方疫情已经非常严重了，捐赠物资早到位，还不做到有效，精准下发，还可以允许慢吞吞的周转，调拨不及时。没能力就下台，让有能力的人来做吧！要害死多少人啊,2773289501,52,Levent-QIN,191,187,m
4466924186485763,Fri Jan 31 22:33:00 +0800 2020,刀都架脖子上了，还像个树袋熊，急死个人了，真想一脚踢飞,6929678454,数据缺失,屋顶有只喵33921,607,42,f
4466919992658369,Fri Jan 31 22:16:19 +0800 2020,你信吗？反正我不信，真的烂透了,1103093910,42,若兰半夏,49,35,f
4466919761641882,Fri Jan 31 22:15:25 +0800 2020,希望红十字会能做到以大局为重，关心一线工作人员，将物资用到实处,3048274932,42,林动fafa,262,4957,f
4466920084191441,Fri Jan 31 22:16:42 +0800 2020,不能让人寒心呀,3048274932,数据缺失,林动fafa,262,4957,f
4466920919582616,Fri Jan 31 22:20:01 +0800 2020,武汉空城的目前，没有足够人力去打通从红十字会到医护前线的物流分配链条，所以红十字会受赠物资有积压！建议武汉市扩大志愿者队伍，充实红十字会工作，畅通分配环节，共克时艰！,6591223890,17,两江楚风,103,225,m
4466931950162128,Fri Jan 31 23:03:51 +0800 2020,所有身体健康无特殊任务的党员干部带头上,3775577121,数据缺失,_宇宙无敌帅小飞_,192,368,m
4466919618517386,Fri Jan 31 22:14:51 +0800 2020,加油武汉,2009635595,10,蓝Jennifer,270,271,f
4466928493840974,Fri Jan 31 22:50:06 +0800 2020,光加油，也不看看有人偷油,6018314917,数据缺失,心在呐喊你可听得见,168,6,f
4466921238126593,Fri Jan 31 22:21:17 +0800 2020,我就问一句，捐的不对医院用不了，你给我退不，不退你要怎么处理，偷偷给我卖了？,1187813954,22,我要控制我只几,113,74,f
4466921539629707,Fri Jan 31 22:22:29 +0800 2020,不对就退回来，我们还没口罩呢,6291632060,数据缺失,Lucky梵音,493,6,f
4466922260954267,Fri Jan 31 22:25:20 +0800 2020,双十一再卖给淘宝商家,5751814360,数据缺失,vvv唐宁街7号vvv,239,498,f
4466922777271142,Fri Jan 31 22:27:24 +0800 2020,别找借口了做个人吧,5520798468,9,负负得正1120,239,1174,f
4466921380110293,Fri Jan 31 22:21:51 +0800 2020,避重就轻！消耗量大于供应量跟恶意囤积、吧合理发放救灾物资是一回事吗？捐赠物资和亟需物资没对应是你们没能力管还是瞎填？一个机构烂透了还怎么改进？,2077883522,11,太宰治不好患者,201,34,f
4466919895438081,Fri Jan 31 22:15:56 +0800 2020,调配没有问题?该给的给够了吗？,3016868425,13,趣duoduo多多,196,114,f
4466920533551284,Fri Jan 31 22:18:29 +0800 2020,请公示出来！！！,1946123452,12,蜗牛禾禾,1002,172,f
4466919686080750,Fri Jan 31 22:15:07 +0800 2020,希望公开透明,5746534611,12,Megan妖,164,87,f
4466928024416207,Fri Jan 31 22:48:14 +0800 2020,消耗大于供应量，那仓库里那些是什么,1671419367,5,KingofNanten,861,2169,f
4466921531216581,Fri Jan 31 22:22:27 +0800 2020,等你工作中改进，还要不要脸？你问问疫情等不等你,1767935752,13,旗木卡卡南,121,80,m
4466920843721439,Fri Jan 31 22:19:43 +0800 2020,红会效率低下谁在惯他们？,5249150553,11,Tn飞飞_465,274,295,m
4466920541969042,Fri Jan 31 22:18:30 +0800 2020,还是在找借口？不如干点实事吧。相信国家会找这些人算账的,7270843230,9,所念皆星河139,192,12,m
4466920478951185,Fri Jan 31 22:18:16 +0800 2020,答不对题。根本没有回答主要问题。谁负责调配物质？为什么不给协和医院而给莆田系？谁批准的？这种物质分配的程序是什么？能不能直接回答？不要答非所问。,7095967986,19,橙香橙色18,61,6,m
4466921288572240,Fri Jan 31 22:21:28 +0800 2020,红会这个组织快把慈善的形象败光了，希望这些机构的管理运营越来越透明,5628059782,12,牙匠小刘,515,2934,m
4466919719430522,Fri Jan 31 22:15:15 +0800 2020,G信力怎么没的？,6777477610,6,尼吉蛙人,233,103,f
4466922345214747,Fri Jan 31 22:25:41 +0800 2020,虽然莆田医院将口罩免费发放给了社区居民，但是肯定涉及到给自己打广告宣传，这就掺杂了商业因素在里面。如果属实，我们是否还可以这样认为，莆田医院拿着紧缺的战略物资给自己打广告进行商业活动？,1584539935,6,moving_rocks,240,31,m
4466920797946977,Fri Jan 31 22:19:32 +0800 2020,反正，呵呵,1820885264,3,盐家的史努比,1228,671,f
4466939415908558,Fri Jan 31 23:33:31 +0800 2020,这时候还打官腔，看看武汉的医务工作者，看看武汉的老百姓，你们这帮官僚还是人吗？还有心吗？,2040486445,3,幻像de湖底,369,48,f
4466923167613277,Fri Jan 31 22:28:57 +0800 2020,红十字会到底有什么后台，为什么就是没有人管！要求中央彻查湖北红十字会，公开所有捐赠物资明细，放到明面上讲，本来就不是给他们的钱，是给医院的，怎么搞的现在求他们发放物资了,5326768744,8,xxx旭旭旭,315,334,f
4466971519140632,Sat Feb 01 01:41:04 +0800 2020,"你说什么？我听不清，你能不能摘了口罩说话<span class=""url-icon""><img alt=[微笑] src=""https://h5.sinaimg.cn/m/emoticon/icon/default/d_hehe-039d0a6a8a.png"" style=""width:1em; height:1em;"" /></span>",2102109902,1,三个人格不吵架,342,92,m
4466957544103268,Sat Feb 01 00:45:33 +0800 2020,不及时？呵呵，堂堂正正一个机构是干嘛的，用一个“不及时”就想为自己洗脱,5607351949,2,我是木木森林,285,126,f
4466921166891300,Fri Jan 31 22:20:59 +0800 2020,"物资都躺在仓库里发霉呢！<span class=""url-icon""><img alt=[汗] src=""https://h5.sinaimg.cn/m/emoticon/icon/default/d_han-0e7b8aa6d1.png"" style=""width:1em; height:1em;"" /></span>",3034579713,8,菲姐家的,1358,208,f
4466920868689763,Fri Jan 31 22:19:49 +0800 2020,管理费收了多少,1666793097,1,老嘎白,726,693,m
4466919858029993,Fri Jan 31 22:15:48 +0800 2020,这点东西都认不清还能干什么！？,5146980387,11,大叔12902,115,19,m
4466924782270751,Fri Jan 31 22:35:21 +0800 2020,难道可以根据武汉红十字会发放经验这样理解吗？新武汉冠状病毒可能会增加男性性功能障碍和包皮过长 ？,2334914123,3,剑钧111111,1085,53,m
4467305000156069,Sat Feb 01 23:46:13 +0800 2020,吾国吾民，祸兮福兮------对疫情的深度思考。写在病毒肆虐的2月1日。请看我的微博,7098560871,0,落花公子hz,422,72,m
4467262264473150,Sat Feb 01 20:56:24 +0800 2020,"说得好，差点就信了，果然是一家<span class=""url-icon""><img alt=[挖鼻] src=""https://h5.sinaimg.cn/m/emoticon/icon/default/d_wabishi-842338e697.png"" style=""width:1em; height:1em;"" /></span>",3932572862,0,每日宜说,54,495,m
4466958038659167,Sat Feb 01 00:47:31 +0800 2020,改进你妈，医护人员在前方流汗流泪又流血，你们官场就给群众打哈哈,3250506911,1,朱青想不出名字,277,521,f
4466947221889112,Sat Feb 01 00:04:32 +0800 2020,中央怎么选人用人的？就配了一帮这样的猪！？！,2241605411,1,珈珈珈,557,749,f
4466933912804861,Fri Jan 31 23:11:39 +0800 2020,怎么有脸说？！！！,1523126931,1,了了了了__,399,593,f
4466924493114288,Fri Jan 31 22:34:13 +0800 2020,继续加油吧,2234589071,0,猫儿觉,691,490,m
4466924433829712,Fri Jan 31 22:33:58 +0800 2020,等你全家头七，寒心机构，死不足惜,2460125780,0,木寸女古月佥,444,175,f
4466921150306346,Fri Jan 31 22:20:55 +0800 2020,除夕的祝福会发生严重的交通堵塞，但绝不会影响我，我会在拥挤的道路上另辟蹊径，想知道我怎么搞定的吗?哈哈，让快乐早点出发呗，提前祝你猪年春节快乐啦!,6178695697,1,债务重组阿信,2773,548249,m
4466924182342559,Fri Jan 31 22:32:58 +0800 2020,他蔬菜都可以拿出去卖了换钱，说不定口罩也以莆田为借口卖掉了啊，变成钱我们就追不到数量了，像捐的物资可以统计出来，有的捐款根本就统计不到,2309499625,4,就爱小小娜,338,217,f
4466920394924959,Fri Jan 31 22:17:55 +0800 2020,道歉有用，法律干什么的呢？,2936856135,4,mangolv榴莲,115,81,m
4466920222443577,Fri Jan 31 22:17:15 +0800 2020,别问了  再问就会有人被抓出来顶包的 像昨天那女的一样,71277420,5,就算2丶也要2de有范,643,577,m
4466920075764780,Fri Jan 31 22:16:40 +0800 2020,坍塌式腐败！！,5106270204,5,马志宾,31,75,m
4466927336735765,Fri Jan 31 22:45:31 +0800 2020,还是嘴硬,5147855691,2,田野先生6208,119,313,f
4466922818862921,Fri Jan 31 22:27:34 +0800 2020,"这么多年了，一到真刀真枪的时候，红十字会就出各种问题<span class=""url-icon""><img alt=[允悲] src=""https://h5.sinaimg.cn/m/emoticon/icon/default/d_yunbei-9aa3c436a4.png"" style=""width:1em; height:1em;"" /></span>，难道就没进步吗！",2612927014,5,飞红琉翠,190,229,f
4466921750004765,Fri Jan 31 22:23:19 +0800 2020,黄冈，孝感，襄阳，随州，荆州，荆门都告急！！！！物资到底去了哪里，求中央彻查！,6201121919,5,你的假牙我的木糖醇,74,3,m
4466921451619769,Fri Jan 31 22:22:08 +0800 2020,所以，我们的错，我们就该捐韩红！韩红的支援早就到了！,1974271803,5,繁花似锦觅安宁_香蜜,333,255,f
4466920831076595,Fri Jan 31 22:19:40 +0800 2020,"我操，青天大老爷呀，大家快来看青天大老爷，湖北的兄弟有福啦，青天大老爷呀<span class=""url-icon""><img alt=[哈哈] src=""https://h5.sinaimg.cn/m/emoticon/icon/default/d_haha-dd1c6d36cf.png"" style=""width:1em; height:1em;"" /></span><span class=""url-icon""><img alt=[哈哈] src=""https://h5.sinaimg.cn/m/emoticon/icon/default/d_haha-dd1c6d36cf.png"" style=""width:1em; height:1em;"" /></span><span class=""url-icon""><img alt=[哈哈] src=""https://h5.sinaimg.cn/m/emoticon/icon/default/d_haha-dd1c6d36cf.png"" style=""width:1em; height:1em;"" /></span>我们不怕啦，青天大老爷呀",6048203520,5,米歇尔北冥,561,287,m
4466920105541358,Fri Jan 31 22:16:47 +0800 2020,啥时候可以好好查查物资流向特别是某某某基金会就好了,5349007138,5,nitaanita,32,208,f
4468583264030553,Wed Feb 05 12:25:35 +0800 2020,所以物资去哪里了？有没有清单？,6027253624,0,huntaway阿飞,180,76,m
4467424759658509,Sun Feb 02 07:42:06 +0800 2020,敢给你们的仓库来个全国直播吗，说说到底那些不合格了，怎么就不能用了，怎么就发不下去了，全国人民帮你们找找问题出在哪里,2589979437,0,Baby_源_,340,308,f
4467208988210813,Sat Feb 01 17:24:42 +0800 2020,那么请问，红十如此不作为没能力，是要一线的病人医生承担后果？,7199523852,0,浅笑衣衣,125,2,f
4467204684814160,Sat Feb 01 17:07:35 +0800 2020,转交给专业人士,6913705852,0,lwm欣悦,50,19,m
4467134766126616,Sat Feb 01 12:29:46 +0800 2020,这个时候不一心，不是找死吗！这是在搞什么？报复社会吗？不怕曝光，不怕舆论的力量？你后台硬呗！全国乃至外国华人都给你送物资，然后内部处理了？真是好样的！,5481362112,0,少女爱酥胸s,91,45,f
4467097323659344,Sat Feb 01 10:00:59 +0800 2020,国家监察，这次一定要为人民查一个水落石出！否则，难以平民愤！！！湖北省红十字会和武汉红十字会国难当头，居然不作为！必须給全国人民一个说法！！！,2129088325,0,晶晶0107,392,431,f
4467068155922977,Sat Feb 01 08:05:05 +0800 2020,不管什么型号，都应该先考虑重灾区，然后再平均分配，这个很难吗？不管什么型号对于那些舍己救人的需要防护的医生护士来说都是救命稻草。,6377333140,0,一念间释然199307,21,3,f
4467046270161808,Sat Feb 01 06:38:07 +0800 2020,你武汉政府和地方红会什么东西 整个中国给你们搭进去 全世界禁飞我们 我们不要出去做生意了是吧 学你们来养全中国啊 这个年闹得还不够啊 要死多少人 你中央才能把这批只会政功饭的混蛋换了,6306033242,0,陆家嘴天眼,181,59,m
4466980742630983,Sat Feb 01 02:17:43 +0800 2020,强烈要求武警部队接管红会仓库，安排及时妥善发放应急物资到一线医护。给最需要的人！红会这群laji稍后处置！,2796461827,0,喵星人来袭2222,256,264,f
4466950929376054,Sat Feb 01 00:19:15 +0800 2020,哥们，都这个时候你还要慢慢改进。武汉政府真稳啊。,6483961483,1,风信子与空巷老年人,52,34,m
4466946282387408,Sat Feb 01 00:00:47 +0800 2020,调配物资不及时，能力效率低下，建议中央全面接管！时间就是生命，武汉政府满悠悠的是想草菅人命吗！！！是否有贪腐在其中，严查到底，死刑等着你们！！！,6728157448,1,曦26887,353,18,m
4466937524803338,Fri Jan 31 23:26:00 +0800 2020,所以省委书记又跑了？,7336677200,1,小高射炮,38,16,m
4466932633947281,Fri Jan 31 23:06:34 +0800 2020,呵呵呵,3273076023,0,OubaRuan,95,23,m
4466931618882794,Fri Jan 31 23:02:31 +0800 2020,物资不够～全国全世界都在捐！医护人员不够～全国各地医疗精英都在支援！武汉志愿者不够没办法更快的调度～党员干部上！,3775577121,1,_宇宙无敌帅小飞_,192,368,m
4466931102915877,Fri Jan 31 23:00:29 +0800 2020,嫌我们没捐好？要是个人捐的杂七杂八对不上型号就算了，可大部分是企业捐的吧，类似3M，他们也对不上型号吗？全国每天加急生产多少医疗用品，不也优先供应武汉吗？还有各地支援的医生团队也自己带了一些资源啊,2605133423,1,-几度花开--素晴,419,228,f
4466930230051353,Fri Jan 31 22:57:01 +0800 2020,心寒，大灾大难面前国人都在团结一心，却总有人不作为还在打官腔,5943228253,1,夏雨初晴的窝,139,70,f
4466929685163842,Fri Jan 31 22:54:51 +0800 2020,大家还是举报到国家公告的国务院网上吧，合法，千万人的举报，相信中央会彻查,3895954901,1,羊羊家的快乐,281,84,m
4466929094112077,Fri Jan 31 22:52:30 +0800 2020,说了等于没说，笼统的回答能搪塞人民吗？你把人民的智商按在地上摩擦吗,2605133423,1,-几度花开--素晴,419,228,f
4466928175729436,Fri Jan 31 22:48:51 +0800 2020,噢？？完了？怎么解决呢？接下来打算怎么分配呢？怎么公示呢？这些天忙什么呢？,1734368121,1,小千不太行,291,1617,f
4466928007052969,Fri Jan 31 22:48:11 +0800 2020,贪腐的赶快染病死吧！,3592800267,2,LunaDoll0702,539,181,f
4466927538087361,Fri Jan 31 22:46:19 +0800 2020,国难当头，不要碧莲，有脸讲这些套话，疫情结束了等着收拾你们这些尸位素餐的人,5064667875,1,霍小刚先森,89,94,m
4466927248181203,Fri Jan 31 22:45:10 +0800 2020,消耗量大于供应量？接受分配物资为什么会有消耗？还大于供应量？分配10箱，6箱消失，只有4箱实际到医院吗？实在不解，有人解释一下这条吗？,1677988057,2,围炉淡谈,210,69,f
4466927152256867,Fri Jan 31 22:44:46 +0800 2020,"不想听这些说了跟没说一样的官场屁话！全给都在给武汉加油捐款捐物，唯独武汉政府、湖北政府不作为滥用职权！心寒<span class=""url-icon""><img alt=[泪] src=""https://h5.sinaimg.cn/m/emoticon/icon/default/d_lei-1b4b02f8b1.png"" style=""width:1em; height:1em;"" /></span>",2830094174,2,含笑步步步步颠,336,81,m
4466927034558214,Fri Jan 31 22:44:19 +0800 2020,原来如此，请武汉红会公示所接受物资时间、品种、型号、数量、流向，也让我们好好反思一下是怎么冤枉你们了！求彻查！！,3533774880,2,在时光中沉醉,198,35,f
4466926892213613,Fri Jan 31 22:43:45 +0800 2020,这呱拉的真漂亮！没有很好的应对，那你们应该把救援物资随便给吗？哪里医疗物资告急你们不知道？还你们在工作中不断改进，等你们改进好了疫情也过了，剩下的物资卖了买排骨吃吧！噎死你们这一群铁憨憨！傻*,5497143145,2,宝宝豆豆丶,121,2,m
4466924853316601,Fri Jan 31 22:35:39 +0800 2020,既然上不了前线，为什么不做好后勤呢？可都是人命关天的事，大家都看着呢,5414119261,0,月踏歌致,42,40,f
4466924539173915,Fri Jan 31 22:34:23 +0800 2020,不敢相信湖北省的官员啊，中央派人接管吧，在这样下去守护我们的白衣天使倒下了怎么办，扪心自问 谁不是个孩子 谁不是个父母，他们在最危险的阵地却得不到最好的保护,7237557337,4,譞宝贝2015,57,2,f
4466924144271677,Fri Jan 31 22:32:50 +0800 2020,请严查,3104099573,1,橙诺ai晨,194,78,f
4466924093748979,Fri Jan 31 22:32:38 +0800 2020,都什么时候了，还在说调配不及时，你马上辞职吧,6433542829,3,敢严徐,160,8,m
4466924089543746,Fri Jan 31 22:32:37 +0800 2020,官员如此，不得不怀疑莆田系医院是官官相结喽,2346420415,3,杨欢eliane,116,346,f
4466923985514314,Fri Jan 31 22:32:11 +0800 2020,强烈要求捐赠不必要经过红会，民间捐赠可以直接对点，走绿色通道，政府应该做这个事怎么快速高效，而不是让他们三天公布一次，那他们更干不了活了，全去搞算数了。官方捐赠想捞个名声的可以给红会让他们发挥一点余热。,6003331529,2,Mars-10,284,54,m
4466923926106711,Fri Jan 31 22:31:58 +0800 2020,消耗量关你们屁事！你们发下去就完了，仁爱医院的消耗比仁和医院的大咯？？？？ 型号对不上你们怎么登记接收？？？还知道普通的给仁和医院，好的好卖的给仁爱医院？？？,3775220800,2,五筒爸,663,133,m
4466923767474822,Fri Jan 31 22:31:20 +0800 2020,烂透了,3763676123,2,果然酱紫w,743,161,f
4466923666858024,Fri Jan 31 22:30:55 +0800 2020,不要触及人民底线，否则死了你的家人都被人瞧不起，和唾骂！,5674254411,4,爱学习的魏发财,752,94,m
4466923330816254,Fri Jan 31 22:29:36 +0800 2020,有些人就是坏的脚底长疮，头顶流脓,2075542395,3,sunyi8885,387,123,m
4466923293213261,Fri Jan 31 22:29:27 +0800 2020,你们现在说的话，人民群众还会信多少？我们相信中央，对于湖北政府是失望透顶了，尤其是武汉市现在发生的一系列问题。真的让人想起一些历史事件，甲午战争，前线炮弹装沙子？,5381566069,3,____入戏太深x,375,72,m
4466923234502758,Fri Jan 31 22:29:13 +0800 2020,消耗大于供给，那应该是仓库不会存太多东西了，为什么仓库存那么多东西不发出去，这是消耗大吗？,5128342441,2,肖春丽XCL,79,107,f
4466923163404201,Fri Jan 31 22:28:56 +0800 2020,全国都缺，各种微商各种二手平台大量出口罩，哪里来的呢？你品，你细品,6849374412,1,你看那悠扬的风,48,46,m
4466923138180549,Fri Jan 31 22:28:50 +0800 2020,"把锅甩给捐赠者，心都凉了<span class=""url-icon""><img alt=[怒] src=""https://h5.sinaimg.cn/m/emoticon/icon/default/d_nu-54e54e160b.png"" style=""width:1em; height:1em;"" /></span><span class=""url-icon""><img alt=[怒] src=""https://h5.sinaimg.cn/m/emoticon/icon/default/d_nu-54e54e160b.png"" style=""width:1em; height:1em;"" /></span><span class=""url-icon""><img alt=[怒] src=""https://h5.sinaimg.cn/m/emoticon/icon/default/d_nu-54e54e160b.png"" style=""width:1em; height:1em;"" /></span>",5417408518,2,ZYF大美妞,959,253,f
4466923134180144,Fri Jan 31 22:28:48 +0800 2020,奇怪的协和医院拿不到，民营的弄了一大把！,1411841250,2,医-钵周体,185,518,m
4466923108924065,Fri Jan 31 22:28:43 +0800 2020,下台吧,2142846201,2,妙木山大王,1002,114,m
4466923062638891,Fri Jan 31 22:28:32 +0800 2020,"协和去拉物资，硬是给卸车了。<span class=""url-icon""><img alt=[哼] src=""https://h5.sinaimg.cn/m/emoticon/icon/default/d_heng-fe4c7da3e7.png"" style=""width:1em; height:1em;"" /></span>",5704024090,2,月满楼的海岸,1440,193,m
4466923053923066,Fri Jan 31 22:28:30 +0800 2020,在这个全国人民都关注的时候，你们做这些事情不是让自己下不了台么。什么时候该干什么，自己掂量清楚。请勿自误。！,1967432737,1,任佳樹,374,267,m
4466923028944957,Fri Jan 31 22:28:23 +0800 2020,红会就应该被取缔,1885588392,2,_有无之境_,261,513,m
4466923025202595,Fri Jan 31 22:28:22 +0800 2020,全中国都供不起一个武汉,2426311923,2,-带小狗的女人-,567,324,f
4466922886263304,Fri Jan 31 22:27:50 +0800 2020,说的话没有任何效力，劝别说了，直接全程公开吧,6963507764,1,糖甜唐不甜,113,10,f
4466922693118154,Fri Jan 31 22:27:04 +0800 2020,光明，是一种态度！这个事儿，光明吗？<a href='/n/光明日报'>@光明日报</a>,5919310830,1,cherry196416,96,39,f
4466922693113156,Fri Jan 31 22:27:03 +0800 2020,"重要渠道<span class=""url-icon""><img alt=[费解] src=""https://h5.sinaimg.cn/m/emoticon/icon/default/d_feijie-bac8e40ab4.png"" style=""width:1em; height:1em;"" /></span>你倒是公布下这个重要渠道从接受第一笔捐赠以来都做了些什么，跟别人阿里顺丰韩红甚至浙江的红会对比下？这么多困难大家都在想办法一起解决，就公会没能力没德行一手包揽搞得一塌糊涂还装委屈？",2077883522,2,太宰治不好患者,201,34,f
4466922642998186,Fri Jan 31 22:26:52 +0800 2020,希望以后大家别给红十字会捐钱了，腐败透顶，真气人,6118084644,1,强世军军,238,17,m
4466922555064755,Fri Jan 31 22:26:31 +0800 2020,等你改完黄花菜都凉了，行就上不行就换人，别在这瞎扯淡。,1967432737,1,任佳樹,374,267,m
4466922513297782,Fri Jan 31 22:26:21 +0800 2020,协和居然没有，老子恨死这些吃人血馒头的人，你们会有报应的，,5326768744,2,xxx旭旭旭,315,334,f
4466922433756974,Fri Jan 31 22:26:02 +0800 2020,公众对红十现在没信心了,3741274325,2,总想做个傻白甜,400,113,f
4466922244909823,Fri Jan 31 22:25:17 +0800 2020,建议红十字只负责统计医药物资，定点医院的后勤部门抽调人员根据各家实际情况来协调全国各地送往武汉的医药物资,5521587753,1,jason开火车,25,6,m
4466922001387964,Fri Jan 31 22:24:19 +0800 2020,给这些不在抗战一线没有啥病人的医院那么朵口罩是要转手卖了赚一笔吗！？已经不能用愤怒来形容此刻的心情了！这样的声明不能接受！,1957165824,2,吴晓莉苗苗,389,5788,f
4466921996705033,Fri Jan 31 22:24:17 +0800 2020,捐赠是情谊，你们应该审时度势因地制宜。不是抱死道理一定要“很好对应”。懂得什么叫聊胜于无？,3631161710,1,那年的夏天很笛子,96,10,m
4466921938877821,Fri Jan 31 22:24:04 +0800 2020,供大于需 会算数吗    捐的那么多东西呢,2012645541,2,温柔贤惠清新文艺佳要好好学习,280,269,f
4466921917384987,Fri Jan 31 22:23:58 +0800 2020,给莆田给的快啊？？？挺及时啊,5556844110,2,小怪兽-xxxx,277,126,f
4466921880136607,Fri Jan 31 22:23:50 +0800 2020,但凡工作过的人都知道，在认错的同时，要给出如何补救的措施，你们呢？下一步怎么做，一个字没提，不🐴 你们🐴 谁,7009887529,2,凡小的肥虾,266,78,f
4466921862519112,Fri Jan 31 22:23:46 +0800 2020,气人,1097027330,0,巍涵,343,96,f
4466921758071899,Fri Jan 31 22:23:20 +0800 2020,不要脸武汉红十字武汉政府,7286165265,2,冒个泡泡V,148,2,f
4466921703066090,Fri Jan 31 22:23:08 +0800 2020,操,6654758288,0,无与伦比201105,237,128,m
4466921669817147,Fri Jan 31 22:23:00 +0800 2020,别扯了。分明就是黑了那些钱，为什么收了那么多钱和物资医院还是发微博求助。,2392008211,1,薔薇微恙,426,459,f
4466921640652285,Fri Jan 31 22:22:53 +0800 2020,"你特么消耗给谁了心里没点儿数<span class=""url-icon""><img alt=[怒骂] src=""https://h5.sinaimg.cn/m/emoticon/icon/default/d_numa-8965c9df78.png"" style=""width:1em; height:1em;"" /></span>",3868785434,2,Morpheus牌C-pop海浪,1086,514,f
4466921610698090,Fri Jan 31 22:22:45 +0800 2020,没有对应的话请问物资怎么出的的呢你们，存在仓库发霉吗,2661710175,2,十月一0_0,315,250,f
4466921473168995,Fri Jan 31 22:22:13 +0800 2020,山东捐赠的蔬菜去哪里了，其他捐给湖北的物资究竟是怎么分配的？为什么仍然物资紧缺？？紧缺到向社会求助！我们老百姓就能买到这些物资吗？我连基本的口罩酒精消毒水都买不到了，怎么捐物资？捐钱该捐给谁？红十字究竟可靠吗？一线医护人员到底安不安全？这些问题请湖北省政府出来回应一下。,1252000303,2,流星xx宇,771,413,m
4466921427085656,Fri Jan 31 22:22:02 +0800 2020,我反正再也不信了,5023121513,1,这只是一个长长的小号,1218,154,f
4466921351310943,Fri Jan 31 22:21:44 +0800 2020,要彻查,2047743662,1,樱二姑娘,466,229,f
4466921296835092,Fri Jan 31 22:21:31 +0800 2020,全世界都在给你们补及，你跟我说协调不够快，任命丢的不够快是不是，不要只会打官腔！,1602539677,2,摄影师杨华彬,1482,971,m
4466921258927931,Fri Jan 31 22:21:22 +0800 2020,<a href='/n/我胖虎没有怕的'>@我胖虎没有怕的</a>,2090483831,0,Alinkkkkkkk,917,211,f
4466920948459765,Fri Jan 31 22:20:07 +0800 2020,时间就是生命……,5321362164,1,Anne我就是我,122,19,f
4466920923191657,Fri Jan 31 22:20:02 +0800 2020,反正我们不信，除非你把物资吐出来，给我们武汉的一线奋斗者们,2261797564,3,大黑莎,406,491,f
4466920776278504,Fri Jan 31 22:19:27 +0800 2020,下台！,2184647161,1,愚人的博弈,2470,2494,m
4466920722383486,Fri Jan 31 22:19:14 +0800 2020,所以物资去哪里了？有没有清单？,6027253624,2,huntaway阿飞,180,76,m
4466920642553155,Fri Jan 31 22:18:55 +0800 2020,呵呵，全给莆田系了呗,3637313100,0,一只m大白m,670,444,m
4466920500073396,Fri Jan 31 22:18:20 +0800 2020,qtmdhszh,2696465727,0,马婧love,539,202,f
4466920466087669,Fri Jan 31 22:18:13 +0800 2020,消耗量大于供应量，周转还不够快？,1345444013,3,肖屋人家,83,73,m
4466920273270753,Fri Jan 31 22:17:27 +0800 2020,能够认识到问题、承认问题的存在就是解决问题的前提。,1734810460,0,老赵没正事儿,1565,231,m
4466920173032174,Fri Jan 31 22:17:03 +0800 2020,这不调查一下？道歉有什么用？,1845629642,1,爱包子的黑少年,228,42,m
4466920012846963,Fri Jan 31 22:16:25 +0800 2020,不要改进啦！要雷厉风行，马上派一线医院！！！一线医院已经在用一次性垫布改口罩了！！！,1782772417,1,怕冷的小鱼鱼djunzi,173,317,f
4466919924975240,Fri Jan 31 22:16:04 +0800 2020,这样的后勤保障，对得起一线人员吗？,1646627074,2,木头人JMC,412,241,m
4466919912868839,Fri Jan 31 22:16:00 +0800 2020,"红十字会是穿越到一年前去了吗<span class=""url-icon""><img alt=[二哈] src=""https://h5.sinaimg.cn/m/emoticon/icon/others/d_erha-0fecc90ac1.png"" style=""width:1em; height:1em;"" /></span><span class=""url-icon""><img alt=[二哈] src=""https://h5.sinaimg.cn/m/emoticon/icon/others/d_erha-0fecc90ac1.png"" style=""width:1em; height:1em;"" /></span><span class=""url-icon""><img alt=[二哈] src=""https://h5.sinaimg.cn/m/emoticon/icon/others/d_erha-0fecc90ac1.png"" style=""width:1em; height:1em;"" /></span><span class=""url-icon""><img alt=[二哈] src=""https://h5.sinaimg.cn/m/emoticon/icon/others/d_erha-0fecc90ac1.png"" style=""width:1em; height:1em;"" /></span>",5898714290,0,上帝之手CG520,2187,4445,m
4466919816015681,Fri Jan 31 22:15:37 +0800 2020,我就问，能不能免费给市民发蔬菜,5582161209,0,強力型戰斗對,63,53,m
4466919727490388,Fri Jan 31 22:15:16 +0800 2020,东西去哪里了,1460746592,1,蒂柒堂,182,49,m
4466919711352917,Fri Jan 31 22:15:13 +0800 2020,说了等于没说啊,1654808903,2,多多罗隆隆,541,578,f
4466919702485893,Fri Jan 31 22:15:10 +0800 2020,"<span class=""url-icon""><img alt=[允悲] src=""https://h5.sinaimg.cn/m/emoticon/icon/default/d_yunbei-9aa3c436a4.png"" style=""width:1em; height:1em;"" /></span>",6190204564,0,我是郭生生,294,40,m
4466919631268875,Fri Jan 31 22:14:54 +0800 2020,越描越对不上 不懂得一个谎言要靠无数个谎言去圆吗？,1406272600,7,呆呆_Single-lady,254,1191,f
4466920566946789,Fri Jan 31 22:18:36 +0800 2020,下午武汉国博中心到的一大批防护服，私信了武昌医院 第七医院的院领导联系了去领、结果又被红十字扣住了不让动。这是要人命啊.....无力吐槽了。前线医院的物资完全没有，后面武汉红十字会就掐住医院的命脉，来自社会各地国内外各界捐款的物资就是不给放！,2706274174,7,格子铺_Vera,1266,293,f
4466920885524069,Fri Jan 31 22:19:52 +0800 2020,所以武汉市能够管得了赵副省长的红十字会吗,6379266327,3,2019曾用名,95,9,f
4466921019560279,Fri Jan 31 22:20:25 +0800 2020,这么危急时刻，为什么不能调拨快点？这不是草菅人命吗？,7360169641,4,长弓13648,11,2,m
4466922290172779,Fri Jan 31 22:25:28 +0800 2020,为什么总给他们这么高调的解释机会？,6965530416,3,一年不必修改一次昵称,12,0,m
4466919870503605,Fri Jan 31 22:15:51 +0800 2020,湖北红十已丧失公信力了  现在不管说什么都不会再信了,6193899143,3,洗个手吧,302,4,m
4466920206116310,Fri Jan 31 22:17:10 +0800 2020,建议，将红十会相关人员予以重罚，直播枪毙，以儆效尤，毕竟此时与战时没有区别，必须用战争时的手段来处理，战场上这种行为已经可以被称为叛国。,6483878539,4,南无尽虚空遍法界无量量佛,4,12,m
4466989743075917,Sat Feb 01 02:53:30 +0800 2020,"真的想送你六个字<span class=""url-icon""><img alt=[鄙视] src=""https://h5.sinaimg.cn/m/emoticon/icon/default/d_bishi-34f7294c90.png"" style=""width:1em; height:1em;"" /></span>",1134510623,0,小江西佐,47,14,m
4466957275645991,Sat Feb 01 00:44:28 +0800 2020,这时候，你再啰嗦，医护人员就越危险，病人越得不到救治，你快发物资啊啊啊啊！！！！,6209189286,1,小熊佩琪的邻居,66,0,f
4466950471872689,Sat Feb 01 00:17:27 +0800 2020,半个世界都供不上湖北的几个医院？来你说说什么样的供应量才供得上你们？,6241636542,2,甜辣味儿的薯片今天吃吗,31,1,f
4466933170614407,Fri Jan 31 23:08:42 +0800 2020,我都不知道评论什么好了，只想说一句，这样的官休想得到万民伞！,6963003824,2,蕾蕾殇,87,4,f
4466928548319747,Fri Jan 31 22:50:20 +0800 2020,国家一直推行工业互联网+智能制造，物流仓储智能化管理平台作为核心内容之一，红十字会作为卫健委下属事业单位，千万不要说没有这种系统，也千万不要说人手不够、时间紧导致物资无法及时录入收支，也千万不要说仓库小无法有效分类。假如有系统，请将数据导出并公示，接受社会监督，增加公信力。,2420452613,1,静静的天1988,77,1,f
4466927717927999,Fri Jan 31 22:47:01 +0800 2020,"举全国之力救武汉，结果被卡在红会<span class=""url-icon""><img alt=[摊手] src=""https://h5.sinaimg.cn/m/emoticon/icon/default/d_tanshou-3abaa4ed77.png"" style=""width:1em; height:1em;"" /></span>",6196664226,2,可乐没快乐,67,87,m
4466926925037678,Fri Jan 31 22:43:53 +0800 2020,"想不通<span class=""url-icon""><img alt=[感冒] src=""https://h5.sinaimg.cn/m/emoticon/icon/default/d_ganmao-d66b25d11a.png"" style=""width:1em; height:1em;"" /></span>",1022808150,0,v好好生活68_535,217,0,m
4466924589304061,Fri Jan 31 22:34:36 +0800 2020,人，都是有良心的，在困难面前还有人不作为？看看医生和护士他们是多么不容易，为了病人，不能正常的吃饭，上厕所！全国各地都在为武汉捐款捐物，就是为了红十字会能尽快送到医院和病人处！红十字会！别寒了老百姓的心啊！,1045172950,3,月儿妞儿,118,43,f
4466923716357517,Fri Jan 31 22:31:08 +0800 2020,黑会都臭成这样了，还能奇迹般的存在？,6658806777,2,桐桐200101,196,78,f
4466922739628563,Fri Jan 31 22:27:15 +0800 2020,现在出了问题就是改，不查？现在什么时候了，还在找问题改吗？？？,6252686465,1,小柳子嗯哼,20,0,m
4466922362063905,Fri Jan 31 22:25:45 +0800 2020,如果真的人手不够，我相信在武汉召集志愿者，大家一定愿意去红十字会帮忙,6868147599,1,九个酒糟冰魄碗,127,2,f
4466922269386901,Fri Jan 31 22:25:23 +0800 2020,"人命关天的时候还出差错<span class=""url-icon""><img alt=[怒] src=""https://h5.sinaimg.cn/m/emoticon/icon/default/d_nu-54e54e160b.png"" style=""width:1em; height:1em;"" /></span>",6527739762,1,兰海之竹6527739762,174,64,f
4466921845681147,Fri Jan 31 22:23:42 +0800 2020,当然了，你们全给人流医院了，,6449185611,1,大宝泛泛之交,31,1,m
4466920298537814,Fri Jan 31 22:17:33 +0800 2020,钱干嘛了，东西去哪了，全国支援武汉，结果一线医生还需要赤膊上阵,6152859362,3,低调的小晗子,36,0,f
4466920260543092,Fri Jan 31 22:17:24 +0800 2020,这个人一看就是猥琐之人,2871954465,1,用户w3risj0isq,91,1,m
4466920064010625,Fri Jan 31 22:16:36 +0800 2020,希望前线的医务人员及时用上物资，别让英雄流血又流泪，武汉加油！,5792449751,4,散落阳光04615,63,30,m
4466920034175864,Fri Jan 31 22:16:29 +0800 2020,我相信红会！一定不会浪费太多！红会的猪也该玩完了,7163599333,0,小小楠0837,32,6,m
4466975772151711,Sat Feb 01 01:57:58 +0800 2020,多些理解～细节治理,7371646114,0,感应道交在客乡,41,125,m
4466950392141334,Sat Feb 01 00:17:08 +0800 2020,根本不相信    全世界都供不起一个武汉   吃相不要太难看！,2430154482,1,blingbling丹丹,220,187,f
4466940309782506,Fri Jan 31 23:37:04 +0800 2020,红十字会也不是成立一天两天，程序不顺通说得过去。这都多少年的机构了。还弄不通。,3819659886,0,绝对对小姐,490,68,m
4466934353901732,Fri Jan 31 23:13:24 +0800 2020,湖北的某些领导！你们在控制疫情方面已经慢了一步，因为你们的前期不重视，导致多少人间悲剧！多少生命因此失去！现在，一方有难八方支援！但是，你们又在拖延救助物资和救助捐款的发放！这是拿多少奋斗在一线的医护人员的生命开玩笑？,1837799442,1,纳闷与烦恼,265,310,m
4466925881097379,Fri Jan 31 22:39:44 +0800 2020,现在知道了钟南山到底为什么流眼泪了！,7382189224,0,南面山前有条小河,63,0,f
4466922412686329,Fri Jan 31 22:25:57 +0800 2020,官话套话很多,6043556539,1,若是秋风水易寒6043556539,211,31,f
4466920662904181,Fri Jan 31 22:18:59 +0800 2020,良心不会痛吗？相信看到新闻的人都会生气！愤怒！不要公信了吗！以后谁还捐十字会！,2696875913,2,钱包壮壮哒,223,132,f
4466919614693032,Fri Jan 31 22:14:50 +0800 2020,<a href='/n/华图在线王鹍'>@华图在线王鹍</a>: 红会就是“空子”，就是“冠状病毒”,5347266267,10,华图在线王鹍,39,499990,m
4466919950225414,Fri Jan 31 22:16:10 +0800 2020,说的太对了,7068385783,数据缺失,小竹林竹笋,50,1,m
