﻿4466234063851337,Thu Jan 30 00:50:42 +0800 2020,"不仅关注儿童权利，更在关键时刻伸出援手，儿基会很棒<span class=""url-icon""><img alt=[good] src=""https://h5.sinaimg.cn/m/emoticon/icon/others/h_good-644bcfa993.png"" style=""width:1em; height:1em;"" /></span><span class=""url-icon""><img alt=[good] src=""https://h5.sinaimg.cn/m/emoticon/icon/others/h_good-644bcfa993.png"" style=""width:1em; height:1em;"" /></span>",6728114396,18,追风的三三,494,933,f
4466235506917924,Thu Jan 30 00:56:26 +0800 2020,2天就被老外消耗了，呼吁把口罩留给最需要的人,5644227421,15,飞飞28903,460,244,m
4466331846398848,Thu Jan 30 07:19:15 +0800 2020,"救命救命！武汉现在哪个医院还有床位或者联系哪个地方可以跨区收病人 家里老人真的很严重 去了好几家医院都没被收治 只能在家等待死亡 而且家里还有一位感染的病人 麻烦大家救救我朋友一家 拜托大家 真的 真的 真的<span class=""url-icon""><img alt=[泪] src=""https://h5.sinaimg.cn/m/emoticon/icon/default/d_lei-1b4b02f8b1.png"" style=""width:1em; height:1em;"" /></span><span class=""url-icon""><img alt=[泪] src=""https://h5.sinaimg.cn/m/emoticon/icon/default/d_lei-1b4b02f8b1.png"" style=""width:1em; height:1em;"" /></span><span class=""url-icon""><img alt=[泪] src=""https://h5.sinaimg.cn/m/emoticon/icon/default/d_lei-1b4b02f8b1.png"" style=""width:1em; height:1em;"" /></span> 拜托给人一个活下去的希望吧 给武汉人一个活下去的希望",5410086945,6,怪兽弯路,215,122,f
4466341774273370,Thu Jan 30 07:58:42 +0800 2020,湖北省和武汉市政府领导班子严重失职！渎职！隐报，瞒报！造成这么大损失！民族罪人！,5920000470,5,漂泊在异乡2016,322,159,m
4466322798458100,Thu Jan 30 06:43:17 +0800 2020,转发微博,7022470070,0,温州新媒体快,2018,1991,f
4466283615259225,Thu Jan 30 04:07:36 +0800 2020,中国每年都交齐了联合国会费，互信互助吧，联合国应当发挥它的作用,1539461557,0,田大哥_Titian,424,1303,f
4466245246161721,Thu Jan 30 01:35:08 +0800 2020,太棒了！,1974994605,1,千亦羽,489,899,f
4466230444306891,Thu Jan 30 00:36:19 +0800 2020,48小时以上仍然有5%退票手续费怎么回事？？？？？？？,3966029221,1,脑袋里的虫儿,705,129,m
4466245238166291,Thu Jan 30 01:35:06 +0800 2020,"海关<span class=""url-icon""><img alt=[偷笑] src=""https://h5.sinaimg.cn/m/emoticon/icon/default/d_touxiao-15afb1c739.png"" style=""width:1em; height:1em;"" /></span><span class=""url-icon""><img alt=[偷笑] src=""https://h5.sinaimg.cn/m/emoticon/icon/default/d_touxiao-15afb1c739.png"" style=""width:1em; height:1em;"" /></span><span class=""url-icon""><img alt=[偷笑] src=""https://h5.sinaimg.cn/m/emoticon/icon/default/d_touxiao-15afb1c739.png"" style=""width:1em; height:1em;"" /></span><span class=""url-icon""><img alt=[偷笑] src=""https://h5.sinaimg.cn/m/emoticon/icon/default/d_touxiao-15afb1c739.png"" style=""width:1em; height:1em;"" /></span><span class=""url-icon""><img alt=[偷笑] src=""https://h5.sinaimg.cn/m/emoticon/icon/default/d_touxiao-15afb1c739.png"" style=""width:1em; height:1em;"" /></span>",6118819173,0,十倍莫吉托,13,48,m
4467079644395338,Sat Feb 01 08:50:44 +0800 2020,"再看看我们的儿慈会<span class=""url-icon""><img alt=[吃瓜] src=""https://h5.sinaimg.cn/m/emoticon/icon/default/d_chigua-c95cd5ba58.png"" style=""width:1em; height:1em;"" /></span>",1883678325,0,叛水逆火,560,201,m
4466586918496400,Fri Jan 31 00:12:49 +0800 2020,拜托真不要通过红会了，一帮垃圾,1742632075,0,木槿桉,619,329,f
4466329929471963,Thu Jan 30 07:11:37 +0800 2020,中国疫情，世界关注,1196516393,0,天色不早了,309,1707,m
4466230930776892,Thu Jan 30 00:38:15 +0800 2020,捐到留学生手上去了是吗？,5138743604,7,论寂寞的正确食用方法,199,56,m
4466588109676881,Fri Jan 31 00:17:33 +0800 2020,回复<a href='/n/行随势'>@行随势</a>:我在央视新闻的也被删了,5138743604,数据缺失,论寂寞的正确食用方法,199,56,m
4466261327421185,Thu Jan 30 02:39:02 +0800 2020,妈拉爸子，胳膊肘外拐,6583642776,1,沉默是金2433,194,123,m
4466228711878522,Thu Jan 30 00:29:26 +0800 2020,。,7190152315,2,最终fover,5,17,m
4466882289247435,Fri Jan 31 19:46:31 +0800 2020,为什么非要给武汉红会,7291140306,0,刘长新666,40,0,m
4466591254961351,Fri Jan 31 00:30:03 +0800 2020,唉。。物资和捐款一旦被红十字会经手，就打水漂了,1927382782,1,负能量女王1985,289,1720,f
4466330948860867,Thu Jan 30 07:15:40 +0800 2020,打好物质基础,7371646114,0,感应道交在客乡,41,125,m
4466289961395207,Thu Jan 30 04:32:49 +0800 2020,防护服几块钱一套这么便宜,1874169844,0,寂寞赛道eee,302,488,m
4466277244679823,Thu Jan 30 03:42:16 +0800 2020,各方支援啊,1799380164,0,365天菜谱,733,1311,f
4466233632196855,Thu Jan 30 00:48:59 +0800 2020,3M口罩哪里有的卖啊,6459384681,0,榛的是杰杰,135,3,m
