﻿4470080148150353,Sun Feb 09 15:33:40 +0800 2020,看看人家，普通百姓多高的素质。这个时候，各地希望洗白的贪官污吏就不要再藏着掖着了，匿名捐款，让钱发挥它本来的作用，放家里不还是花不完。,7358123335,195,康D大爷,173,103,m
4470098406020409,Sun Feb 09 16:46:12 +0800 2020,"我不希望他是普通百姓<span class=""url-icon""><img alt=[doge] src=""https://h5.sinaimg.cn/m/emoticon/icon/others/d_doge-861403219c.png"" style=""width:1em; height:1em;"" /></span>太心疼了",1585020662,数据缺失,萌萌哒胖胖胖唷,2490,602,f
4470093209932814,Sun Feb 09 16:25:34 +0800 2020,"说得太实在了<span class=""url-icon""><img alt=[偷笑] src=""https://h5.sinaimg.cn/m/emoticon/icon/default/d_touxiao-15afb1c739.png"" style=""width:1em; height:1em;"" /></span><span class=""url-icon""><img alt=[偷笑] src=""https://h5.sinaimg.cn/m/emoticon/icon/default/d_touxiao-15afb1c739.png"" style=""width:1em; height:1em;"" /></span>",6260118661,数据缺失,moooool9,299,62,f
4470081712950900,Sun Feb 09 15:39:53 +0800 2020,捐款人能捐这么多钱，还用现金形式，还给宣传部，一时不知道该心疼钱还是心疼捐款人。。。,1663133901,83,想要一只猫一只狗和一个家,1045,402,f
4470093125418228,Sun Feb 09 16:25:14 +0800 2020,这个我们不说可能这钱来的也不干净现在用现金的大多思偷漏税的人何况数量这么大,7353339285,数据缺失,星际游人201912,177,24,m
4470086796386177,Sun Feb 09 16:00:04 +0800 2020,"别人就是不放心红十字 给政府 结果政府原封不动的给了红十字会<span class=""url-icon""><img alt=[吃瓜] src=""https://h5.sinaimg.cn/m/emoticon/icon/default/d_chigua-c95cd5ba58.png"" style=""width:1em; height:1em;"" /></span>",2123689031,70,jas-T_babygirl,242,272,f
4470452246422527,Mon Feb 10 16:12:15 +0800 2020,"什么地方的红十字会都是武汉？对不起 我们常州不背这个锅<span class=""url-icon""><img alt=[作揖] src=""https://h5.sinaimg.cn/m/emoticon/icon/others/h_zuoyi-cb12e18fd5.png"" style=""width:1em; height:1em;"" /></span>",3198983514,数据缺失,R1chard_JRay,664,206,m
4470093352159977,Sun Feb 09 16:26:07 +0800 2020,给红会发工资,7353339285,数据缺失,星际游人201912,177,24,m
4470082065608120,Sun Feb 09 15:41:16 +0800 2020,"真的希望他只是一个普普通通的富豪，不希望在出现后续那些让人心累的续集<span class=""url-icon""><img alt=[微笑] src=""https://h5.sinaimg.cn/m/emoticon/icon/default/d_hehe-039d0a6a8a.png"" style=""width:1em; height:1em;"" /></span><span class=""url-icon""><img alt=[微笑] src=""https://h5.sinaimg.cn/m/emoticon/icon/default/d_hehe-039d0a6a8a.png"" style=""width:1em; height:1em;"" /></span>",6569561499,38,温暖快乐的小马,146,9,f
4470087799158262,Sun Feb 09 16:04:04 +0800 2020,知道已经心到了！钱到不到就不知道了！！,2517729845,17,透过现象了解本质,398,606,m
4470081927335032,Sun Feb 09 15:40:43 +0800 2020,"虹＋字的，笑了<span class=""url-icon""><img alt=[嘻嘻] src=""https://h5.sinaimg.cn/m/emoticon/icon/default/d_xixi-813ededea2.png"" style=""width:1em; height:1em;"" /></span>",5652453110,22,5237小白龍袄,751,158,m
4470082492780878,Sun Feb 09 15:42:59 +0800 2020,红十字会！,1863167070,25,斯伯嘚曼2018,161,5109,m
4470086087700132,Sun Feb 09 15:57:15 +0800 2020,竟然给了红十字。。,2704260261,16,茗昊,58,111,m
4470117423861555,Sun Feb 09 18:01:47 +0800 2020,评论都是些什么东西？什么地方的红十字都和武汉一样？,3198983514,9,R1chard_JRay,664,206,m
4470087400947922,Sun Feb 09 16:02:29 +0800 2020,红十字？？？？？？？？？？？？？,2808205670,7,女奥特曼_,729,1754,f
4470086570075596,Sun Feb 09 15:59:10 +0800 2020,"关键是捐给了红十字会<span class=""url-icon""><img alt=[笑cry] src=""https://h5.sinaimg.cn/m/emoticon/icon/default/d_xiaoku-d320324f00.png"" style=""width:1em; height:1em;"" /></span><span class=""url-icon""><img alt=[笑cry] src=""https://h5.sinaimg.cn/m/emoticon/icon/default/d_xiaoku-d320324f00.png"" style=""width:1em; height:1em;"" /></span><span class=""url-icon""><img alt=[笑cry] src=""https://h5.sinaimg.cn/m/emoticon/icon/default/d_xiaoku-d320324f00.png"" style=""width:1em; height:1em;"" /></span>",6609200432,12,打工的熊猫2,335,73,m
4470084967971524,Sun Feb 09 15:52:49 +0800 2020,"红十字？？？<span class=""url-icon""><img alt=[嘻嘻] src=""https://h5.sinaimg.cn/m/emoticon/icon/default/d_xixi-813ededea2.png"" style=""width:1em; height:1em;"" /></span>我们已经不相信他们了",2711698765,9,中杉绫音,171,238,f
4470118438299250,Sun Feb 09 18:05:49 +0800 2020,匿名捐赠，这是一种什么样的品格？,1690185215,3,期货修道院,126,33270,m
4470086942998852,Sun Feb 09 16:00:40 +0800 2020,不要给红十字会,3093107100,6,谢谢谢灿烂,194,368,f
4470083029792712,Sun Feb 09 15:45:07 +0800 2020,希望让钱发挥最大的作用,5994676539,4,是xian女友吖,383,56,f
4470106471988705,Sun Feb 09 17:18:15 +0800 2020,为常州公民点赞👍,1815872465,4,Charm魅力三十,606,124,f
4470096229779989,Sun Feb 09 16:37:33 +0800 2020,联系武汉红会？我特么怀疑是不是有回扣拿,5549406714,3,你永远活在7点联播中,194,99,m
4470362685794393,Mon Feb 10 10:16:22 +0800 2020,比高薪的明星捐的多，点赞！,1783398515,1,LeonMaa,53,168,m
4470089678487072,Sun Feb 09 16:11:32 +0800 2020,进大门先测体温~问清楚箱子里面装的是什么，检查复核，同意进入大楼，告诉他宣传办在二十楼，安排人员一起上楼。,6275876379,1,虎哥7702,331,38,m
4470080106341474,Sun Feb 09 15:33:30 +0800 2020,一定要把捐款人找到,6260545690,5,被晒在田埂上的草根,125,16,m
4470123702653120,Sun Feb 09 18:26:44 +0800 2020,红十？？？,3554982131,3,Linny宁,409,322,f
4470088571233505,Sun Feb 09 16:07:07 +0800 2020,的确明星赚的不比他多么，其他人都没有这么捐款,1072311712,2,我为什么喜欢你,403,253,f
4470088567027662,Sun Feb 09 16:07:06 +0800 2020,红十字，现在看到红十字就只有呵呵,6187790449,3,卢卢卢23,100,68,f
4470326026785843,Mon Feb 10 07:50:42 +0800 2020,看到 红会了 红会,1947742643,2,仙灵古堡,42,422,m
4470127095660737,Sun Feb 09 18:40:13 +0800 2020,别让那个什么会给分喽。,6442558618,2,走向未来的小先生,113,316,f
4470104387401686,Sun Feb 09 17:09:58 +0800 2020,"红十字会让我们失去了信任<span class=""url-icon""><img alt=[挖鼻] src=""https://h5.sinaimg.cn/m/emoticon/icon/default/d_wabishi-842338e697.png"" style=""width:1em; height:1em;"" /></span>",5681479799,2,尤赧舒,148,44,m
4470101502275995,Sun Feb 09 16:58:31 +0800 2020,又回到十字会了,6023703432,2,当下明星,212,190,m
4470097047547802,Sun Feb 09 16:40:49 +0800 2020,估计打水漂了，红十字垃圾,6920159179,2,浅笑依然18381,108,15,m
4470090118480718,Sun Feb 09 16:13:16 +0800 2020,红十字会人员望着他离去的背影，含泪（  ）...,7357346420,2,toystation二号工作室,233,170,m
4470090106125208,Sun Feb 09 16:13:14 +0800 2020,你也不问问捐款人愿不愿意给红十字？？,5706009682,2,Deeeeep_Black,391,229,f
4470088898433411,Sun Feb 09 16:08:26 +0800 2020,希望钱用到该用的地方，可别漏水漏的厉害了！！,1072311712,2,我为什么喜欢你,403,253,f
4484624988659221,Fri Mar 20 18:49:40 +0800 2020,"一定要把捐款人抓到<span class=""url-icon""><img alt=[doge] src=""https://h5.sinaimg.cn/m/emoticon/icon/others/d_doge-861403219c.png"" style=""width:1em; height:1em;"" /></span>",7289391981,0,我紫咕咕又回来了,187,109,m
4471612457912251,Thu Feb 13 21:02:31 +0800 2020,"像你这种人，就该一辈子有钱！<span class=""url-icon""><img alt=[爱你] src=""https://h5.sinaimg.cn/m/emoticon/icon/default/d_aini-4a23c0524a.png"" style=""width:1em; height:1em;"" /></span>",5261780732,0,东耳_cc,334,80,f
4471560088102864,Thu Feb 13 17:34:25 +0800 2020,应该留姓名 值得表扬！,2292471431,0,江南李,1630,725,m
4470482453593363,Mon Feb 10 18:12:17 +0800 2020,老人捐款不能收，老人年纪越大越没收入，病来如山倒，留着养老吧,3097961593,0,鱼丸拉面酱,603,127,f
4470400216397998,Mon Feb 10 12:45:30 +0800 2020,别给红十就好,6081308177,0,元气美少女张豆豆,468,181,f
4470364735972138,Mon Feb 10 10:24:31 +0800 2020,说实话，这个时候，我是愿意相信常州红十字的，但凡坑半点这种良心钱，常州其他公民绝对不会放过这个红十字！,2437242093,1,Selenaliu0124,1191,445,f
4470364249733375,Mon Feb 10 10:22:35 +0800 2020,看到常州公民，我就哭了！谢谢你,2437242093,0,Selenaliu0124,1191,445,f
4470298826741694,Mon Feb 10 06:02:37 +0800 2020,中国多义事，试试暖人心。,2904961275,0,是我有福啊,217,362,m
4470234008498448,Mon Feb 10 01:45:03 +0800 2020,还给老人家吧 政府不是为百姓吗 百姓的血汗啊！,5673776855,0,HANSEN森,140,20,m
4470218195820591,Mon Feb 10 00:42:13 +0800 2020,我觉得政府在问清楚人家收入和家底前，不该收，请退给这位普通老百姓，作为一名常州人，替大爷心疼这些钱。,5539403362,0,云淡风轻心情好,304,26,f
4470215335196319,Mon Feb 10 00:30:51 +0800 2020,我的天[淚][淚],5224214666,0,阿步小姐,78,1873,f
4470200521170330,Sun Feb 09 23:31:59 +0800 2020,太敬佩,1806175864,0,矿大岸晓风,3191,627,m
4470142761543867,Sun Feb 09 19:42:27 +0800 2020,"这钱够买口罩吗<span class=""url-icon""><img alt=[微笑] src=""https://h5.sinaimg.cn/m/emoticon/icon/default/d_hehe-039d0a6a8a.png"" style=""width:1em; height:1em;"" /></span><span class=""url-icon""><img alt=[微笑] src=""https://h5.sinaimg.cn/m/emoticon/icon/default/d_hehe-039d0a6a8a.png"" style=""width:1em; height:1em;"" /></span><span class=""url-icon""><img alt=[微笑] src=""https://h5.sinaimg.cn/m/emoticon/icon/default/d_hehe-039d0a6a8a.png"" style=""width:1em; height:1em;"" /></span>",2679057123,0,小杰啊你好啊,40,110,m
4470136947589295,Sun Feb 09 19:19:22 +0800 2020,现金看上去总是有冲击力的。众人拾柴，火攻疫病。,1196516393,0,天色不早了,309,1707,m
4470099450823167,Sun Feb 09 16:50:21 +0800 2020,应该定向捐款，给什么什么医院,2926646291,0,苏北孙布衣,442,135,m
4470095999400140,Sun Feb 09 16:36:39 +0800 2020,(⊙o⊙)哇，有钱人都是深藏不露呀，一出手50万，我连5万都没有呀,6313973890,0,取什么昵称你管不着,114,1,f
4470095915481141,Sun Feb 09 16:36:18 +0800 2020,放心，除了武汉的红十字会，其他地区都是办实事的。浙江上海的网上都有,2974139053,0,牵手say哈啰,462,93,f
4470147475304242,Sun Feb 09 20:01:12 +0800 2020,我可以，呵呵吗,5652453110,数据缺失,5237小白龍袄,751,158,m
4470094887746181,Sun Feb 09 16:32:14 +0800 2020,"谢谢你，常州大哥<span class=""url-icon""><img alt=[赞] src=""https://h5.sinaimg.cn/m/emoticon/icon/others/h_zan-e3d1e596da.png"" style=""width:1em; height:1em;"" /></span>",1842499110,0,Lee-12,584,428,m
4470093470005039,Sun Feb 09 16:26:35 +0800 2020,开心的他们又有钱分了,1561124180,0,传说中漂泊里水中的里水人,118,36,m
4470092635137360,Sun Feb 09 16:23:17 +0800 2020,各地红十会必须列清所有受赠，并清晰列宁去向并向全网公告,2081740771,0,SYONGY,89,179,f
4470093927105601,Sun Feb 09 16:28:25 +0800 2020,公布了也是丅M假的我说就灭绝他,7353339285,数据缺失,星际游人201912,177,24,m
4470092320024526,Sun Feb 09 16:22:02 +0800 2020,自导自演,5146406567,0,炎阳正烈,486,113,m
4470080454441500,Sun Feb 09 15:34:53 +0800 2020,我赞成👍,6510096518,0,土如金2018,795,583,m
4470367600768054,Mon Feb 10 10:35:54 +0800 2020,这个就好作秀好不？还真的天真相信真的有捐款人？,1417697193,1,Peter-岩,350,177,m
4470079754213845,Sun Feb 09 15:32:06 +0800 2020,伟大！！,7208096288,1,Anna段段,29,0,f
4470083017814609,Sun Feb 09 15:45:04 +0800 2020,"我好穷<span class=""url-icon""><img alt=[泪] src=""https://h5.sinaimg.cn/m/emoticon/icon/default/d_lei-1b4b02f8b1.png"" style=""width:1em; height:1em;"" /></span><span class=""url-icon""><img alt=[泪] src=""https://h5.sinaimg.cn/m/emoticon/icon/default/d_lei-1b4b02f8b1.png"" style=""width:1em; height:1em;"" /></span>都捐不了钱",7197121487,3,自然·之力,299,745,m
4470094698553809,Sun Feb 09 16:31:29 +0800 2020,向所有捐款人士致敬！回报社会的人是最善良的！,2519673537,0,游历心晴zz,155,23,f
4470081926719939,Sun Feb 09 15:40:44 +0800 2020,天哪。。。江苏人民太硬核了,6295587913,1,如果一定要昵称,37,3,f
4470329705525070,Mon Feb 10 08:05:18 +0800 2020,国家红十字，武汉红日子，日尼玛，你看你伤了多少善良人的心，伟大的党你能下手治治吗,7156388810,0,大麦田里的守望者,22,58,m
4470107344285968,Sun Feb 09 17:21:44 +0800 2020,热心市民。,3191446714,0,fanqian20130216,88,117,m
