﻿4467290760235732,Sat Feb 01 22:49:38 +0800 2020,协和医院是抗击肺炎第一线啊！医生护士们都急得自制防护衣物！病毒面前快接近裸奔了！！！武汉都全线告急了，这种情况下还有什么利益比人命更重要吗？！！反腐风暴一直没刮到公益系统里是吗？！！！ 强烈要求湖北、武汉的红十字会公布一年内所有的物资捐赠与使用情况！公布五年内资金详细收支！,5899881269,438,凉凉凉了一座城,188,44,m
4467290865305921,Sat Feb 01 22:50:02 +0800 2020,"那之前的那些物资呢<span class=""url-icon""><img alt=[疑问] src=""https://h5.sinaimg.cn/m/emoticon/icon/default/d_yiwen-40a816d206.png"" style=""width:1em; height:1em;"" /></span>",6299173084,235,姜七禾i,223,563,f
4467292367141805,Sat Feb 01 22:56:01 +0800 2020,晾几天，等热度下去了再拿出来卖钱,2190597827,数据缺失,穷人弗洛伊德,128,67,m
4467297328950145,Sat Feb 01 23:15:44 +0800 2020,"别问，问就是仓库着火了<span class=""url-icon""><img alt=[二哈] src=""https://h5.sinaimg.cn/m/emoticon/icon/others/d_erha-0fecc90ac1.png"" style=""width:1em; height:1em;"" /></span>",6000046703,数据缺失,美人鱼8688,59,4,f
4467291263562447,Sat Feb 01 22:51:37 +0800 2020,库存怎么处理？大部分资源在库存里啊！！！,1863422215,65,nanakobeayoungme,788,1148,f
4467293335918233,Sat Feb 01 22:59:52 +0800 2020,"最近不是有个A公司从自家B公司买了些物资，捐了吗！然后通过红捐给了自家的C，现在不是大家都闹腾嘛，然后安排自家的D去红库房给帮忙去了，过俩天估计就知道结果了<span class=""url-icon""><img alt=[汗] src=""https://h5.sinaimg.cn/m/emoticon/icon/default/d_han-0e7b8aa6d1.png"" style=""width:1em; height:1em;"" /></span>估计是不用人们瞎操心了",3194509724,数据缺失,笨鸡生的笨鸡蛋,588,141,m
4467340697909918,Sun Feb 02 02:08:03 +0800 2020,我现在就怕红十说仓库着火了……把他们逼急了，不是不可能,5625752783,数据缺失,野良--C,151,93,m
4467291041003135,Sat Feb 01 22:50:45 +0800 2020,"车牌的热搜一下就下去了，所有的视频都没有了！牛<span class=""url-icon""><img alt=[喵喵] src=""https://h5.sinaimg.cn/m/emoticon/icon/others/d_miao-61fe2a7aaa.png"" style=""width:1em; height:1em;"" /></span>",2955002333,275,可爱又迷人1106,136,1217,f
4467291230405278,Sat Feb 01 22:51:29 +0800 2020,湖北官场现形记,6291632060,数据缺失,Lucky梵音,493,6,f
4467291611911123,Sat Feb 01 22:53:01 +0800 2020,我发了好几次视频，全部给我删了,2532615864,数据缺失,死死死妖孽,121,523,f
4467290990450082,Sat Feb 01 22:50:33 +0800 2020,第一波应急的呢？黑十留着？,5736174249,105,想和28玩木马,584,12185,f
4467416744722799,Sun Feb 02 07:10:14 +0800 2020,不知道捐的东西是不是真的不能用， 不能用就发给别的能用的地方加上说明一线工作人员不能用。 也好过每天几十万几十万的东西进了仓库就没音了,6425331824,数据缺失,caidie6425331824,47,20,m
4467290970481959,Sat Feb 01 22:50:28 +0800 2020,"严格要求透明公开 让我们知道自己捐的物资和钱到底用在哪里 而不是不明不白的就进了某些人的腰包<span class=""url-icon""><img alt=[微笑] src=""https://h5.sinaimg.cn/m/emoticon/icon/default/d_hehe-039d0a6a8a.png"" style=""width:1em; height:1em;"" /></span>",5515989898,100,小小小顽皮,201,361,f
4467295637742192,Sat Feb 01 23:09:00 +0800 2020,算了吧 我们都是平头百姓 上面的人根本不关注我们。说真的 他们根本不在乎,3224496067,数据缺失,姜的一声,398,925,f
4467418447527735,Sun Feb 02 07:17:00 +0800 2020,回复<a href='/n/姜的一声'>@姜的一声</a>:哎 是真的难受啊,5515989898,数据缺失,小小小顽皮,201,361,f
4467292723704976,Sat Feb 01 22:57:26 +0800 2020,已经不信武汉红会了，说啥都是不信那种。,6235150762,66,慕凌霜-溪洛,469,106,m
4467298754514405,Sat Feb 01 23:21:24 +0800 2020,对，说啥我都不信，已经洗不白了！,2354898964,数据缺失,cocooooooon,726,204,f
4467291116692889,Sat Feb 01 22:51:03 +0800 2020,武汉红会  66666！！！,5319784878,38,蒺藜谷,767,343,m
4467291322841328,Sat Feb 01 22:51:52 +0800 2020,快死吧看到武汉红十字快吐了,5585346924,25,我不喜欢听再见,83,55,f
4467291493922895,Sat Feb 01 22:52:32 +0800 2020,武汉那些部门，做事情烂我就不说了，但你好歹别每次发布公告有错别字啊。,1931549164,25,SHENHUA_DB9,2462,15963,m
4467290789457553,Sat Feb 01 22:49:45 +0800 2020,是吗？,7078647628,15,王八xing奴蕊蕊子,770,7852,f
4467291523135773,Sat Feb 01 22:52:40 +0800 2020,"什么玩意儿，前线救死扶伤，后勤错字连篇账目不清<span class=""url-icon""><img alt=[打脸] src=""https://h5.sinaimg.cn/m/emoticon/icon/default/d_dalian-2567443949.png"" style=""width:1em; height:1em;"" /></span>",1647146077,21,臭臭的羊驼爱吃草,471,493,f
4467291477982128,Sat Feb 01 22:52:29 +0800 2020,欺负协和的事怎么不敢说？？？领导开车走后门直接拿口罩的事怎么说？？,1175848302,27,兔兔辣么可爱我想吃一口,296,268,f
4467294694918160,Sat Feb 01 23:05:16 +0800 2020,市政府拿了便拿了，刑不上大夫,2161785632,数据缺失,__青青子佩__,30,52,m
4467291087200238,Sat Feb 01 22:50:55 +0800 2020,吐了,5512782124,14,我是王十七啊,211,3669,f
4467291271550825,Sat Feb 01 22:51:39 +0800 2020,是吗红会？我信了,5596274654,7,虞竇嬛殇默,383,342,f
4467294501243740,Sat Feb 01 23:04:30 +0800 2020,建议让韩红接任红十字会主席的位置！保证物质利用的百分百！,2206252372,6,爱喝奶茶爱吃汉堡,392,268,m
4467471757134411,Sun Feb 02 10:48:51 +0800 2020,一个人挑战一条利益链，我觉得困难。,2281307985,数据缺失,小诗狗狗DIIOF,72,1,m
4467292362342004,Sat Feb 01 22:55:59 +0800 2020,"但是现在全国能筹到的物资都筹得差不多了<span class=""url-icon""><img alt=[失望] src=""https://h5.sinaimg.cn/m/emoticon/icon/default/d_shiwang-7925938d93.png"" style=""width:1em; height:1em;"" /></span>",2771131731,3,你不会是个傻比吧,484,440,f
4467293566261084,Sat Feb 01 23:00:47 +0800 2020,协和一直在奋斗，你们一直在走监管的漏洞。还怎么让人相信？以后还怎么为人民服务？,3020548971,7,ETzio,133,65,m
4467291188031044,Sat Feb 01 22:51:19 +0800 2020,"“你们爱捐谁捐谁！老子不干了”<span class=""url-icon""><img alt=[doge] src=""https://h5.sinaimg.cn/m/emoticon/icon/others/d_doge-861403219c.png"" style=""width:1em; height:1em;"" /></span><span class=""url-icon""><img alt=[doge] src=""https://h5.sinaimg.cn/m/emoticon/icon/others/d_doge-861403219c.png"" style=""width:1em; height:1em;"" /></span><span class=""url-icon""><img alt=[doge] src=""https://h5.sinaimg.cn/m/emoticon/icon/others/d_doge-861403219c.png"" style=""width:1em; height:1em;"" /></span><span class=""url-icon""><img alt=[doge] src=""https://h5.sinaimg.cn/m/emoticon/icon/others/d_doge-861403219c.png"" style=""width:1em; height:1em;"" /></span>",5974740611,11,歌尽桃花扇底风awsa,411,186,m
4467296842308351,Sat Feb 01 23:13:47 +0800 2020,直接对接还用你红十字说？,5478730899,4,苍井山下,107,13,m
4467297588867486,Sat Feb 01 23:16:45 +0800 2020,就是，要它同意个啥,1915142223,数据缺失,crystalrao,303,140,f
4467366337091482,Sun Feb 02 03:49:57 +0800 2020,淘宝多了很多卖口罩的新店，发货地址都是武汉，武汉红十字把全国捐赠来的口罩全部占为己有，通过三方和雇人拿来囤，和卖，走黑交易，而且还是高价卖，真正一线需要口罩的医生护士还得求着跟红十字要都不给！我们伟大的党求你严查，把这些红十字的全部判刑，给人民一个交代！,5647134302,5,卜平洲,712,2864,m
4467293751136676,Sat Feb 01 23:01:31 +0800 2020,苍白的解释，给全国人民拿出证据来,6878833389,3,Microestc-曾令,104,23,m
4467292366546322,Sat Feb 01 22:56:00 +0800 2020,我信你个鬼,6457309464,3,终于悟明白,151,106,f
4467293771609374,Sat Feb 01 23:01:35 +0800 2020,已经捐献的这些物资那  掩人耳目？,3235677442,4,Sweet-蜜柚,214,110,f
4467291217631711,Sat Feb 01 22:51:26 +0800 2020,希望疫情过后能给形同卖国，喝人血的相关负责人立个耻辱碑，仿秦桧的跪身像，受后代的唾弃。,6756278752,10,老五_ivy,42,4,m
4467295399581999,Sat Feb 01 23:08:03 +0800 2020,那还保留湖北红十字会有什么意义？,1697977727,4,稻田2013,1240,2261,m
4467296921670505,Sat Feb 01 23:14:07 +0800 2020,恐怕要粮仓着火了，到时候多大的缺口都能补的到…,1773155152,4,妊缪缪_Jin,205,263,f
4467317108828980,Sun Feb 02 00:34:20 +0800 2020,黑会，吐出来🤮，你们怎么对得起自己的良心！,6553944839,1,曉新宇晓,84,23,m
4467306568136407,Sat Feb 01 23:52:27 +0800 2020,"垃圾红十字会，吐了<span class=""url-icon""><img alt=[吐] src=""https://h5.sinaimg.cn/m/emoticon/icon/default/d_tu-b5c18d9140.png"" style=""width:1em; height:1em;"" /></span>",5973528680,1,一枚小姐姐22,153,12,f
4467319172178053,Sun Feb 02 00:42:31 +0800 2020,放的什么P,1437964265,0,策划人随原,473,22533,m
4467301111317681,Sat Feb 01 23:30:45 +0800 2020,把武汉红十字会的捐赠物质全部清理好，理明白，然后把现有的工作人员撤掉，从江西或浙江红会调人对接。,3894656214,0,再不开学就要挂科了呀,305,145,f
4467294753294770,Sat Feb 01 23:05:30 +0800 2020,真相不能暴露太多，否则会引起骚乱,1722610993,1,走在刀尖上的清流,935,463,m
4467294258175282,Sat Feb 01 23:03:31 +0800 2020,车牌查不到了,1711160457,2,懒美美_,313,740,f
4467291619727005,Sat Feb 01 22:53:02 +0800 2020,架打过了才来放敲脚。要我说怕是晚了。人怕伤心，树怕伤皮。用重庆人的土话来说。冬十腊月的马屁包。过时了。,5592059147,0,LH突击雄鹰,191,78,m
4467290911762463,Sat Feb 01 22:50:13 +0800 2020,呵呵，爷信了,6149022422,4,HonjorW,609,89,m
4467295257073447,Sat Feb 01 23:07:30 +0800 2020,不知道大大会不会刷刷微博。看看那帮人渣,6437164938,1,一个人的烟火Amber,643,160,m
4467292798599173,Sat Feb 01 22:57:44 +0800 2020,我捐你🐎,2145828302,2,是阿蛊啊,64,123,f
4467291473402192,Sat Feb 01 22:52:28 +0800 2020,我对红十字彻底失望，他发啥消息我也不再相信,6489023547,3,高上高上高,17,85,m
4467291255697547,Sat Feb 01 22:51:36 +0800 2020,吐🤮,5847995826,1,给我整瓶冰血碧,155,231,f
4467291242658405,Sat Feb 01 22:51:33 +0800 2020,良心被狗吃了,5573919770,1,信仰在旗帜上,606,138,m
4467291233925099,Sat Feb 01 22:51:30 +0800 2020,终于遮不住了吗,5546794244,1,豆腐店的86上山了,19,38,m
4467291208836115,Sat Feb 01 22:51:25 +0800 2020,"<span class=""url-icon""><img alt=[摊手] src=""https://h5.sinaimg.cn/m/emoticon/icon/default/d_tanshou-3abaa4ed77.png"" style=""width:1em; height:1em;"" /></span>之前的那些呢？",6035506238,1,王五菇娘,134,35,f
4467291150469601,Sat Feb 01 22:51:11 +0800 2020,不是早就定向捐给仁爱医院了么？,3963592326,2,-肖小胖-,214,56,f
4467291024139162,Sat Feb 01 22:50:40 +0800 2020,锤子大爷吃霉了还走你红十字过一遍，进去了还能出得来？骗鬼噢！,2532615864,2,死死死妖孽,121,523,f
4469368937762101,Fri Feb 07 16:27:33 +0800 2020,协和医院是抗击肺炎第一线啊！医生护士们都急得自制防护衣物！病毒面前快接近裸奔了！！！武汉都全线告急了，这种情况下还有什么利益比人命更重要吗？！！反腐风暴一直没刮到公益系统里是吗？！！！ 强烈要求湖北、武汉的红十字会公布一年内所有的物资捐赠与使用情况！公布五年内资金详细收支！,5899881269,0,凉凉凉了一座城,188,44,m
4467702758501818,Mon Feb 03 02:06:45 +0800 2020,就最后一条，说下，不要说相关信息会发布，我们需要的是百分百明细，精确到一包方便面也要公示呀，请抄写杭州红十字会作业……谢谢 对了小汽车抱走的一箱别忘了公示,1829427230,0,爱旅游犇小灿,140,1852,f
4467430698706398,Sun Feb 02 08:05:42 +0800 2020,不能用？！自己取给领导，不给医护人员！是人民要交智商税了是吗？当我们傻子,1963975881,1,KKAyWei,740,491,f
4467429298306582,Sun Feb 02 08:00:08 +0800 2020,前期已经捐赠的物资呢？赶紧吐出来！,1965312600,1,judithlee围脖,200,106,f
4467425573674811,Sun Feb 02 07:45:19 +0800 2020,之前的那些 也得吐出来。就这么给吞了吗,6663203073,0,爱国9102,1118,1364,m
4467410541359049,Sun Feb 02 06:45:35 +0800 2020,有可能开除那个保安和那个司机，然后说他们都是临时工,5590859094,0,六六大晴天,475,58,f
4467388760635769,Sun Feb 02 05:19:03 +0800 2020,总在说人少人少，那视频里看到的穿红十衣服的都是鬼吗？哦，原来是背锅第一名的临时工吉祥物呀,2812982694,0,盒子放久了会长喵酱,320,126,f
4467375426783458,Sun Feb 02 04:26:03 +0800 2020,"央视记者进得了叙利亚战场，进得了巴西贩毒窝点，进不去自己国家的红十字仓库。———武汉红十字会还真够彪的！<span class=""url-icon""><img alt=[坏笑] src=""https://h5.sinaimg.cn/m/emoticon/icon/default/d_huaixiao-b1c3a99d55.png"" style=""width:1em; height:1em;"" /></span>",6353624697,0,寒梅如故201708,634,53,f
4467356623907910,Sun Feb 02 03:11:20 +0800 2020,我们不需要他！也不想捐赠的物资过他的手！！！！红十字会，是想把zf的公信力拉低嘛！！！,5269878135,0,一个黑色的月亮,36,68,f
4467355637972068,Sun Feb 02 03:07:26 +0800 2020,没理解错的话，说的是没这个公告，还不能直接对接医院进行捐赠了,5482532985,0,彡亣二师兄,122,3,m
4467353868264989,Sun Feb 02 03:00:24 +0800 2020,我们不爱党，但我们是爱国的。,2085703387,0,L-D婚礼宴会设计,169,162,m
4467352336668898,Sun Feb 02 02:54:19 +0800 2020,也不知道怎么理解 咸鱼搜口罩  区域选全武汉,3262800490,0,碗叔Manquer,9,296,m
4467341826438428,Sun Feb 02 02:12:32 +0800 2020,"难道谁捐的捐给谁的都没有说明？？还是眼睛是摆设？？疫情那么紧急还要证明还要各种手续？？我怎么这么迷惑？？<span class=""url-icon""><img alt=[费解] src=""https://h5.sinaimg.cn/m/emoticon/icon/default/d_feijie-bac8e40ab4.png"" style=""width:1em; height:1em;"" /></span><span class=""url-icon""><img alt=[费解] src=""https://h5.sinaimg.cn/m/emoticon/icon/default/d_feijie-bac8e40ab4.png"" style=""width:1em; height:1em;"" /></span>",5717301979,0,程嫱是胡萝卜,505,233,f
4467341758512416,Sun Feb 02 02:12:16 +0800 2020,谁还傻着去捐红十字,3180917003,0,Ttcat819,146,28,m
4467340266051502,Sun Feb 02 02:06:21 +0800 2020,平时怎么样也就算了，国难当头，红十字还这么作死，中央领导们你们真心看不见吗，红十字不觉得愧对一线奋战的人员吗,1954207793,0,Queen三顺,605,218,f
4467337984335563,Sun Feb 02 01:57:16 +0800 2020,那之前的事情就能不说了不解释了？,1737145823,0,帅杰造飞机你们懂,988,228,m
4467329485920030,Sun Feb 02 01:23:31 +0800 2020,还不如直接捐到医院去,2643195001,0,漫天飞星8989,456,71,f
4467329318358953,Sun Feb 02 01:22:50 +0800 2020,这波操作服了，觉得什么口罩什么防护服符合你们的条件呢，现在物质已经是十分紧缺了，你还有把物质存放在你的仓库然后再发放吗？,2643195001,0,漫天飞星8989,456,71,f
4467320430313553,Sun Feb 02 00:47:32 +0800 2020,"要不让之前捐的人都联系红十字会 说明指定捐哪里，看捐的人自己愿意！可以吗？否则天天舆论！！<span class=""url-icon""><img alt=[可怜] src=""https://h5.sinaimg.cn/m/emoticon/icon/default/d_kelian-3e00ccdc26.png"" style=""width:1em; height:1em;"" /></span>",6322387069,0,silanying77,74,12,f
4467319130580472,Sun Feb 02 00:42:22 +0800 2020,来脾气了吧……老子还不干了……,5541489526,0,觉知l,2350,1462,m
4467315012081753,Sun Feb 02 00:26:00 +0800 2020,请巡视组查红会上上下下,2571976092,0,MUNCIE2017,668,354,m
4467316496691349,Sun Feb 02 00:31:54 +0800 2020,查毛线。这和让a去差b有什么区别？都是d的，d的，d的,6451939332,数据缺失,温侯之後,142,14,m
4467313367313172,Sun Feb 02 00:19:28 +0800 2020,"已经是过街老鼠，人人喊打了，还毫无自知之明<span class=""url-icon""><img alt=[怒] src=""https://h5.sinaimg.cn/m/emoticon/icon/default/d_nu-54e54e160b.png"" style=""width:1em; height:1em;"" /></span>",3179445390,0,莉莉11235,110,33,f
4467312197202806,Sun Feb 02 00:14:48 +0800 2020,请公布武汉疫情开始爆发时至今的捐助明细以及捐助流向。公开化，透明化。,1807513557,0,我是木木的木,369,78,f
4467307889645066,Sat Feb 01 23:57:41 +0800 2020,这是要闪身了,1072952661,0,嗜幻嗜梦,228,121,m
4467307743421769,Sat Feb 01 23:57:07 +0800 2020,公信力不是一个公告可以弥补的,5343899044,0,神乐-十七,208,147,f
4467307327680450,Sat Feb 01 23:55:28 +0800 2020,没有准备好是理由吗？做官不为民那就是失德，管理不严谨口罩搬领导、物资统计分配不公开明细。是谁把你们推到风口浪尖？是一直在关注武汉疫情变化的中华儿女。说句不好听的你和某位歌手比你最缺的是责任心和良心！,2486816027,1,小宇宙在燃烧CBD,207,87,m
4467306165631438,Sat Feb 01 23:50:50 +0800 2020,北京的肿瘤医院现在全都不收留住院患者了，病人被迫出院，医院说是国家下文不让动手术，不让收病人，又拿不出国家发布的消息给大家看，完全不公开透明。疫情虽严重，但是时间可不等肿瘤病人，有一点病人不做手术，离开医院就要回家等死。希望国家能关注一下类似的病人。,1943209693,0,超级无敌可爱的美少女壮士,360,116,f
4467305717658882,Sat Feb 01 23:49:03 +0800 2020,永远不相信红十会！,1116814227,0,看一看衎衎,79,61,m
4467305415598849,Sat Feb 01 23:47:52 +0800 2020,请大家记得红十字会这个事情！一直抗议！不信国家能一直不管！,6051934677,0,原来是我Nan啊,323,85,f
4467305235229647,Sat Feb 01 23:47:09 +0800 2020,"为什么不能直播<span class=""url-icon""><img alt=[微笑] src=""https://h5.sinaimg.cn/m/emoticon/icon/default/d_hehe-039d0a6a8a.png"" style=""width:1em; height:1em;"" /></span>",3481781001,0,花溪刃,413,116,f
4467304383751900,Sat Feb 01 23:43:46 +0800 2020,"捐的物资还能要回来吗<span class=""url-icon""><img alt=[允悲] src=""https://h5.sinaimg.cn/m/emoticon/icon/default/d_yunbei-9aa3c436a4.png"" style=""width:1em; height:1em;"" /></span><span class=""url-icon""><img alt=[允悲] src=""https://h5.sinaimg.cn/m/emoticon/icon/default/d_yunbei-9aa3c436a4.png"" style=""width:1em; height:1em;"" /></span><span class=""url-icon""><img alt=[允悲] src=""https://h5.sinaimg.cn/m/emoticon/icon/default/d_yunbei-9aa3c436a4.png"" style=""width:1em; height:1em;"" /></span>，劳资当初不应该捐给他们做挂羊头卖狗肉的生意，",3922924937,0,心之所向即为梦之所在,28,23,m
4467303842814588,Sat Feb 01 23:41:37 +0800 2020,"烂到根儿了，不用解释 。<span class=""url-icon""><img alt=[微笑] src=""https://h5.sinaimg.cn/m/emoticon/icon/default/d_hehe-039d0a6a8a.png"" style=""width:1em; height:1em;"" /></span>",2180681953,0,扮个文艺大青年,156,160,m
4467302588177933,Sat Feb 01 23:36:38 +0800 2020,这个机构应该解散。,6185001681,1,我心像Ge野小孩,184,4,f
4467299299524147,Sat Feb 01 23:23:33 +0800 2020,谁还相信你们，还捐给你们？,3571736152,0,超尚衣阁,710,57,f
4467299186618434,Sat Feb 01 23:23:07 +0800 2020,<a href='/n/人民日报'>@人民日报</a> <a href='/n/中纪委'>@中纪委</a>,5098692729,0,你不能再偷我的心了,345,284,m
4467299001574464,Sat Feb 01 23:22:23 +0800 2020,算了吧，不会有人再信武汉红十字会了。之前的物资都是本糊涂账。先把鄂A2060W那个解释清楚吧,5098692729,0,你不能再偷我的心了,345,284,m
4467298943719937,Sat Feb 01 23:22:09 +0800 2020,红十啊可做个人吧，积点阴德,2996643195,0,豆花earth,229,140,f
4467298721417192,Sat Feb 01 23:21:15 +0800 2020,垃圾,6445224924,0,阳光灿烂的日子是天才,260,23,m
4467298389353596,Sat Feb 01 23:19:56 +0800 2020,第一批物资呢？为什么不拿出来用！为什么医院都用不到的物资却拿去给领导！！！！,2996643195,0,豆花earth,229,140,f
4467297760140179,Sat Feb 01 23:17:26 +0800 2020,不信任了。太极十八式。,2661502887,0,虫虫的音乐家园,430,111658,m
4467297441467323,Sat Feb 01 23:16:11 +0800 2020,不需要，没人会再经过红十字的手，我们只想知道这些官员们判刑了没有，撤职处分不需要,2642341823,1,LU·C,266,169,f
4467297219860198,Sat Feb 01 23:15:18 +0800 2020,没有中间商赚差价,3155913570,0,子木107,499,115,m
4467297148392935,Sat Feb 01 23:15:01 +0800 2020,之前的物资呢？别以为热搜撤得快，人们就忘了，请给广大人民群众一个交代,2659676471,1,不知道叫神马好听,398,57,f
4467296606781943,Sat Feb 01 23:12:52 +0800 2020,武汉红十字会可以马上公示账目吗？这样不就可以让大家看到他的清白了吗？,2891774990,0,ff枫九九,236,82,m
4467296582185656,Sat Feb 01 23:12:46 +0800 2020,红十字会，一个吸人血的组织……,5817957230,0,清水里摸鱼,98,14,m
4467296329898685,Sat Feb 01 23:11:46 +0800 2020,官话一大堆，渣渣,2380596911,0,XS小豆,51,108,m
4467296267474324,Sat Feb 01 23:11:30 +0800 2020,请问红十字会脸在哪里？,2234801560,0,七月的筱窝,117,106,f
4467295768464339,Sat Feb 01 23:09:32 +0800 2020,垃圾！,5613223998,0,落地的世界a,226,138,f
4467295714149729,Sat Feb 01 23:09:19 +0800 2020,之前的物资要不原路退回要不交给有能力的慈善组织处理,6894020244,0,疆小粉,64,4,m
4467295470536320,Sat Feb 01 23:08:20 +0800 2020,掩人耳目,5607351949,0,我是木木森林,285,126,f
4467295126050876,Sat Feb 01 23:06:59 +0800 2020,说了半天，尽说些没用的。麻烦物资公开处理！列个清单！,5710266426,0,是你的可爱鸭tt,291,6,f
4467294669581431,Sat Feb 01 23:05:10 +0800 2020,"演员<span class=""url-icon""><img alt=[doge] src=""https://h5.sinaimg.cn/m/emoticon/icon/others/d_doge-861403219c.png"" style=""width:1em; height:1em;"" /></span><span class=""url-icon""><img alt=[doge] src=""https://h5.sinaimg.cn/m/emoticon/icon/others/d_doge-861403219c.png"" style=""width:1em; height:1em;"" /></span><span class=""url-icon""><img alt=[doge] src=""https://h5.sinaimg.cn/m/emoticon/icon/others/d_doge-861403219c.png"" style=""width:1em; height:1em;"" /></span><span class=""url-icon""><img alt=[doge] src=""https://h5.sinaimg.cn/m/emoticon/icon/others/d_doge-861403219c.png"" style=""width:1em; height:1em;"" /></span><span class=""url-icon""><img alt=[doge] src=""https://h5.sinaimg.cn/m/emoticon/icon/others/d_doge-861403219c.png"" style=""width:1em; height:1em;"" /></span><span class=""url-icon""><img alt=[doge] src=""https://h5.sinaimg.cn/m/emoticon/icon/others/d_doge-861403219c.png"" style=""width:1em; height:1em;"" /></span>",7055993988,0,SIMPLE菜菜,137,18,f
4467294639921467,Sat Feb 01 23:05:02 +0800 2020,牛逼,7055993988,0,SIMPLE菜菜,137,18,f
4467294635869924,Sat Feb 01 23:05:01 +0800 2020,我发了解散红会也不见了！！！,5131401492,1,SUPing素,771,212,f
4467294594005289,Sat Feb 01 23:04:52 +0800 2020,真心怀疑，这些故意捐赠给红十字会的，是高级黑。,6551162784,0,一大八队,431,569,m
4467294295839099,Sat Feb 01 23:03:41 +0800 2020,你个黑会，一生黑，,6212222102,2,晴天从不打伞111,99,4,f
4467294073627949,Sat Feb 01 23:02:48 +0800 2020,答尼玛个胯子，要点脸行吗？,1565708744,0,多丫的小屋,420,166,f
4467293939346293,Sat Feb 01 23:02:16 +0800 2020,这算是突破我军防线了,1401530993,0,小澈的彩虹,817,722,m
4467293889057311,Sat Feb 01 23:02:04 +0800 2020,早这么正常不就好了，非要在这种时候作妖,2729285282,0,朵朵木子123,110,118,f
4467293574425580,Sat Feb 01 23:00:49 +0800 2020,有句妈卖批不知当讲不当讲,3950159990,0,S_夏-屿_Y,191,74,m
4467293448882942,Sat Feb 01 23:00:19 +0800 2020,所以说，红会可以不需要了,1779829930,1,我很好Van,1329,726,f
4467293108674512,Sat Feb 01 22:58:57 +0800 2020,协和医院的事给个说法出来，有图有真相的，看你们怎么解释,2326997613,0,sky木天筱,146,225,m
4467293079529751,Sat Feb 01 22:58:51 +0800 2020,红会说的一个标点符号我都不信了,2003463131,0,大脚小企鹅,194,992,f
4467292970169287,Sat Feb 01 22:58:25 +0800 2020,能用的用了  不能用的东西给人家退回来呀 放你仓库干嘛,5982182232,1,不如kate,328,44,f
4467292919861716,Sat Feb 01 22:58:13 +0800 2020,人家医院都忙着抗肺炎 还要抽出时间来处理捐赠物资？？？ 用点脑好不,1706543944,0,只是个人民水军,1214,813,m
4467292908037980,Sat Feb 01 22:58:10 +0800 2020,本来就应该这样，别人捐的东西，凭什么要经过你红十字会手？让你放仓库吗？,5664769412,1,1一生挚爱,168,109,m
4467292706597374,Sat Feb 01 22:57:22 +0800 2020,那你还拦截不？？,2198894047,0,陆小yao,268,59,f
4467292597184511,Sat Feb 01 22:56:55 +0800 2020,光明，是一种态度……,1005806790,0,郑悦追好,185,38,f
4467292559735259,Sat Feb 01 22:56:47 +0800 2020,这个机构它毫无存在意义,3153663084,1,Fangininins,430,125,f
4467292366330683,Sat Feb 01 22:56:00 +0800 2020,我们捐的钱的明细呢？你以为这样就没事了？,2875207444,1,咸鱼不是修来,193,194,f
4467292362934059,Sat Feb 01 22:56:00 +0800 2020,说的话好笑,5238004929,0,用手指抓住阳光,426,82,m
4467292358711472,Sat Feb 01 22:55:59 +0800 2020,28个亿啊！,2801710483,1,芑冰baby,303,123,f
4467292244933941,Sat Feb 01 22:55:32 +0800 2020,现在的库存和正在路上的物资你怎么弄？还有之前瞎给物资你怎么追责？,2875207444,1,咸鱼不是修来,193,194,f
4467292199355130,Sat Feb 01 22:55:21 +0800 2020,等着被钉在历史的耻辱柱上吧,5869959018,1,江右一口袁,91,57,m
4467292198870360,Sat Feb 01 22:55:20 +0800 2020,"武汉红十字还有良心吗 不怕肺炎先来找他们吗<span class=""url-icon""><img alt=[疑问] src=""https://h5.sinaimg.cn/m/emoticon/icon/default/d_yiwen-40a816d206.png"" style=""width:1em; height:1em;"" /></span><span class=""url-icon""><img alt=[疑问] src=""https://h5.sinaimg.cn/m/emoticon/icon/default/d_yiwen-40a816d206.png"" style=""width:1em; height:1em;"" /></span>",5663738138,1,小灿攒浪漫,177,227,f
4467292173904950,Sat Feb 01 22:55:15 +0800 2020,武汉红十字会，你们能不能不要这么丢武汉人的脸,5238004929,0,用手指抓住阳光,426,82,m
4467292156716081,Sat Feb 01 22:55:11 +0800 2020,那我们以前捐的钱去哪了？被红会老虎吃进了？,2151525992,2,老茅师傅,3,443,m
4467292152541115,Sat Feb 01 22:55:10 +0800 2020,"钱挣够了！该收手了<span class=""url-icon""><img alt=[喵喵] src=""https://h5.sinaimg.cn/m/emoticon/icon/others/d_miao-61fe2a7aaa.png"" style=""width:1em; height:1em;"" /></span>",2801710483,0,芑冰baby,303,123,f
4467292081847099,Sat Feb 01 22:54:53 +0800 2020,为什么定点捐赠给医院的物资会强制被送到你们这里再调配？这反而耗费了大量的人力物力，你们的人手够吗？,2776439530,1,Leslie232323,358,101,m
4467292077278617,Sat Feb 01 22:54:52 +0800 2020,气死了，气死了,6792328753,0,伏伏伏-伏羲,303,107,m
4467292072720298,Sat Feb 01 22:54:51 +0800 2020,请严查ctmd,6318094835,0,猫猫与黑暗料理可以兼得哦,136,50,m
4467292026663052,Sat Feb 01 22:54:40 +0800 2020,"红十字还有良心吗 不怕肺炎先找他们吗<span class=""url-icon""><img alt=[疑问] src=""https://h5.sinaimg.cn/m/emoticon/icon/default/d_yiwen-40a816d206.png"" style=""width:1em; height:1em;"" /></span><span class=""url-icon""><img alt=[疑问] src=""https://h5.sinaimg.cn/m/emoticon/icon/default/d_yiwen-40a816d206.png"" style=""width:1em; height:1em;"" /></span>",5663738138,1,小灿攒浪漫,177,227,f
4467292014700215,Sat Feb 01 22:54:37 +0800 2020,长点心吧，你们是想让病毒骄傲而死吗？,2094598493,1,Kevin680731,538,260,m
4467291930437072,Sat Feb 01 22:54:17 +0800 2020,人家说的是境外,1812071753,0,花斑鸠,172,125,m
4467291901484506,Sat Feb 01 22:54:10 +0800 2020,给领导领口罩咯，让一让，滴滴滴,6800600487,1,山下步行人,196,17,m
4467291842599468,Sat Feb 01 22:53:56 +0800 2020,"<span class=""url-icon""><img alt=[微笑] src=""https://h5.sinaimg.cn/m/emoticon/icon/default/d_hehe-039d0a6a8a.png"" style=""width:1em; height:1em;"" /></span><span class=""url-icon""><img alt=[微笑] src=""https://h5.sinaimg.cn/m/emoticon/icon/default/d_hehe-039d0a6a8a.png"" style=""width:1em; height:1em;"" /></span><span class=""url-icon""><img alt=[微笑] src=""https://h5.sinaimg.cn/m/emoticon/icon/default/d_hehe-039d0a6a8a.png"" style=""width:1em; height:1em;"" /></span>静静吃瓜等下文",5106821839,0,吖堇-,2963,272,f
4467291813098575,Sat Feb 01 22:53:49 +0800 2020,不相信,1922560124,0,自信爱国好儿郎,20,18,m
4467291686862833,Sat Feb 01 22:53:19 +0800 2020,之前的物资和钱呢？忽悠谁呢？当我们白痴吗？,2591155820,0,FLY小丶飛,181,114,m
4467291595055152,Sat Feb 01 22:52:57 +0800 2020,一个吃人血馒头的慈善机构！！,1753263821,1,微笑的鱼_missing,284,104,f
4467291591212521,Sat Feb 01 22:52:56 +0800 2020,把之前的吐出来先,1736617884,1,偏执的臆想狂患者,146,553,f
4467291326022829,Sat Feb 01 22:51:53 +0800 2020,想说的什么 又不想说了,5851225436,1,Caroltingz,199,329,f
4467291259355278,Sat Feb 01 22:51:37 +0800 2020,"兜不住了吧，呵呵<span class=""url-icon""><img alt=[微笑] src=""https://h5.sinaimg.cn/m/emoticon/icon/default/d_hehe-039d0a6a8a.png"" style=""width:1em; height:1em;"" /></span>",3202004887,0,去他喵的腻橙,418,58,f
4467291548560536,Sat Feb 01 22:52:46 +0800 2020,别捐了，红十字会，慈善总会是一个生意，烂透了,6448457281,1,加班情况申请表,43,84,m
4467305327054081,Sat Feb 01 23:47:30 +0800 2020,截留上海医疗队的物质是真的吗？,1822051592,0,David爹嘀,76,468,m
4467298276647275,Sat Feb 01 23:19:30 +0800 2020,第一波是留着过年吗？？？？？？？,2626361713,0,也不是我们的错,172,399,f
4467291771225864,Sat Feb 01 22:53:38 +0800 2020,先把5亿多的资金和几千万的口罩给我吐出来,7141197916,2,太阳长女1988,89,129,f
4467436935840738,Sun Feb 02 08:30:29 +0800 2020,带几十万的表，真的有点过分了,2742840560,0,一个人看星2742840560,195,124,m
4467369336200002,Sun Feb 02 04:01:52 +0800 2020,唉，普通老百姓，敢怒不敢言,6854513907,0,会奋不顾身的,3,38,m
4467367868675105,Sun Feb 02 03:56:02 +0800 2020,顺丰送的物资先给你们红会，邮政的也点给你们红会，只进不出。好真好，下次就应该给你们发东风快递,6684687264,0,高稀稀他爸,133,9,m
4467341557617723,Sun Feb 02 02:11:29 +0800 2020,之前拿的能吐出来不？,1075687834,0,芝麻糊了312,144,5,f
4467324566409899,Sun Feb 02 01:03:57 +0800 2020,热搜没了 怪微博不？,5527924843,0,凌晨四点的样子是你,12,31,m
4467324012418521,Sun Feb 02 01:01:46 +0800 2020,有一句老话：没有金刚钻，别揽瓷器活。 要不然很容易暴露自己的真本领，结果被发现真本领很烂,6369832538,0,行走的思考人0815,97,2,m
4467315502191752,Sun Feb 02 00:27:57 +0800 2020,建议国家成立新部门，要求公开透明，原有部门一查到底绝不手软，偷发国难财的建议死刑,1653349045,0,国产刻录机,251,248,m
4467316777923104,Sun Feb 02 00:33:01 +0800 2020,成立新部门有用？那韩红搞基金会干嘛？,6451939332,数据缺失,温侯之後,142,14,m
4467314223611940,Sun Feb 02 00:22:51 +0800 2020,估计武汉红会的黑心事件在全社会压力下再也压不住了，眼看企业，个人不会再捐款捐物，一方面担心后续脸上无光，国家工作做督查，赶快摔锅，不再要求红会是唯一的捐赠渠道了。,2153064762,0,朝霞四顶,169,122,m
4467311882750786,Sun Feb 02 00:13:34 +0800 2020,需要的是将每一笔捐赠物资钱款信息及时透明公开，不要让一线医护人员伤身伤心！不要让捐赠人寒心！,5587230315,0,伊影茶香,275,54,f
4467304726816683,Sat Feb 01 23:45:08 +0800 2020,我想事后上街游一下吧 不奢求根治 疼一下也好,6646956241,0,能吃333,18,250,m
4467303364559647,Sat Feb 01 23:39:42 +0800 2020,"别问物资了，再问红会仓库就要着火了<span class=""url-icon""><img alt=[二哈] src=""https://h5.sinaimg.cn/m/emoticon/icon/others/d_erha-0fecc90ac1.png"" style=""width:1em; height:1em;"" /></span>",7284205519,0,暴暴龙lol,16,0,m
4467302588171010,Sat Feb 01 23:36:37 +0800 2020,说啥啥不信，放心吧,6417593133,0,栗子7634,49,2,f
4467296195961437,Sat Feb 01 23:11:14 +0800 2020,武汉红十字！好好受着全国人民的戾气！你们不会善终的,1448067521,0,调皮的小榴莲,17,3,f
4467294836838153,Sat Feb 01 23:05:50 +0800 2020,先把老百姓捐赠的资金和物资发放出来,6491881333,1,灬游游灬,102,6,f
4467294686021226,Sat Feb 01 23:05:14 +0800 2020,不明白，为什么国家监察委不去查，非要等到民众全部对红十寒心吗？要这样的摆饰机构有何用？浪费公民的税费！,7318169785,1,余生好好的2020,41,3,m
4467317108930607,Sun Feb 02 00:34:20 +0800 2020,不明白所以你不懂韩红！人家看透了，所以自己搞了,6451939332,数据缺失,温侯之後,142,14,m
4467294333746790,Sat Feb 01 23:03:50 +0800 2020,武汉许多患者其实已经完全符合新冠肺炎症状却因为无法确诊只能在家等死，周边省份其实医疗资源还是充足的，一边只能在家病情恶化，一边资源闲置。武汉人也是中国人，为何周边省份不能接收，看到那些等在家里绝望的武汉患者，他们什么也不能做，只能等死，请问有人考虑过周边省份医疗资源共享吗,6096721709,1,九号调停者6096721709,394,77,m
4467293247521612,Sat Feb 01 22:59:31 +0800 2020,🐶日的东西,6360462888,0,小叶子乌啦啦9947,23,0,f
4467292714476161,Sat Feb 01 22:57:24 +0800 2020,党中央不要让民众失望,6267425030,0,义乌欧远,95,6,m
4467292055875082,Sat Feb 01 22:54:47 +0800 2020,一场全国防疫战争同时掀起了一场反腐战争！,6453281565,1,闹闹姐无敌,62,0,f
4467291913578179,Sat Feb 01 22:54:12 +0800 2020,尼玛的，能把老子捐的钱退回给我么？,1011527034,0,用户usthibvlo5,176,24,m
4467403696167090,Sun Feb 02 06:18:24 +0800 2020,我特码爱给谁就给谁，管你黑十字寄吧事儿！,7317846292,0,几万个为什么,221,17,m
4467338973968755,Sun Feb 02 02:01:13 +0800 2020,本来就是指定的捐赠，你出来截胡，现在好像受了委屈。你以为大家真为了你拿一张卡着章的捐赠证书?,2206580813,0,阿健Xuuu,344,90,m
4467329830290975,Sun Feb 02 01:24:53 +0800 2020,"让他滚蛋，不要出现在捐赠和医院之间<span class=""url-icon""><img alt=[怒] src=""https://h5.sinaimg.cn/m/emoticon/icon/default/d_nu-54e54e160b.png"" style=""width:1em; height:1em;"" /></span>",5014573013,0,想吃包子的小狐狸,48,56,f
4467300889332719,Sat Feb 01 23:29:53 +0800 2020,可别问了，再特么问就该失火了，武汉消防可不想在这个时候给他们瞎忙活。,1217535162,0,我心上的圆野,535,136,m
4467299517666944,Sat Feb 01 23:24:25 +0800 2020,武汉红十良心的被狗吃了，這些没人性的东西,7375363843,0,青峰AAB,44,14,m
4467294728290269,Sat Feb 01 23:05:24 +0800 2020,你们十个人揣着手，五个人围圈圈，四个人缓慢下货，门口医务人员急疯。你们真是太忙了(~_~;),7236234905,2,望远山t,277,0,f
4467292899171654,Sat Feb 01 22:58:08 +0800 2020,我去，他们敢不通过你<a href='/n/博爱江城'>@博爱江城</a> ？快集结保安把口罩抢回来，有什么事<a href='/n/湖北省红十字基金会'>@湖北省红十字基金会</a> 给你顶着,5938461984,2,ZMS-LYM,63,7,m
4467292882576626,Sat Feb 01 22:58:03 +0800 2020,"<a  href=""https://m.weibo.cn/search?containerid=231522type%3D1%26t%3D10%26q%3D%23%E6%AD%A6%E6%B1%89%E7%BA%A2%E5%8D%81%E5%AD%97%E4%BC%9A%E5%AD%98%E5%9C%A8%E8%B0%83%E6%8B%A8%E4%B8%8D%E5%8F%8A%E6%97%B6%E9%97%AE%E9%A2%98%23&extparam=%23%E6%AD%A6%E6%B1%89%E7%BA%A2%E5%8D%81%E5%AD%97%E4%BC%9A%E5%AD%98%E5%9C%A8%E8%B0%83%E6%8B%A8%E4%B8%8D%E5%8F%8A%E6%97%B6%E9%97%AE%E9%A2%98%23"" data-hide=""""><span class=""surl-text"">#武汉红十字会存在调拨不及时问题#</span></a>#武汉红十字会保安拦央视记者##男子从武汉红会提走口罩称给领导#<a  href=""https://m.weibo.cn/search?containerid=231522type%3D1%26t%3D10%26q%3D%23%E6%B9%96%E5%8C%97%E7%BA%A2%E5%8D%81%E5%AD%97%E4%BC%9A%E5%9B%9E%E5%BA%94%E5%8F%A3%E7%BD%A9%E5%88%86%E9%85%8D%E8%B4%A8%E7%96%91%23&extparam=%23%E6%B9%96%E5%8C%97%E7%BA%A2%E5%8D%81%E5%AD%97%E4%BC%9A%E5%9B%9E%E5%BA%94%E5%8F%A3%E7%BD%A9%E5%88%86%E9%85%8D%E8%B4%A8%E7%96%91%23"" data-hide=""""><span class=""surl-text"">#湖北红十字会回应口罩分配质疑#</span></a>",6291201509,1,芒果在蒙古面馆吃蘑菇,1040,654,f
