﻿4463904648027663,Thu Jan 23 14:34:25 +0800 2020,"既然封城了就该保证他们吃好穿暖，别让天灾肆虐的同时又遭遇人祸。武汉加油<span class=""url-icon""><img alt=[心] src=""https://h5.sinaimg.cn/m/emoticon/icon/others/l_xin-6912791858.png"" style=""width:1em; height:1em;"" /></span>",3184506825,5,屋里若若,990,864,f
4463911346512787,Thu Jan 23 15:01:02 +0800 2020,红十字会不会又在发国难财吧,5695028070,6,陈正chenz70,36,91,m
4463923082193156,Thu Jan 23 15:47:41 +0800 2020,害怕😨,1909955102,数据缺失,社会我花生,241,190,f
4463903859752566,Thu Jan 23 14:31:18 +0800 2020,"会好起来的<span class=""url-icon""><img alt=[心] src=""https://h5.sinaimg.cn/m/emoticon/icon/others/l_xin-6912791858.png"" style=""width:1em; height:1em;"" /></span>",7211873341,1,啵丝的圈外女友,691,101788,f
4463921056197716,Thu Jan 23 15:39:38 +0800 2020,有条不紊，有备不慌,1196516393,1,天色不早了,309,1707,m
4463908423008307,Thu Jan 23 14:49:26 +0800 2020,武汉加油！,5662042492,0,敢敢呼啦,704,628,f
4463906225089021,Thu Jan 23 14:40:41 +0800 2020,转发微博,7140542852,0,追灯塔,81,102,f
4463903964703212,Thu Jan 23 14:31:43 +0800 2020,武汉加油💪,2235524481,0,想要内心的阳光,622,179,f
4463928841186864,Thu Jan 23 16:10:33 +0800 2020,"<a  href=""https://m.weibo.cn/search?containerid=231522type%3D1%26t%3D10%26q%3D%23%E8%8D%86%E9%97%A8%E4%BC%A4%E5%8C%BB%23&extparam=%23%E8%8D%86%E9%97%A8%E4%BC%A4%E5%8C%BB%23"" data-hide=""""><span class=""surl-text"">#荆门伤医#</span></a>",6382686489,0,JSP0098003,376,1162,m
4463923351117269,Thu Jan 23 15:48:45 +0800 2020,光明日报的抖yin号说武汉急需物资，我们这些不懂专业知识的小透明终于也可以为武汉做点什么了,5025938676,0,超高冷的行歌,254,72,f
4463912545994620,Thu Jan 23 15:05:49 +0800 2020,终于开通捐赠通道了,1831142391,0,静若华ruohua,131,84,f
4463912055091569,Thu Jan 23 15:03:52 +0800 2020,真见不得红十字,5589113825,0,口中有毒,207,560,m
4463905168706515,Thu Jan 23 14:36:30 +0800 2020,加油！,2763280971,0,土星的一粒,123,104,m
4463905130446615,Thu Jan 23 14:36:20 +0800 2020,会好的，加油,6166551059,0,七月Angelina,251,24,f
