﻿4467550445969804,Sun Feb 02 16:01:32 +0800 2020,老人家，直接捐给医院吧，捐红十字会真的是给他们中饱私囊啥,2496895102,812,孟鑫Derrick,584,748370,m
4467607590129754,Sun Feb 02 19:48:36 +0800 2020,"捐医院也没用医院要的是防护服护目镜口罩消毒液等物资<span class=""url-icon""><img alt=[摊手] src=""https://h5.sinaimg.cn/m/emoticon/icon/default/d_tanshou-3abaa4ed77.png"" style=""width:1em; height:1em;"" /></span>",5558244228,数据缺失,取名难不取了,256,187,m
4467847872479507,Mon Feb 03 11:43:24 +0800 2020,给韩红吧,5458009449,数据缺失,若丷只如初见qingwgo,401,96,f
4467550257867125,Sun Feb 02 16:00:47 +0800 2020,不够红十用的,5512782124,378,我是王十七啊,211,3669,f
4470712569703897,Tue Feb 11 09:26:41 +0800 2020,不要再宣扬老人捐款了，简直就是骗钱,2277581347,数据缺失,乔巴大人666,81,92,f
4467550236819607,Sun Feb 02 16:00:42 +0800 2020,向红十字会捐款。。。,5213839271,224,请给我一天48小时,428,575,f
4470713203513118,Tue Feb 11 09:29:12 +0800 2020,人家的养老钱也捐了，那些贪官污吏中饱私囊了，媒体别误导大家骗钱，都别捐款，国家这么大真差这么点吗？很多孤寡老人的钱也要？他们老了不能自理了谁去养他们？国家还是政府？,2277581347,数据缺失,乔巴大人666,81,92,f
4467550790101301,Sun Feb 02 16:02:53 +0800 2020,捐了跟没捐一样，这种时候还敢捐红十字会也是服气，老人家有心不懂，旁边的人都不看新闻的吗,1688460264,232,我还能拯救一秒,42,184,f
4467561687048387,Sun Feb 02 16:46:12 +0800 2020,只有微博会提及啊 你有看见电视上有说吗？,5565608665,数据缺失,木棉菲菲松岛枫,598,177,m
4467612186328887,Sun Feb 02 20:06:52 +0800 2020,八十多的老人会天天刷微博么?相当于你太奶奶的年纪了能天天玩手机么，人家有善心捐了这么多钱，你捐了多少?就在这喷人家老奶奶,7000667799,数据缺失,好运降临在我身上,245,48,f
4467551100676918,Sun Feb 02 16:04:07 +0800 2020,这样的奶奶就该长命百岁,3850849676,87,咸食者,180,210,m
4467823353433285,Mon Feb 03 10:05:58 +0800 2020,人家都88岁了，长命百岁有点短,6969678700,数据缺失,nisacia97581,125,28,m
4467554905164324,Sun Feb 02 16:19:14 +0800 2020,"<span class=""url-icon""><img alt=[微笑] src=""https://h5.sinaimg.cn/m/emoticon/icon/default/d_hehe-039d0a6a8a.png"" style=""width:1em; height:1em;"" /></span>武汉红十字造的孽也不要带上全国红十字，总有做事的人",1823918677,59,总攻三,853,6591,m
4467563251910377,Sun Feb 02 16:52:24 +0800 2020,中国红十字总会会长养的郭美美事件忘了吗，网民都不长记性,1062530257,数据缺失,思辰的EVE,812,102,m
4467900641429262,Mon Feb 03 15:13:04 +0800 2020,醒醒，能不能做事还是要看上头的，你想做你敢吗,5938873885,数据缺失,小松菜奈的新男友,142,4,m
4467552077700008,Sun Feb 02 16:08:00 +0800 2020,不好意思，管理费什么的先扣个90%左右再说,2810390032,32,衣谷希望,158,117,m
4467579273805980,Sun Feb 02 17:56:05 +0800 2020,我六姥这是。杨家骄傲,1807996780,22,yang--小白,152,447,f
4467560545945444,Sun Feb 02 16:41:40 +0800 2020,"这钱真是喂了狗了<span class=""url-icon""><img alt=[doge] src=""https://h5.sinaimg.cn/m/emoticon/icon/others/d_doge-861403219c.png"" style=""width:1em; height:1em;"" /></span>",3643024311,18,大木木夕子,393,430,f
4467551414965402,Sun Feb 02 16:05:22 +0800 2020,🙈🙈一❤️起❤️看❤️鄂A0❤️26❤️0W❤在️❤️线❤搬❤️口罩,2184647161,23,愚人的博弈,2470,2494,m
4467551952553589,Sun Feb 02 16:07:31 +0800 2020,捐错对象了,2355220324,12,心君a,3364,13726,m
4467631065370476,Sun Feb 02 21:21:53 +0800 2020,现在直接从省跨度到县了吗？好歹提一下哪个市的吧？,2300452130,5,萌物铺子,198,6946,f
4468678294600537,Wed Feb 05 18:43:12 +0800 2020,介绍县大都是这样，身份证也是，安徽省太和县。,5316296217,数据缺失,小七大,465,131,m
4467655367434373,Sun Feb 02 22:58:26 +0800 2020,"我大阜阳的，但是作为阜阳人完全不知道<span class=""url-icon""><img alt=[跪了] src=""https://h5.sinaimg.cn/m/emoticon/icon/default/d_guile-7b3e474f7f.png"" style=""width:1em; height:1em;"" /></span>",5447036053,数据缺失,阿胡没有猫猫,10,13,m
4467553353442394,Sun Feb 02 16:13:04 +0800 2020,讲个故事吧： 冲锋号响了战士们冲上去搏斗，医护兵还在被窝里💤 。战士们扭头一看，医护兵人呢？赶紧派人去叫。敲门并通知开始战斗赶快起床，这些人还有起床气？骂骂咧咧随手扔了个止血带继续睡，战士心想：比没有强！跑回去继续战斗！隔壁部队领导有些咳嗽，派了个战士前来取药医护兵二话没说。。。,1797719995,9,Joe演技派,90,211,m
4467553331628571,Sun Feb 02 16:13:00 +0800 2020,"现在红十是不是交给空军和应急厅接管了？<span class=""url-icon""><img alt=[思考] src=""https://h5.sinaimg.cn/m/emoticon/icon/default/d_sikao-c599fd085f.png"" style=""width:1em; height:1em;"" /></span>",3070969200,4,崛起的甜甜,250,144,f
4467580570035233,Sun Feb 02 18:01:14 +0800 2020,要对得起老太太一生的积蓄啊！！！,1863114962,5,华丽di冒险,689,522,f
4467571493021613,Sun Feb 02 17:25:10 +0800 2020,致敬老人！希望红十字会把善款用善,1652271782,5,安徽常河,926,62964,m
4467551763373298,Sun Feb 02 16:06:45 +0800 2020,心是好心，能否给到需要的人只能听天由命了…… ……,1822506737,8,Lauren酱,78,169,f
4467624182699145,Sun Feb 02 20:54:32 +0800 2020,"红十字会会长:这点钱都不够我去澳门梭哈一圈牌<span class=""url-icon""><img alt=[摊手] src=""https://h5.sinaimg.cn/m/emoticon/icon/default/d_tanshou-3abaa4ed77.png"" style=""width:1em; height:1em;"" /></span><span class=""url-icon""><img alt=[摊手] src=""https://h5.sinaimg.cn/m/emoticon/icon/default/d_tanshou-3abaa4ed77.png"" style=""width:1em; height:1em;"" /></span><span class=""url-icon""><img alt=[摊手] src=""https://h5.sinaimg.cn/m/emoticon/icon/default/d_tanshou-3abaa4ed77.png"" style=""width:1em; height:1em;"" /></span><span class=""url-icon""><img alt=[摊手] src=""https://h5.sinaimg.cn/m/emoticon/icon/default/d_tanshou-3abaa4ed77.png"" style=""width:1em; height:1em;"" /></span><span class=""url-icon""><img alt=[摊手] src=""https://h5.sinaimg.cn/m/emoticon/icon/default/d_tanshou-3abaa4ed77.png"" style=""width:1em; height:1em;"" /></span>",6436322667,3,窜天猴3087,544,127,m
4467574090030425,Sun Feb 02 17:35:28 +0800 2020,老人做什么的？家底还可以，爱心更是多,1196516393,4,天色不早了,309,1707,m
4467879212529365,Mon Feb 03 13:47:56 +0800 2020,回复<a href='/n/小美44781'>@小美44781</a>:谢谢,1196516393,数据缺失,天色不早了,309,1707,m
4467556222373817,Sun Feb 02 16:24:29 +0800 2020,红十字造孽啊。。。,6918785275,6,雀叫qiao,432,59,f
4467616460193715,Sun Feb 02 20:23:51 +0800 2020,太和的,6285536864,2,范大梦1314,231,19,f
4467854860292729,Mon Feb 03 12:11:10 +0800 2020,不说其他，手机号码是不是先码上？？？,1785911415,1,6点50起床就不会迟到了,84,334,f
4467650136813316,Sun Feb 02 22:37:40 +0800 2020,白瞎了,1177919363,0,一小片儿雪,557,356,f
4467640103390761,Sun Feb 02 21:57:47 +0800 2020,150万，可惜了，唉……,1839857351,1,耀子,359,359,m
4467571111864658,Sun Feb 02 17:23:39 +0800 2020,希望他们好好把老人的心意带到救灾前线吧,5513858917,1,snowcookie玩偶手作,145,7247,f
4467563704288988,Sun Feb 02 16:54:13 +0800 2020,红十：就这么点？这也不够我买辆兰博基尼的啊,2255967735,5,子陵碧月夕,253,138,m
4467557807701968,Sun Feb 02 16:30:47 +0800 2020,"<span class=""url-icon""><img alt=[good] src=""https://h5.sinaimg.cn/m/emoticon/icon/others/h_good-644bcfa993.png"" style=""width:1em; height:1em;"" /></span><span class=""url-icon""><img alt=[good] src=""https://h5.sinaimg.cn/m/emoticon/icon/others/h_good-644bcfa993.png"" style=""width:1em; height:1em;"" /></span>",5076585224,0,果糖果蜜,800,549,f
4467550551515882,Sun Feb 02 16:01:56 +0800 2020,"老奶奶长命百岁<span class=""url-icon""><img alt=[米奇比心] src=""https://h5.sinaimg.cn/m/emoticon/icon/movies/mickey_01-f93c4eac57.png"" style=""width:1em; height:1em;"" /></span><span class=""url-icon""><img alt=[米奇比心] src=""https://h5.sinaimg.cn/m/emoticon/icon/movies/mickey_01-f93c4eac57.png"" style=""width:1em; height:1em;"" /></span><span class=""url-icon""><img alt=[米奇比心] src=""https://h5.sinaimg.cn/m/emoticon/icon/movies/mickey_01-f93c4eac57.png"" style=""width:1em; height:1em;"" /></span>",6364285084,5,大大小小公主77,63,7,f
4467564962966034,Sun Feb 02 16:59:13 +0800 2020,"大娘！捐给红会不相当于扔屎了吗？<span class=""url-icon""><img alt=[泪] src=""https://h5.sinaimg.cn/m/emoticon/icon/default/d_lei-1b4b02f8b1.png"" style=""width:1em; height:1em;"" /></span><span class=""url-icon""><img alt=[泪] src=""https://h5.sinaimg.cn/m/emoticon/icon/default/d_lei-1b4b02f8b1.png"" style=""width:1em; height:1em;"" /></span><span class=""url-icon""><img alt=[泪] src=""https://h5.sinaimg.cn/m/emoticon/icon/default/d_lei-1b4b02f8b1.png"" style=""width:1em; height:1em;"" /></span>",2552105205,4,5号猛虎,112,187,f
4467564543921316,Sun Feb 02 16:57:33 +0800 2020,"完了红十字会<span class=""url-icon""><img alt=[微笑] src=""https://h5.sinaimg.cn/m/emoticon/icon/default/d_hehe-039d0a6a8a.png"" style=""width:1em; height:1em;"" /></span>",7186250257,3,北居遇夏,799,75,f
4467564534657701,Sun Feb 02 16:57:31 +0800 2020,完都完了 捐给红十字会 还不够他们贪,7283596848,3,deideizss,50,7,m
4467680679599144,Mon Feb 03 00:39:02 +0800 2020,太和县……我老乡唉……,5975227491,2,Jayswell,55,287,m
4467571451170886,Sun Feb 02 17:24:59 +0800 2020,必须彻查！严查这钱是怎么到受捐者手里的！一经查处马上开除！我们要保障善款的每一分钱都不能到受捐者手里！每一分钱我们都要留给美美这样的可怜人！务必让每一个郭美美开上玛莎拉蒂，背上爱马仕！,5915927869,1,97热河,42,101,m
4467563863920959,Sun Feb 02 16:54:50 +0800 2020,不要给红十字啊，不看新闻吗，武汉两个一样都可以直接接受捐赠啊,5850661618,1,春田花花78399,156,23,m
4467551306256949,Sun Feb 02 16:04:57 +0800 2020,唉,6393223435,1,嘉豪8519,98,13,m
4470702252456904,Tue Feb 11 08:45:40 +0800 2020,"国家应该整治一下红十字会，公款公用，透明公示<span class=""url-icon""><img alt=[怒] src=""https://h5.sinaimg.cn/m/emoticon/icon/default/d_nu-54e54e160b.png"" style=""width:1em; height:1em;"" /></span>",1730711204,0,业子July,278,281,f
4467913006034868,Mon Feb 03 16:02:12 +0800 2020,老太太好心捐钱给红十字会，不管她懂不懂评论里说的情况，起码各位不要对老太太冷嘲热讽吧。而且评论里控评的也太厉害了吧，因为个湖北的红十字会就要把全国的红十字会都当成这个样子？至于吗？,6561093423,0,问冬人,136,36,m
4467889211498375,Mon Feb 03 14:27:40 +0800 2020,150万经过红十字之手，只怕要漂没三成！,3828034978,0,队长别开仓,517,669,m
4467851140658222,Mon Feb 03 11:56:23 +0800 2020,"<span class=""url-icon""><img alt=[心] src=""https://h5.sinaimg.cn/m/emoticon/icon/others/l_xin-6912791858.png"" style=""width:1em; height:1em;"" /></span>",6934805826,0,你在对岸等着我好吗,76,38,m
4467816201905141,Mon Feb 03 09:37:33 +0800 2020,不错,7365247157,0,野泽青木,35,235,m
4467784362318501,Mon Feb 03 07:31:02 +0800 2020,这钱最后会变成哪个郭美美的玛莎拉蒂,6042723812,1,漂亮偷心贼,123,32,f
4467682365411082,Mon Feb 03 00:45:44 +0800 2020,怕这爱心打水漂,1779477285,0,coronaviruses,1757,1189,m
4467673087602905,Mon Feb 03 00:08:51 +0800 2020,我觉得吧，要是这个钱用了就用了，要是没用就退还给捐赠人才是合情合理的,3826214761,0,为所欲为的轻狂,280,164,m
4467672190204662,Mon Feb 03 00:05:18 +0800 2020,看到这类的新闻心里只有心酸，不值得,1775738701,0,新吧嗒,497,258,f
4467666120705192,Sun Feb 02 23:41:10 +0800 2020,又捐给红会了，造孽,5623242733,0,3JOINT,324,40,f
4467656692706782,Sun Feb 02 23:03:42 +0800 2020,管理费先扣走10%,6294042742,0,默罕默德-阿卜杜拉-富贵儿,157,168,m
4467654964689837,Sun Feb 02 22:56:51 +0800 2020,得！捐这了这部白瞎了嘛！可惜可惜！,1943351183,0,_JasonZh_,124,1268,f
4467648131613944,Sun Feb 02 22:29:42 +0800 2020,老人不懂红会的坑啊,3154580502,0,楊凱媗,166,64,f
4467639160364070,Sun Feb 02 21:54:03 +0800 2020,嗯……捐给红十字会就很让人心疼钱,6545370237,0,静谧且安宁,52,4,f
4467638883461341,Sun Feb 02 21:52:57 +0800 2020,老人家，。您赶紧退回来吧，红十字扯犊子,2789635303,0,奔波耳疤,326,993,m
4467632717818884,Sun Feb 02 21:28:27 +0800 2020,又变唱高调了？,1869891400,0,那么酷的黑蜻蜓,128,266,m
4467630725853942,Sun Feb 02 21:20:32 +0800 2020,红会又来骗老人钱了,3204835461,0,我的记事本lb,2510,551,m
4467628397738914,Sun Feb 02 21:11:16 +0800 2020,望公示老奶奶捐款去向明细，公开透明。,1658271975,0,____张颖頴颍,386,307,f
4467622584778308,Sun Feb 02 20:48:11 +0800 2020,10万浪费了,1392319501,0,妩媚的麦琪,320,107,f
4467622198452305,Sun Feb 02 20:46:38 +0800 2020,换个渠道吧,1780324283,0,XX继续努力工作,312,467,f
4467622080515088,Sun Feb 02 20:46:11 +0800 2020,武汉病毒所所长了解一下,3829361992,0,helloExcel,473,291,m
4467610802475369,Sun Feb 02 20:01:22 +0800 2020,老奶奶不要捐钱不要捐钱，真的怕你伤心，澳洲那边打电话给红十字人家直接说要钱不要口罩，你这钱真的就怕已经被上层用了，咱们不要捐,5464385559,0,Whiterainls,663,335,f
4467605118735265,Sun Feb 02 19:38:46 +0800 2020,红会笑纳了,5119436548,0,沙漠之狐13-14,112,30,m
4467602695171045,Sun Feb 02 19:29:09 +0800 2020,估计这88万的管理费得100万，还差12万😄😄😄,5695570116,0,徐叶子612,539,682,m
4467602447620392,Sun Feb 02 19:28:10 +0800 2020,博主不害羞吗？宣传捐给红十字会呵呵,6862629645,0,樱桃瘦肉肉丸,846,59,m
4467597762089469,Sun Feb 02 19:09:33 +0800 2020,别捐红十了,1298063583,0,木楹瑾,264,129,f
4467591764043669,Sun Feb 02 18:45:42 +0800 2020,捐给红十字？老人家可别老了老了做傻事,6217255258,0,在1和0之间徘徊,133,71,m
4467582784215147,Sun Feb 02 18:10:02 +0800 2020,"这时候，我们不该为老奶奶的善举鼓掌点赞吗？<span class=""url-icon""><img alt=[鲜花] src=""https://h5.sinaimg.cn/m/emoticon/icon/others/w_xianhua-6efa26efdf.png"" style=""width:1em; height:1em;"" /></span><span class=""url-icon""><img alt=[鲜花] src=""https://h5.sinaimg.cn/m/emoticon/icon/others/w_xianhua-6efa26efdf.png"" style=""width:1em; height:1em;"" /></span><span class=""url-icon""><img alt=[鲜花] src=""https://h5.sinaimg.cn/m/emoticon/icon/others/w_xianhua-6efa26efdf.png"" style=""width:1em; height:1em;"" /></span><span class=""url-icon""><img alt=[鲜花] src=""https://h5.sinaimg.cn/m/emoticon/icon/others/w_xianhua-6efa26efdf.png"" style=""width:1em; height:1em;"" /></span>好人一生平安！",6798177057,0,為戰拾光的蒲公英_923,188,21,f
4467580301887743,Sun Feb 02 18:00:10 +0800 2020,<a href='/n/一大大颗草莓'>@一大大颗草莓</a>,5748519694,0,拾月遗,88,68,f
4467587267741873,Sun Feb 02 18:27:51 +0800 2020,想知道是谁，在哪,5787352771,数据缺失,一大大颗草莓,137,128,f
4467576757289583,Sun Feb 02 17:46:04 +0800 2020,别捐红会,6003430407,0,1872年的啤酒,185,27,m
4467576048273545,Sun Feb 02 17:43:16 +0800 2020,失信于民要你何用，，，,5519330990,1,黑心虱子会天天赚差价,45,5,m
4467574848664692,Sun Feb 02 17:38:29 +0800 2020,又是红十字会,1782337387,0,小恋最无敌,326,136,f
4467574693441049,Sun Feb 02 17:37:53 +0800 2020,不要捐了！！！奶奶还不如留着自己用！！！,1210741002,0,昔言Tracy_,761,10826,f
4467572592401214,Sun Feb 02 17:29:32 +0800 2020,哦草！瞎了老人的150万,1658696447,0,伞伞个人,437,118,m
4467571758166553,Sun Feb 02 17:26:13 +0800 2020,请跳过红十字会,5513881242,0,-刘畅-sing,115,61,f
4467571116068673,Sun Feb 02 17:23:40 +0800 2020,红💩会  吧？？？？？？,2020351243,0,Hua_79,247,521,m
4467570121989120,Sun Feb 02 17:19:43 +0800 2020,功德无量🙏,2354077913,0,木木杉杉彬,140,339,m
4467568247129649,Sun Feb 02 17:12:16 +0800 2020,捐红会不知道会不会去向不明,1850065373,0,百草枯不枯,632,308,m
4467563147238813,Sun Feb 02 16:52:00 +0800 2020,只可惜钱掉进了狗肚子里,5964169956,0,557931524塔塔,182,109,m
4467562849022376,Sun Feb 02 16:50:49 +0800 2020,"捐给红十字<span class=""url-icon""><img alt=[允悲] src=""https://h5.sinaimg.cn/m/emoticon/icon/default/d_yunbei-9aa3c436a4.png"" style=""width:1em; height:1em;"" /></span><span class=""url-icon""><img alt=[跪了] src=""https://h5.sinaimg.cn/m/emoticon/icon/default/d_guile-7b3e474f7f.png"" style=""width:1em; height:1em;"" /></span><span class=""url-icon""><img alt=[跪了] src=""https://h5.sinaimg.cn/m/emoticon/icon/default/d_guile-7b3e474f7f.png"" style=""width:1em; height:1em;"" /></span><span class=""url-icon""><img alt=[跪了] src=""https://h5.sinaimg.cn/m/emoticon/icon/default/d_guile-7b3e474f7f.png"" style=""width:1em; height:1em;"" /></span>",1800315960,0,Lingda-Ho,448,1514,f
4467562567662380,Sun Feb 02 16:49:42 +0800 2020,所托非人,2370260733,0,源有三,1271,184,m
4467558336278382,Sun Feb 02 16:32:52 +0800 2020,毕竟老人也不清楚该信谁，也确实除了红会之外没有更值得信的了。,6145863230,0,正忙倒忙都要帮的热心网友,230,223,m
4467557111261861,Sun Feb 02 16:28:01 +0800 2020,赞扬老人的行为，红十字会做个人吧，别让好人心寒,6801927175,1,沈尛姑娘,92,1,f
4467556964803164,Sun Feb 02 16:27:26 +0800 2020,哎，老奶奶这边就算是心到神知吧，，可惜了,1287365927,0,qqzzanka,206,90,f
4467556431417478,Sun Feb 02 16:25:18 +0800 2020,不要捐给红十字会啊，虽然不能因为武汉红十字会打死所有的，但是不得不防，他们监守自盗真的很容易，等国家彻查这个组织吧,5686076635,0,__我没有微博名,88,108,f
4467553423938025,Sun Feb 02 16:13:22 +0800 2020,捐给红会呵呵呵,3978951918,0,红十字会滚出去,66,10,m
4467552174625491,Sun Feb 02 16:08:24 +0800 2020,捐给红十字会,5146980387,0,大叔12902,115,19,m
4467551864445489,Sun Feb 02 16:07:10 +0800 2020,玩了,6017396834,0,零_一切的开端,162,11,m
4467551268638672,Sun Feb 02 16:04:48 +0800 2020,有爱,3768983762,0,陈丑段于张赵,92,53,f
4467550379445163,Sun Feb 02 16:01:16 +0800 2020,不捐韩红？？？,7206987145,6,成都繁露斋主人,1129,414,m
4467552195401542,Sun Feb 02 16:08:29 +0800 2020,"在网友的支持声中，已经无法捐给韩红了<span class=""url-icon""><img alt=[污] src=""https://h5.sinaimg.cn/m/emoticon/icon/default/d_wu-12f8564d2b.png"" style=""width:1em; height:1em;"" /></span>",6868467215,数据缺失,lmkaola,32,20,f
4467564694296280,Sun Feb 02 16:58:09 +0800 2020,奶奶您在浪费您的钱，全国红十字一般黑，没爆出来而已，为您心痛,3837174492,0,宏羽hongyu,106,100,m
4467550362877258,Sun Feb 02 16:01:12 +0800 2020,心疼奶奶,6598717394,4,mintyroyuii,17,1,f
4467550312333502,Sun Feb 02 16:01:00 +0800 2020,憋给红十字捐了。。,6598717394,5,mintyroyuii,17,1,f
4467551541458127,Sun Feb 02 16:05:53 +0800 2020,领导和他的小姨子们又要开心了,6598717394,3,mintyroyuii,17,1,f
4467851605985145,Mon Feb 03 11:58:13 +0800 2020,"看到评论真心忍不了，什么叫捐了跟没捐一样？？？人家近百的老人能跟你们一样天天耍手机看黑幕吗？！捐给谁不说，老人的爱心是不是奉献了！只看到一群键盘侠自以为是的评论。庆幸老人不看微博<span class=""url-icon""><img alt=[微笑] src=""https://h5.sinaimg.cn/m/emoticon/icon/default/d_hehe-039d0a6a8a.png"" style=""width:1em; height:1em;"" /></span>",6856375734,0,小美44781,15,1,m
4467562614581678,Sun Feb 02 16:49:53 +0800 2020,祝您健康长寿！,2509889772,0,冰淇淋巷,16,188,f
4467677454275061,Mon Feb 03 00:26:12 +0800 2020,"<a href='/n/娅娅value'>@娅娅value</a> 我只想说你们太和这么有钱<span class=""url-icon""><img alt=[笑cry] src=""https://h5.sinaimg.cn/m/emoticon/icon/default/d_xiaoku-d320324f00.png"" style=""width:1em; height:1em;"" /></span><span class=""url-icon""><img alt=[笑cry] src=""https://h5.sinaimg.cn/m/emoticon/icon/default/d_xiaoku-d320324f00.png"" style=""width:1em; height:1em;"" /></span>",5703038640,0,mm麻雀少女,172,90,f
4467661595775967,Sun Feb 02 23:23:12 +0800 2020,为老人的精神点赞！,2259951814,0,萤火微微凉hh,368,224,f
4467569769181859,Sun Feb 02 17:18:19 +0800 2020,这是一家长寿人,7377033150,0,南河0837,9,1,m
4467553609129545,Sun Feb 02 16:14:06 +0800 2020,打水飘,1684972580,0,lee3e,130,623,m
4467551847262573,Sun Feb 02 16:07:06 +0800 2020,唉,6197742910,0,1983年的料酒,1403,117,m
4467550551750183,Sun Feb 02 16:01:57 +0800 2020,"奶奶一看就不怎么看新闻，心疼奶奶<span class=""url-icon""><img alt=[允悲] src=""https://h5.sinaimg.cn/m/emoticon/icon/default/d_yunbei-9aa3c436a4.png"" style=""width:1em; height:1em;"" /></span>",1314761685,3,映捶死汀,530,111,f
