﻿4465502972078276,Tue Jan 28 00:25:36 +0800 2020,"马大爷，你该睡觉了<span class=""url-icon""><img alt=[二哈] src=""https://h5.sinaimg.cn/m/emoticon/icon/others/d_erha-0fecc90ac1.png"" style=""width:1em; height:1em;"" /></span><span class=""url-icon""><img alt=[二哈] src=""https://h5.sinaimg.cn/m/emoticon/icon/others/d_erha-0fecc90ac1.png"" style=""width:1em; height:1em;"" /></span>",2692077293,156,吴哥不要窟,123,479,m
4465513679749345,Tue Jan 28 01:08:09 +0800 2020,那必须得去武汉最大的清真寺啊,6321761939,数据缺失,不爱橘子的橙子小姐,142,97,f
4465502652838084,Tue Jan 28 00:24:20 +0800 2020,那希望中国的红十字会这次能不让国民失望,6727888614,55,蒂姆哈特咯鱼,28,10,f
4466727427648578,Fri Jan 31 09:31:09 +0800 2020,中国的红十字会就是特别稳定，武汉红十字会一点都不意外的让民众生气愤怒失望了。主战场都告急了，就给那么一点点口罩，反倒是…唉,6727888614,数据缺失,蒂姆哈特咯鱼,28,10,f
4465512442297232,Tue Jan 28 01:03:14 +0800 2020,"红十字会早没有公信力了，能直接对接医院最可靠 何况这种已经失去公信力的主官说的话信才怪<span class=""url-icon""><img alt=[二哈] src=""https://h5.sinaimg.cn/m/emoticon/icon/others/d_erha-0fecc90ac1.png"" style=""width:1em; height:1em;"" /></span><span class=""url-icon""><img alt=[二哈] src=""https://h5.sinaimg.cn/m/emoticon/icon/others/d_erha-0fecc90ac1.png"" style=""width:1em; height:1em;"" /></span><span class=""url-icon""><img alt=[二哈] src=""https://h5.sinaimg.cn/m/emoticon/icon/others/d_erha-0fecc90ac1.png"" style=""width:1em; height:1em;"" /></span><span class=""url-icon""><img alt=[二哈] src=""https://h5.sinaimg.cn/m/emoticon/icon/others/d_erha-0fecc90ac1.png"" style=""width:1em; height:1em;"" /></span>",1810290661,84,心云0605,1015,431,f
4465508454231319,Tue Jan 28 00:47:23 +0800 2020,还有人整理了红十字会的采购清单，对比比民间粉丝团捐赠拿货贵很多。跟进一下咯,1791391875,65,至诚一一一一,892,26,f
4465518793104482,Tue Jan 28 01:28:27 +0800 2020,可以交由红十字会来收捐赠，但发到哪里恐怕是更关键的问题吧？汶川地震的时候，太多的物资被人截下了，没有给到灾民手中。后来成了仓库里的旧货，没有人负责。请问这个乱相，这次用什么措施能够保证？,5653319335,50,冰塞川山10,468,115,m
4465548026475387,Tue Jan 28 03:24:38 +0800 2020,谁会相信红十字会？反正我不信！,1731916651,44,最爱晓彩嬅,758,874,f
4465509431417065,Tue Jan 28 00:51:16 +0800 2020,红会的公信力还有多少？,2427321613,25,天人合一20121012,951,42333,m
4465528414170588,Tue Jan 28 02:06:41 +0800 2020,这么多人不信任红十字会了，建议还是换个渠道。,1624492530,26,此行远兮,63,85,m
4465511054124150,Tue Jan 28 00:57:43 +0800 2020,红十字还有公信力吗,1749635091,18,楝风花信来,98,721,m
4465601618090338,Tue Jan 28 06:57:35 +0800 2020,我真的很好奇，检测肺炎核酸的测试盒，为什么不能全国一起生产，只有上海的三家公司在生产，现在疫情这么严重，他们怎么能完全供应全国？,5224578634,7,周幽ing,103,122,m
4465634178324708,Tue Jan 28 09:06:58 +0800 2020,工艺问题.如果产品不合格.问题更大,2259954775,数据缺失,MoMo_HG,352,122,f
4465533418081621,Tue Jan 28 02:26:35 +0800 2020,老马啊，老周的黑锅背的是不是有点冤了？,5534865331,21,海绵宝宝突击队队员,359,75,m
4465686719636122,Tue Jan 28 12:35:44 +0800 2020,还辞职？渎职，全部死刑，立即执行,1824956773,数据缺失,LanceGao_,69,105,m
4465579635193117,Tue Jan 28 05:30:14 +0800 2020,得5个人一块背，一块辞职下台，以安天下。,7117089542,数据缺失,古梵006,138,0,m
4465626393240085,Tue Jan 28 08:36:01 +0800 2020,我刚看了环球时报的一篇报道说，前期捐赠的物资因为，武汉红十字会推诿，一直送不到医院。,2762681261,16,倚楼and听风,288,189,m
4465620999358454,Tue Jan 28 08:14:35 +0800 2020,为什么不管管中国武汉的红十字会？武汉红十字会要求捐赠者支付百分之十的钱，支付了之后，捐赠给医生的口罩还不是捐赠者买的口罩！为什么中央政府不彻查此事！全国人民都在统一救助！唯独这个让人寒了心！姐们儿，麻烦顶我这个，我要每个微博发这个消息！刚刚才看到的信息，武汉红十字会太让人心寒了,5942981273,17,深港灬深巷,59,5,f
4465659435852511,Tue Jan 28 10:47:19 +0800 2020,红会收服务费的事，如果没有证据，还是不要以谣传谣。当务之急是，全国捐赠给武汉的大量（积压？）医疗物资赶快发到需求的一线单位，不要让医疗工作者们裸奔上前线了。武汉红会（卫健委？）作为扎口负责单位，切实履行起责任，高效有序的落实捐赠物资管理工作，公开透明的披露收发信息,2131956227,数据缺失,四次元女神经,314,269,f
4465576426354696,Tue Jan 28 05:17:28 +0800 2020,这是政府部门失去公信力的一个表现，不要怪公众不信你，你看看自己的所作所为，就是你自己，你能说服自己吗？,1920629201,19,vicoci,340,191,m
4465647129940796,Tue Jan 28 09:58:25 +0800 2020,意思是不通过红十字的捐赠咱武汉就一律拒绝，好样的马爷有志气,1809443950,5,hi_aquarius,180,141,m
4465632106134513,Tue Jan 28 08:58:44 +0800 2020,其实我们就是怕被红十字会钻了空子啊……,2894086037,6,BaileyX,155,161,m
4465622798694161,Tue Jan 28 08:21:45 +0800 2020,马大爷，吃肉不能停，别出来，周公就够了！,2159170524,6,不会押韵的诗人,785,227,m
4465505962078348,Tue Jan 28 00:37:29 +0800 2020,哟出来说话了，难得,5728749058,5,橡子面,147,111,f
4465626057567286,Tue Jan 28 08:34:41 +0800 2020,"直接给医院 用在刀刃上 给红十字会走流程 黄花菜都凉了<span class=""url-icon""><img alt=[good] src=""https://h5.sinaimg.cn/m/emoticon/icon/others/h_good-644bcfa993.png"" style=""width:1em; height:1em;"" /></span>马书记",6076959580,3,南山财神,112,69,m
4465541424665539,Tue Jan 28 02:58:24 +0800 2020,可以理解意思是快来给我打钱跑路，钱打到红会账上？,2695043705,8,星霜忆雨,109,878,m
4465518784697037,Tue Jan 28 01:28:26 +0800 2020,早干嘛去了？,3174570794,5,平阳爸,78,95,m
4465621364101653,Tue Jan 28 08:16:03 +0800 2020,"<span class=""url-icon""><img alt=[中国赞] src=""https://h5.sinaimg.cn/m/emoticon/icon/others/d_chnlike-2c6f482dac.png"" style=""width:1em; height:1em;"" /></span>",1502571172,0,宝菂琦苑-张文彬,7176,7306,m
4465505077425560,Tue Jan 28 00:33:57 +0800 2020,相信红十字会！,6591223890,0,两江楚风,103,225,m
4465510856616571,Tue Jan 28 00:56:56 +0800 2020,”为防由于混乱让某些人钻空子”都看不到这句吗,3071450094,3,2020yinwin,260,147,f
4465667380081940,Tue Jan 28 11:18:54 +0800 2020,"请郭美女出来指导红十字工作，要尽快落实到基层<span class=""url-icon""><img alt=[喵喵] src=""https://h5.sinaimg.cn/m/emoticon/icon/others/d_miao-61fe2a7aaa.png"" style=""width:1em; height:1em;"" /></span><span class=""url-icon""><img alt=[喵喵] src=""https://h5.sinaimg.cn/m/emoticon/icon/others/d_miao-61fe2a7aaa.png"" style=""width:1em; height:1em;"" /></span><span class=""url-icon""><img alt=[喵喵] src=""https://h5.sinaimg.cn/m/emoticon/icon/others/d_miao-61fe2a7aaa.png"" style=""width:1em; height:1em;"" /></span>",5842661547,3,纯生大大,327,52,m
4465623369132686,Tue Jan 28 08:24:00 +0800 2020,查无此人马国强终于千呼万唤始出来，它说了，红十字会没有向医院收手续费。呵呵，呵呵，呵呵，呵呵呵呵呵呵呵呵呵呵。郭大美铝出来管一下吧。[旺柴],5694654925,7,痴迷的虫子,51,26,m
4465504141659173,Tue Jan 28 00:30:15 +0800 2020,紅十字會最可信,6391477174,2,共禪,747,1376,m
4466809728446382,Fri Jan 31 14:58:10 +0800 2020,这位马同志哦,5422278532,0,DBTou23,74,82,m
4466326376442934,Thu Jan 30 06:57:31 +0800 2020,红十字会已被军队接管,1681897677,0,好大一个石头,148,218,f
4465721239650219,Tue Jan 28 14:52:54 +0800 2020,去他大爷的，捐赠还要统一。。。,2878802075,0,iOSbeta123,669,259,m
4465675055604866,Tue Jan 28 11:49:24 +0800 2020,不应该由红十字会来。国家应该出来一个部门统一管理。爱心需要用到全国。捐献者没有想只用在某一个地方。,2007235547,1,蓝蜗牛eric,411,313,m
4465674694851125,Tue Jan 28 11:47:58 +0800 2020,捐献给武汉的归口武汉红十字会？捐给湖北的归湖北红十字会？那这些东西的分配权呢？这么个规定是说捐给武汉就只能武汉用吗？捐给湖北省的才能湖北省用？如果是这样，那捐助者还要考虑我到底是捐哪里的？如果这样就增加捐献者的成本了。非常不合理。统一集中调配才对。,2007235547,1,蓝蜗牛eric,411,313,m
4465647880297054,Tue Jan 28 10:01:25 +0800 2020,本末倒置，人为设置障碍，影响物质到位，回答含糊其辞，认真核查后，还只是说应该不会？那你查个屁啊。,6197472134,1,新无月光,508,538,m
4465643627675644,Tue Jan 28 09:44:31 +0800 2020,你们在也没有公信力了,6442558618,0,走向未来的小先生,113,316,f
4465643548211578,Tue Jan 28 09:44:12 +0800 2020,红十字会已经不可信了,5109345133,1,jun辉_,69,101,m
4465632059879267,Tue Jan 28 08:58:32 +0800 2020,一个没有公信力的肥腻加上一个没有公信力恶迹斑斑的组织，你哪来的自信和资格去统一调配，调配都进自己肚子里了吧,2009074713,4,旎安安,476,131,f
4465625420298923,Tue Jan 28 08:32:09 +0800 2020,建议捐赠清单及使用清单公开,2762681261,1,倚楼and听风,288,189,m
4465623470348249,Tue Jan 28 08:24:24 +0800 2020,马书记，真主需要你，,5694654925,2,痴迷的虫子,51,26,m
4465604369316669,Tue Jan 28 07:08:31 +0800 2020,一提红十字会 我想到的是女士...,6437049731,4,大海里一瓶淡水,140,0,f
4465600116109317,Tue Jan 28 06:51:36 +0800 2020,不是说马书记是查无此人吗？,2276862607,1,Nicenessin,449,276,m
4465566918083076,Tue Jan 28 04:39:42 +0800 2020,一句说不属实就完了，红十字协会一点费用也不留吗？,1016957390,0,将来完成时333029412,175,1,m
4465564430803852,Tue Jan 28 04:29:49 +0800 2020,防疫中心，众人瞩目,1196516393,0,天色不早了,309,1707,m
4465518830257965,Tue Jan 28 01:28:37 +0800 2020,刷什么存在感？,3156387814,2,Daa·Yuu,103,251,m
4465503772367394,Tue Jan 28 00:28:46 +0800 2020,也就是说，直接捐到医院不行，必须把捐赠的钱物先给红十字会，由他们分配。,1108491730,18,大漠孤烟0039,894,330,m
4465504686719392,Tue Jan 28 00:32:24 +0800 2020,"呵呵  原来是这意思<span class=""url-icon""><img alt=[怒] src=""https://h5.sinaimg.cn/m/emoticon/icon/default/d_nu-54e54e160b.png"" style=""width:1em; height:1em;"" /></span>",2365162635,数据缺失,魔法少女jojo,980,5219,f
4465505056395358,Tue Jan 28 00:33:53 +0800 2020,就是这个意思啊,6019199545,数据缺失,那赖扛把子,160,490,m
4465503760009664,Tue Jan 28 00:28:44 +0800 2020,马大爷 早点睡觉，,3193455677,11,小黄不配拥有姓名吗,125,1469,m
4465505638828881,Tue Jan 28 00:36:11 +0800 2020,各界社会共捐了几个亿到红十字会，拨下来几千万，虽然不少，剩余的留着干嘛？留着发奖金呀,3270615323,13,皮球的小跟班,60,7,m
4465518931144533,Tue Jan 28 01:29:01 +0800 2020,赠予给谁是赠予人的权利，是否接受赠予，是受赠人的权利。和红十字会有什么关系？,6240257221,7,丢哥Q家家,213,23,m
4465603357890458,Tue Jan 28 07:04:29 +0800 2020,政府职能就是分配资源嘛？财政收入花哪里了？有事就号召捐款，志愿？但那是本份不是责任！,6060260018,2,笔墨纸砚瓷綢茶香,270,250,m
4465582512641175,Tue Jan 28 05:41:40 +0800 2020,马是什么什么背景,6963453664,4,香烟68759,30,0,m
4465685474341932,Tue Jan 28 12:30:48 +0800 2020,马书记，别咬文嚼字，红会从来不收手续费，只收管理费。 请您大声念一遍，本次武汉红会不收取任何费用！,1042241793,1,wycharon,71,1,m
4465609628459346,Tue Jan 28 07:29:25 +0800 2020,滚,6201752354,1,郝大善人也,781,144,m
4468410723716484,Wed Feb 05 00:59:58 +0800 2020,<a href='/n/我的印象笔记'>@我的印象笔记</a>,3029178497,0,偶尔更换一下id,479,81,m
4467113332544894,Sat Feb 01 11:04:36 +0800 2020,不信,7379024157,0,刘宇坤18,9,0,m
4465566255619231,Tue Jan 28 04:37:04 +0800 2020,武汉保卫战，很关键,7371646114,1,感应道交在客乡,41,125,m
4465541953479084,Tue Jan 28 03:00:30 +0800 2020,不反思一下为什么只有红会一个通道，红会的公信力还在吗？有多少？为什么不想更多更好的方法或者渠道去解决物资问题，从而更好的缓解甚至解决问题，明明可搭建一个公正廉明公开透明合法合规的平台，那么请问某些人有什么空子了专，这是管理者的智慧，不是简单的统一归红会而已,2634516943,7,寄鸟绚野,645,80,m
4465530071412238,Tue Jan 28 02:13:17 +0800 2020,医院急用，还要多有那么多程序，等送到医院第一线手上，估计疫情都结束了吧！,5035077915,6,乔治与霜降,443,273,f
4465518503085681,Tue Jan 28 01:27:19 +0800 2020,有本事数据公开，装死装到这个时候，开始替红十字掩饰了，麻烦立刻长眠,5423473874,4,乌鸫先森,496,182,m
4465515147882263,Tue Jan 28 01:13:59 +0800 2020,<a href='/n/南方盐'>@南方盐</a>: 避免在现在疫情防疫防治的这个过程中由于混乱，被某些人来钻空子。？？？ 谁会来钻？这玩意有什么空子可钻？,1783926560,1,南方盐,216,532,m
4465662875640077,Tue Jan 28 11:01:00 +0800 2020,有，某些不良机构，打着爱心捐赠的名义，非法集资或者募集免费紧缺物资变卖获利，有个名词——投机倒把国难财。不过，当年红会在汶川地震的表现也是呵呵一壶（从捐款落实到物资管理，呃），希望他们这次可以洗心革面，用实际行动重拾公众的一丢丢信心……目前看来，还是……emmm……继续观望,2131956227,数据缺失,四次元女神经,314,269,f
4465511616215036,Tue Jan 28 00:59:57 +0800 2020,应该还有中华慈善总会,2294376697,0,HLGC活力小宝马,185,449,m
4465505353859733,Tue Jan 28 00:35:04 +0800 2020,马大爷，武汉红十字会说他们只负责收，调配发放不归他们负责，是卫健委负责的，所以到现在也无法提供收到的捐赠物资的实际发放数据。麻烦告诉卫健委，出来吱一声吧，到底谁负责提供物资发放明细，让大家心理有个谱儿。,2131956227,27,四次元女神经,314,269,f
4465504921621341,Tue Jan 28 00:33:21 +0800 2020,马老板改吃喝严老鼠烫睡觉了,1810843165,9,87奋斗2010,203,154,m
4465503147761173,Tue Jan 28 00:26:18 +0800 2020,前几天还信用破产，算了,5489824640,5,Katia的枪毙名单,304,109,f
