﻿4469756302279562,Sat Feb 08 18:06:48 +0800 2020,等疫情过去了 我一定要买个N95 看看它到底长什么样,6169242252,716,贺奇,119,102175,m
4469757203606607,Sat Feb 08 18:10:23 +0800 2020,我至今还没见过长啥样,3803193191,数据缺失,神户时代的咩咩,414,304,f
4469757183283350,Sat Feb 08 18:10:19 +0800 2020,"我至今连个医用外科口罩都没见过<span class=""url-icon""><img alt=[允悲] src=""https://h5.sinaimg.cn/m/emoticon/icon/default/d_yunbei-9aa3c436a4.png"" style=""width:1em; height:1em;"" /></span>",3254205590,数据缺失,森森林林路,174,179,f
4469756378069404,Sat Feb 08 18:07:07 +0800 2020,今天已经是正月十五了，祝愿所有一线医务人员、政府机关人员、社区和村口等防疫人员，元宵节快乐！你们拼命守护着每座城市辛苦了！目前最想看到的一条新闻：新型冠状病毒成功得到控制，再无人员感染，保护好自己和家人，我们共渡难关！中国加油！🇨🇳,6536929250,98,与孙先生异地恋的倒数呀,636,770,f
4469756381671401,Sat Feb 08 18:07:08 +0800 2020,冲在最前面的永远是医护人员，你永远不知道口罩后面藏着多少恐惧与疲惫，但是他们是救死扶伤的医生，为了对得起他们的称号他们必须假装云淡风轻的冲在最前面。因为他的患者他的国家需要他们。我只是希望不要寒了医护人员的心。最后也向守在政府机关单位和每个社区和村口的平民英雄致敬。,6169242252,96,贺奇,119,102175,m
4469759548606144,Sat Feb 08 18:19:43 +0800 2020,说的对！！！,2193169224,数据缺失,丫丫160601,264,288,m
4469759967529856,Sat Feb 08 18:21:23 +0800 2020,其实我真的觉得国家已经做的很好了。几千个亿免费给治疗 不需要你花一分钱  每天不重样的给医护和病患搭配三餐   全国加一起已经开除700多个 监督不到位的🐶官  还有很多为人民做事的 我们本来什么忙都帮不上 这个时候就不要再跟风起哄， 给国家添乱了。,2812623367,54,北岛哥哥,356,10148180,m
4469918211020157,Sun Feb 09 04:50:11 +0800 2020,这段品论到底要复制粘贴几次？,1935459295,数据缺失,沉弛,92,732,m
4469778301238097,Sat Feb 08 19:34:13 +0800 2020,就这样还有明知自己得病到处跑的 跑毛线啊，真的是不懂脑子都是装的屎吗,2945608773,数据缺失,一只不吃鱼肉的猫,88,417,f
4469756533267381,Sat Feb 08 18:07:44 +0800 2020,一线医护人员，真的辛苦了,5311264927,38,一路上有你ZL,189,1862,m
4469756398501432,Sat Feb 08 18:07:12 +0800 2020,会越来越好的！,5136419633,17,精致的小闹,491,11471,f
4469756385877658,Sat Feb 08 18:07:09 +0800 2020,一切安好,7008518968,10,蛋挞好肥,291,21897,f
4469756747156236,Sat Feb 08 18:08:35 +0800 2020,㊗️奋战在一线的工作人员道一声辛苦啦 元宵佳节快乐哦 谢谢你们,6211171613,8,一直在等富婆的广东靓仔,96,720,m
4469756566929823,Sat Feb 08 18:07:52 +0800 2020,加油加油加油国家一直在加油！！！,6638229449,4,和小烈一起加油,611,199,f
4469763688747913,Sat Feb 08 18:36:09 +0800 2020,1000的床位现在才只接收了86个病患，看来缺人缺物资很严重啊。。。。唉,1807351343,6,板沙生活,269,447,m
4469758953286130,Sat Feb 08 18:17:20 +0800 2020,"奋战在一线的医护人员，辛苦了<span class=""url-icon""><img alt=[心] src=""https://h5.sinaimg.cn/m/emoticon/icon/others/l_xin-6912791858.png"" style=""width:1em; height:1em;"" /></span>",5621687545,4,带我奔向那片有你的天空·,298,2596,f
4469756566108277,Sat Feb 08 18:07:52 +0800 2020,加油，中国,6188830473,4,她入他城丿黄泉,188,1757,m
4469756494844742,Sat Feb 08 18:07:35 +0800 2020,有希望了，但愿一切安好！！！,2137660971,3,青游记,1987,2075442,m
4469756570522633,Sat Feb 08 18:07:53 +0800 2020,武汉加油！,2137660971,数据缺失,青游记,1987,2075442,m
4469756440641547,Sat Feb 08 18:07:22 +0800 2020,愿患者早日康复🙏,6466039919,4,CureBo,15,98711,m
4469756550103907,Sat Feb 08 18:07:48 +0800 2020,一定会越来越好的，加油！,6466039919,数据缺失,CureBo,15,98711,m
4469758106252912,Sat Feb 08 18:13:59 +0800 2020,几家欢喜几家愁,6588074897,2,K水星逆行记,289,162,f
4469757820602314,Sat Feb 08 18:12:51 +0800 2020,加油！中国！,3870677654,1,一颗发光的小宇宙,54,120,f
4469756427958622,Sat Feb 08 18:07:19 +0800 2020,辛苦了❤️,6700870686,2,川音霸王花,84,1519,f
4469801860771462,Sat Feb 08 21:07:50 +0800 2020,武汉你一定会好起来的，到时候我们一起去吃热干面，去武大看樱花，去江汉路坐知音号，去东湖坐缆车，去司门口走长江大桥，加油武汉，我们与你同在。,6267014036,1,LA拉扎尔·安格洛夫,256,18593,m
4469760018016617,Sat Feb 08 18:21:34 +0800 2020,实有多少张病床？,2365656274,3,illman3,368,268,m
4469758239912308,Sat Feb 08 18:14:30 +0800 2020,对面的小区是不是废了,5979683357,2,NEM094,240,401,m
4469758138880070,Sat Feb 08 18:14:07 +0800 2020,祝大家元宵节快乐！大家要一起过很多个元宵节哦！所以务必！一定要加油呀！！！,5835800398,2,可爱的冬阳_,178,2086,f
4469758138877508,Sat Feb 08 18:14:06 +0800 2020,武汉回来的两个，成功把我们镇轮了一遍。到处嗨，现在确诊。湖北省长万岁。,2565943232,3,resol_,362,181,m
4469756499592644,Sat Feb 08 18:07:36 +0800 2020,"早日康复<span class=""url-icon""><img alt=[给你小心心] src=""https://h5.sinaimg.cn/m/emoticon/icon/others/qixi2018_xiaoxinxin-afb8c6ea83.png"" style=""width:1em; height:1em;"" /></span>",5983623173,2,OO_Round,572,104871,f
4469756436722946,Sat Feb 08 18:07:21 +0800 2020,买了N95了,3816092086,1,Se猫游戏解说,30,558,m
4469756411131217,Sat Feb 08 18:07:15 +0800 2020,"早日康复<span class=""url-icon""><img alt=[心] src=""https://h5.sinaimg.cn/m/emoticon/icon/others/l_xin-6912791858.png"" style=""width:1em; height:1em;"" /></span><span class=""url-icon""><img alt=[心] src=""https://h5.sinaimg.cn/m/emoticon/icon/others/l_xin-6912791858.png"" style=""width:1em; height:1em;"" /></span>",7336249284,1,兔耳Isla,263,20250,f
4469756381988347,Sat Feb 08 18:07:08 +0800 2020,任重道远,6048000168,1,东平登协,238,338,m
4469756365100368,Sat Feb 08 18:07:04 +0800 2020,加油武汉,5904692859,3,不够正经的小二,313,2547,m
4469760773567125,Sat Feb 08 18:24:35 +0800 2020,"医用外科口罩 都没见过<span class=""url-icon""><img alt=[泪] src=""https://h5.sinaimg.cn/m/emoticon/icon/default/d_lei-1b4b02f8b1.png"" style=""width:1em; height:1em;"" /></span>等疫情过去了，我一定要囤一盒口罩",2645341257,1,霸道营养爱上我,330,553,f
4469860450832236,Sun Feb 09 01:00:39 +0800 2020,武汉红十字会调查了吗,1890972597,3,读书少女小吉_Anne,368,1082,f
4469832802540211,Sat Feb 08 23:10:48 +0800 2020,"没想到第一次上新闻是这样的方式<span class=""url-icon""><img alt=[二哈] src=""https://h5.sinaimg.cn/m/emoticon/icon/others/d_erha-0fecc90ac1.png"" style=""width:1em; height:1em;"" /></span><span class=""url-icon""><img alt=[二哈] src=""https://h5.sinaimg.cn/m/emoticon/icon/others/d_erha-0fecc90ac1.png"" style=""width:1em; height:1em;"" /></span><span class=""url-icon""><img alt=[二哈] src=""https://h5.sinaimg.cn/m/emoticon/icon/others/d_erha-0fecc90ac1.png"" style=""width:1em; height:1em;"" /></span>，火神山条件很好，医生护士都很负责",1342494222,1,胖虎是内拉,48,46,m
4469827072180886,Sat Feb 08 22:48:02 +0800 2020,我们辽宁五百多名医护人员刚刚出发了,5619327521,1,一个剧终一个人,100,61,m
4469827420999892,Sat Feb 08 22:49:25 +0800 2020,哪有什么岁月静好，只不过是有人替我们负重前行，正月十五阖家团圆的日子了，我们的英雄最美逆行雷神山,5619327521,数据缺失,一个剧终一个人,100,61,m
4469778746053058,Sat Feb 08 19:36:00 +0800 2020,感谢奋战在疫区一线的医务人员，人民警察，防疫人员，人民子弟兵，夜以继日工作的火，雷神山医院工程建设者，放弃休假连续加班的口罩厂员工！ 我们在过年，这群人在帮我们过关。隔离病毒，绝不是隔离爱。14亿人万众一心、众志成城，就没有我们过不去的坎！武汉加油！中国加油！,1939099823,2,与速哥同在,35,451,m
4469764846116485,Sat Feb 08 18:40:46 +0800 2020,加油加油加油！,6053875290,2,烫66,56,538,f
4469762032098900,Sat Feb 08 18:29:35 +0800 2020,一切正常以后，我想去武汉这个被众人瞩目的英雄城市！,5845425148,2,元气Gray,98,105,m
4469758512348751,Sat Feb 08 18:15:36 +0800 2020,加油，都会好的,7193689006,1,没有昵称了随便吧,241,1,m
4469757346187082,Sat Feb 08 18:10:58 +0800 2020,加油💪,2300595375,1,黑域网,224,47942,m
4469757321164647,Sat Feb 08 18:10:51 +0800 2020,希望一线医护人员保重！！！,1681634663,1,青岛老爹2013,43,90,m
4469757267164389,Sat Feb 08 18:10:38 +0800 2020,"医生护士和所有工作人员，你们辛苦了，向你们致以最崇高的敬意<span class=""url-icon""><img alt=[赞] src=""https://h5.sinaimg.cn/m/emoticon/icon/others/h_zan-e3d1e596da.png"" style=""width:1em; height:1em;"" /></span><span class=""url-icon""><img alt=[good] src=""https://h5.sinaimg.cn/m/emoticon/icon/others/h_good-644bcfa993.png"" style=""width:1em; height:1em;"" /></span><span class=""url-icon""><img alt=[鲜花] src=""https://h5.sinaimg.cn/m/emoticon/icon/others/w_xianhua-6efa26efdf.png"" style=""width:1em; height:1em;"" /></span><span class=""url-icon""><img alt=[鲜花] src=""https://h5.sinaimg.cn/m/emoticon/icon/others/w_xianhua-6efa26efdf.png"" style=""width:1em; height:1em;"" /></span><span class=""url-icon""><img alt=[鲜花] src=""https://h5.sinaimg.cn/m/emoticon/icon/others/w_xianhua-6efa26efdf.png"" style=""width:1em; height:1em;"" /></span>[加油]<span class=""url-icon""><img alt=[拳头] src=""https://h5.sinaimg.cn/m/emoticon/icon/others/h_quantou-0a4441543d.png"" style=""width:1em; height:1em;"" /></span>",5517240026,1,在各种悲喜交集处201502,204,23,m
4469756621079622,Sat Feb 08 18:08:05 +0800 2020,天佑武汉🙏中国加油！前线医护人员辛苦了,6001064483,1,你就不要睡了,255,117,m
4470548317292006,Mon Feb 10 22:34:00 +0800 2020,素材,1838266480,0,小溪吉祥,286,314,f
4469813592571374,Sat Feb 08 21:54:28 +0800 2020,加油加油加油,5841813811,0,听风借雨声,318,478,m
4469779005443499,Sat Feb 08 19:37:02 +0800 2020,请人民日报听听池莉的呼声。有多一个冠状病毒感染者出来，就多一次传播！,5576369001,0,听Anna讲故事,171,23,f
4469775457130884,Sat Feb 08 19:22:55 +0800 2020,武汉加油,7296147963,0,亚轩你好棒,370,1290,f
4469764732250141,Sat Feb 08 18:40:19 +0800 2020,"<span class=""url-icon""><img alt=[话筒] src=""https://h5.sinaimg.cn/m/emoticon/icon/others/o_huatong-a3c5f9bcc2.png"" style=""width:1em; height:1em;"" /></span><span class=""url-icon""><img alt=[话筒] src=""https://h5.sinaimg.cn/m/emoticon/icon/others/o_huatong-a3c5f9bcc2.png"" style=""width:1em; height:1em;"" /></span><span class=""url-icon""><img alt=[话筒] src=""https://h5.sinaimg.cn/m/emoticon/icon/others/o_huatong-a3c5f9bcc2.png"" style=""width:1em; height:1em;"" /></span>",6327004937,0,恋恋祝廖慧佳0415生日快乐,380,13605,f
4469763374265745,Sat Feb 08 18:34:55 +0800 2020,辛苦医疗团队,6811285345,0,守护北北的灯,28,1003,f
4469762656459848,Sat Feb 08 18:32:04 +0800 2020,会越来越好的[加油],5651520423,0,杨总的小鱼干,415,151,f
4469761129451633,Sat Feb 08 18:26:00 +0800 2020,"<span class=""url-icon""><img alt=[心] src=""https://h5.sinaimg.cn/m/emoticon/icon/others/l_xin-6912791858.png"" style=""width:1em; height:1em;"" /></span><span class=""url-icon""><img alt=[心] src=""https://h5.sinaimg.cn/m/emoticon/icon/others/l_xin-6912791858.png"" style=""width:1em; height:1em;"" /></span>",2693493493,0,世界第一初恋APPLE,71,173,f
4469758806435539,Sat Feb 08 18:16:46 +0800 2020,旁边小区有人住吗？,6257556389,0,昆西9596,155,78,f
4469757422356452,Sat Feb 08 18:11:16 +0800 2020,"火神山<span class=""url-icon""><img alt=[给力] src=""https://h5.sinaimg.cn/m/emoticon/icon/others/f_geili-7e99751314.png"" style=""width:1em; height:1em;"" /></span>",6876024706,0,等杯芊芊马卡龙,106,104,f
4469757354841434,Sat Feb 08 18:11:00 +0800 2020,唯美的画面,6759410351,0,旅行的小师妹,1882,1205354,f
4469757350898647,Sat Feb 08 18:10:59 +0800 2020,要吃汤圆儿哦！,6685169558,0,·蜜橘·,496,1138,f
4469756872833428,Sat Feb 08 18:09:05 +0800 2020,辛苦了,6296191563,0,桜潯,210,1753,f
4469756831088016,Sat Feb 08 18:08:55 +0800 2020,一线人员们辛苦了！,5829111024,0,Mily小神仙有小翅膀,128,17,f
4469756734526522,Sat Feb 08 18:08:32 +0800 2020,加油，早日渡过难关。❤,6215935999,0,炎小龙V,98,3797,m
4469756717051332,Sat Feb 08 18:08:27 +0800 2020,一定会越来越好的！,6899140149,0,眠月诗季,138,29,f
4469756511406363,Sat Feb 08 18:07:38 +0800 2020,疫消,5063681067,0,那一场金银珠宝,72,0,f
4469756469787212,Sat Feb 08 18:07:29 +0800 2020,国家真的很厉害 大家都辛苦了,7311472423,0,世界最好的七七,192,37,f
4469756415940788,Sat Feb 08 18:07:16 +0800 2020,"<span class=""url-icon""><img alt=[武汉加油] src=""https://h5.sinaimg.cn/m/emoticon/icon/others/cw_wuhanjiayou-0e0df8741a.png"" style=""width:1em; height:1em;"" /></span>",5868199309,0,puppet周,11,1236,m
4469756385884616,Sat Feb 08 18:07:09 +0800 2020,每个人心中，都会有一个古镇情怀，流水江南，烟笼人家。,2451837314,0,军事小王哥在线,2363,1063251,m
4470613475392589,Tue Feb 11 02:52:55 +0800 2020,1门口混凝土道路地面不平整，地面水泥浆未处理，上面还有脚印，行走极易滑倒！2裸土未覆盖、地面积水，晴天易起沙，灰尘多！3坡道通道窄，医疗床转弯半径明显不够，还要转两个弯！4室内外地面高差太大，医护人员推床太费力！5门口没有遮雨棚，下雨了怎么办，医护人员站雨里接病人吗？立即整改！,1418687703,0,之悦-Joy,40,50,m
4470097303778248,Sun Feb 09 16:41:50 +0800 2020,这患者看起来不像重症，火神山不是只收重症,2692703442,0,非烟桐,52,90,f
4470025840857960,Sun Feb 09 11:57:52 +0800 2020,我觉得地方政府的错可以慢慢调查、纠错，这些都不要紧。只希望武汉一线能快点好起来，国家政府很负责，他们也付出了很多，我感到很安心，这就足够了。,6488976480,0,赤坂Chicago,105,16,m
4469993922094075,Sun Feb 09 09:51:02 +0800 2020,"汉口医院医护用品因“不可抗力因素”被截了<span class=""url-icon""><img alt=[微笑] src=""https://h5.sinaimg.cn/m/emoticon/icon/default/d_hehe-039d0a6a8a.png"" style=""width:1em; height:1em;"" /></span>大家能帮忙的拜托帮帮忙吧<span class=""url-icon""><img alt=[允悲] src=""https://h5.sinaimg.cn/m/emoticon/icon/default/d_yunbei-9aa3c436a4.png"" style=""width:1em; height:1em;"" /></span>",5626428086,1,别叫他只举铁,890,186,f
4469988654068287,Sun Feb 09 09:30:05 +0800 2020,"平安出院呀<span class=""url-icon""><img alt=[心] src=""https://h5.sinaimg.cn/m/emoticon/icon/others/l_xin-6912791858.png"" style=""width:1em; height:1em;"" /></span>",7333516956,0,空青_Mallache,84,5,m
4469865786210603,Sun Feb 09 01:21:52 +0800 2020,加油[贊][贊][贊][贊],2612651991,0,水蓝色咖啡inTaiwan,364,1101,f
4469849524389851,Sun Feb 09 00:17:14 +0800 2020,[加油][加油],5441826784,0,Caiyuyy,100,149,f
4469841794822778,Sat Feb 08 23:46:31 +0800 2020,转发微博,2403513583,0,神罗地爆0,1461,252,m
4469823473500436,Sat Feb 08 22:33:44 +0800 2020,转发微博,5934229185,0,玉林反邪,214,1082,m
4469822551243648,Sat Feb 08 22:30:03 +0800 2020,激励,2207936365,0,wangkaiming1011,1504,149,m
4469805186404674,Sat Feb 08 21:21:04 +0800 2020,买不到口罩怎么办，也不能出门,6333690743,0,小鱼家的小星星,718,89,f
4469804532180618,Sat Feb 08 21:18:28 +0800 2020,元宵佳节，大连500多名医护人员包机驰援武汉，祝英雄们早日战“疫”成功，武汉加油，中国必胜！！！,1714232390,0,鱼肉卷丸子,492,747,f
4469799629469826,Sat Feb 08 20:58:59 +0800 2020,武汉加油，中国加油,6449110163,0,林又壹时,37,21,m
4469798169594853,Sat Feb 08 20:53:11 +0800 2020,加油！！中国,6165808272,0,所有问题最终都会回归到本质,257,1736,f
4469796911005452,Sat Feb 08 20:48:11 +0800 2020,真的希望越来越多还没问得到救助的病人能得到帮助。,3518633451,0,XXiao廖,211,114,f
4469785989265803,Sat Feb 08 20:04:46 +0800 2020,奋战在一线的所有人健康平安，元宵节快乐！,5129506386,0,大梦乡,64,312,m
4469783544218524,Sat Feb 08 19:55:04 +0800 2020,还有人在施工吗,6064833236,0,sweetie温妮,36,23,f
4469778594737412,Sat Feb 08 19:35:23 +0800 2020,Best wishes to my friends.,2423509777,0,更新酱,185,224,f
4469777361694715,Sat Feb 08 19:30:29 +0800 2020,是啊，超市员工们，每天遇到多少人啊，那么多顾客，领导政府应该再更改一下销售模式吧，不能每天直接接触这么多人啊！！,5744437609,0,chenHaoyun_,401,419,f
4469771213087148,Sat Feb 08 19:06:04 +0800 2020,加油吧(✪▽✪),7157907224,0,colourful雪儿,116,14,f
4469770243589566,Sat Feb 08 19:02:13 +0800 2020,转发微博,5934229185,0,玉林反邪,214,1082,m
4469769522886981,Sat Feb 08 18:59:21 +0800 2020,你们辛苦了,6441816317,0,就来看你1,94,48,f
4469769329707701,Sat Feb 08 18:58:35 +0800 2020,祝全国人民元宵节快乐 在一线工作的医生医护工作人员和参与建设医院的工人 你们辛苦了,6488455410,0,王守庆,281,378,m
4469768968575376,Sat Feb 08 18:57:08 +0800 2020,"<span class=""url-icon""><img alt=[good] src=""https://h5.sinaimg.cn/m/emoticon/icon/others/h_good-644bcfa993.png"" style=""width:1em; height:1em;"" /></span><span class=""url-icon""><img alt=[good] src=""https://h5.sinaimg.cn/m/emoticon/icon/others/h_good-644bcfa993.png"" style=""width:1em; height:1em;"" /></span><span class=""url-icon""><img alt=[good] src=""https://h5.sinaimg.cn/m/emoticon/icon/others/h_good-644bcfa993.png"" style=""width:1em; height:1em;"" /></span>",5251772763,0,心照不宣行远自迩,183,71,f
4469768449110315,Sat Feb 08 18:55:05 +0800 2020,便道咋没水泥倒上去，土路不好走吧！,3884529182,0,michelle-chang,146,30,f
4469770159898298,Sat Feb 08 19:01:52 +0800 2020,图纸没画吧,1984970854,数据缺失,追逐繁星啲孩子,527,243,m
4469768079960998,Sat Feb 08 18:53:36 +0800 2020,辛苦了,5080210944,0,Zhouhuanghuang,37,139,f
4469767253733584,Sat Feb 08 18:50:20 +0800 2020,所以火神山究竟已经建好了多少床位,3659447872,0,宇宙无敌茶x,151,217,m
4469767232674152,Sat Feb 08 18:50:15 +0800 2020,开这个救护车的司机也真不容易啊,1725994891,0,最旺的仔8888,382,268,m
4469766976370827,Sat Feb 08 18:49:14 +0800 2020,加油,5300072194,0,此情此景呵呵,922,1182,m
4469766964433458,Sat Feb 08 18:49:11 +0800 2020,加油,6013076112,0,六安6161,40,32,f
4469764716117859,Sat Feb 08 18:40:15 +0800 2020,致敬一线医护人员，辛苦了,2747115595,0,李明邦ing,50,61,m
4469764015551448,Sat Feb 08 18:37:28 +0800 2020,我们一定会战胜疫情的，中国加油!💪 💪 💪,5737449727,0,诗琦Blanche,177,59,f
4469763528794680,Sat Feb 08 18:35:32 +0800 2020,向人民的卫士致敬！深深地爱着这片土地，深深地爱着我们的祖国！谢谢为疫情而战的所有人！,5573873944,0,飏空与归,135,9,f
4469763159768424,Sat Feb 08 18:34:04 +0800 2020,加油,5729854055,0,北纬27度W,382,101,f
4469762740708445,Sat Feb 08 18:32:24 +0800 2020,愿疫情快快结束。患者康复出院🙏,3568236294,0,FengWO6,378,269,f
4469762262422705,Sat Feb 08 18:30:30 +0800 2020,"疫情过后再屯口罩<span class=""url-icon""><img alt=[doge] src=""https://h5.sinaimg.cn/m/emoticon/icon/others/d_doge-861403219c.png"" style=""width:1em; height:1em;"" /></span>",6512814709,0,一叶9997,101,3,f
4469760802756636,Sat Feb 08 18:24:42 +0800 2020,对面这小区心里得慌得一逼,7004872230,0,L_燕归来,49,5,f
4469810538745312,Sat Feb 08 21:42:20 +0800 2020,军运村，没有人住。,5137942898,数据缺失,小雨小雨淅淅沥沥,158,72,f
4469760496135463,Sat Feb 08 18:23:29 +0800 2020,会越来越好的,3304726963,0,是大敏儿呀,275,106,f
4469759808177000,Sat Feb 08 18:20:45 +0800 2020,转发微博,2011731475,0,张家三兄弟,1546,6872,m
4469759737793442,Sat Feb 08 18:20:27 +0800 2020,祝早日康复,1400490185,0,未曾读书,548,6372,m
4469759725168490,Sat Feb 08 18:20:24 +0800 2020,感谢旁边小区群众的理解，冬天终将过去！,7223227538,0,啦啦啦嗝卖报的小行家吖,24,144,m
4469758911469050,Sat Feb 08 18:17:11 +0800 2020,武汉回来的能自觉隔离或者去医院，我们都没意见，有的跑出来不自觉到处嚯嚯别人，武汉随州出来的老两口到我们这各种聚会，聚餐，打麻将，后来确诊了，气死我了😤,6075784280,1,花香入梦因琳近,69,35,f
4469758349042302,Sat Feb 08 18:14:57 +0800 2020,我就想问问如果上班被感染了属于工伤吗，公司里有70人左右，后天上班了！领导还组织开会，我们这些小的担忧啊！,1867908275,0,MN_吃土少女,270,403,f
4469783527937079,Sat Feb 08 19:55:00 +0800 2020,可是又很难证明是上班被感染,7245822898,数据缺失,珊妮谭珍珍,107,7,f
4469793082488933,Sat Feb 08 20:32:57 +0800 2020,回复<a href='/n/SNTU珊妮兔'>@SNTU珊妮兔</a>:不知道能不能举报，现在政府又没改新的日期说不能开工,1867908275,数据缺失,MN_吃土少女,270,403,f
4469758168878017,Sat Feb 08 18:14:14 +0800 2020,跟人家小区就隔着一片铁墙？？？？,5928305824,0,我总能看到墙外,53,91,f
4469762236619819,Sat Feb 08 18:30:23 +0800 2020,医院隔离病房里头负压，麻痹的，没有更合适的地方了，而且你看到的小区是他们临时征用的医务人员住的地方,3989848142,数据缺失,爸爸去哪儿了呢,223,1331,m
4469757825032112,Sat Feb 08 18:12:52 +0800 2020,隔壁的小区该多恐慌,3625803713,0,猫七姑娘____,247,473,f
4469757803770758,Sat Feb 08 18:12:47 +0800 2020,愿所有为武汉，为全国各地疫情奋战在一线的人都能平安～,6352320936,0,小小宇宙的你,611,84,f
4469757204163106,Sat Feb 08 18:10:23 +0800 2020,希望早日康复，一线工作人员也平平安安,1688072665,0,银河有软糖,241,338,f
4469756864505403,Sat Feb 08 18:09:03 +0800 2020,离住宅好近啊,5461869763,0,胖胖的小平安,159,74,f
4469756843363795,Sat Feb 08 18:08:57 +0800 2020,什么时候能入住满啊,1986771367,0,疯狂的安吉拉,430,331,f
4469756696243581,Sat Feb 08 18:08:23 +0800 2020,"一线工作者们辛苦了<span class=""url-icon""><img alt=[给你小心心] src=""https://h5.sinaimg.cn/m/emoticon/icon/others/qixi2018_xiaoxinxin-afb8c6ea83.png"" style=""width:1em; height:1em;"" /></span><span class=""url-icon""><img alt=[给你小心心] src=""https://h5.sinaimg.cn/m/emoticon/icon/others/qixi2018_xiaoxinxin-afb8c6ea83.png"" style=""width:1em; height:1em;"" /></span><span class=""url-icon""><img alt=[给你小心心] src=""https://h5.sinaimg.cn/m/emoticon/icon/others/qixi2018_xiaoxinxin-afb8c6ea83.png"" style=""width:1em; height:1em;"" /></span>",2959358355,0,来片番茄吗,569,1651,f
4469756612127067,Sat Feb 08 18:08:02 +0800 2020,关键时刻还是子弟兵冲锋在前,1868267283,0,KIM修心,832,532,m
4469756575048867,Sat Feb 08 18:07:54 +0800 2020,一只船孤独地航行在海上，它既不寻求幸福，也不逃避幸福。它只是向前航行，底下是沉静碧蓝的大海，而头顶是金色的太阳，将要直面的，与已成过往的，较之深埋于它内心的皆为微沫。,6503862586,0,拘束的梦想家,283,125,m
4469756562729787,Sat Feb 08 18:07:51 +0800 2020,武汉加油，中国加油！,2235504661,0,123段超,226,85,m
4469756540860731,Sat Feb 08 18:07:46 +0800 2020,军队？？？,6417231133,0,电风扇转不动了,149,358,m
4469756390696424,Sat Feb 08 18:07:10 +0800 2020,中国加油，武汉加油,6331860491,0,我一昕,174,121,f
4469756361236241,Sat Feb 08 18:07:03 +0800 2020,🙏🙏,5350160052,0,陶文聪同學,1205,299,m
4469756877047900,Sat Feb 08 18:09:06 +0800 2020,"怎么还有人穿的是手术服<span class=""url-icon""><img alt=[泪] src=""https://h5.sinaimg.cn/m/emoticon/icon/default/d_lei-1b4b02f8b1.png"" style=""width:1em; height:1em;"" /></span>",2313215344,0,赤名莉啵,674,1703,f
4469756440595253,Sat Feb 08 18:07:22 +0800 2020,🙏,5916350298,0,七鹿殿下,235,880,m
4494316317470367,Thu Apr 16 12:39:32 +0800 2020,等疫情过去了 我一定要买个N95 看看它到底长什么样,6476992386,0,左千e,28,2,m
4470079657687702,Sun Feb 09 15:31:43 +0800 2020,🐶官太多了，要严查啊,6653178255,1,茉茉·莉烘焙工作室,59,0,f
4469853668246323,Sun Feb 09 00:33:43 +0800 2020,解放军才可靠！,6776166520,0,古言股语,15,0,f
4469826212569327,Sat Feb 08 22:44:37 +0800 2020,中国的朋友们好，我来自马来西亚。 希望中国能赶快好起来 马来西亚华裔 跟你们站在一起。 武汉加油! 中国加油!!!💪💪💪,5702982260,0,mmrMrMr,7,2,m
4469821947159516,Sat Feb 08 22:27:40 +0800 2020,国家要求应收尽收多少天了，武汉各个区街道和指定医院就是收不了确诊肺炎患者，推皮球到发热门诊没治疗，在家等通知天天上报没结果，65岁以上中重症老人真是惨，危在旦夕。火神山雷神山启用转移了危重症，定点医院就是腾不出一个床位给老百姓，怎么收治分配病人完全没有透明公平机制效率可言。,6857781626,0,皮特V幻影,23,33,m
4469794688929021,Sat Feb 08 20:39:21 +0800 2020,"<span class=""url-icon""><img alt=[给你小心心] src=""https://h5.sinaimg.cn/m/emoticon/icon/others/qixi2018_xiaoxinxin-afb8c6ea83.png"" style=""width:1em; height:1em;"" /></span><span class=""url-icon""><img alt=[给你小心心] src=""https://h5.sinaimg.cn/m/emoticon/icon/others/qixi2018_xiaoxinxin-afb8c6ea83.png"" style=""width:1em; height:1em;"" /></span><span class=""url-icon""><img alt=[给你小心心] src=""https://h5.sinaimg.cn/m/emoticon/icon/others/qixi2018_xiaoxinxin-afb8c6ea83.png"" style=""width:1em; height:1em;"" /></span>",6014288815,0,幽雅_34380,13,36,f
4469784710389607,Sat Feb 08 19:59:42 +0800 2020,辛苦了,7284917067,0,微笑的面对生活35717,105,10,m
4469776111976708,Sat Feb 08 19:25:32 +0800 2020,赶紧好起来吧武汉,6290145323,0,教什么名字好呢,5,4,f
4469771318085965,Sat Feb 08 19:06:29 +0800 2020,加油,7308292433,0,法兰酱,395,8,m
4469760815602918,Sat Feb 08 18:24:45 +0800 2020,加油,6989943951,0,starlight-晗,22,316,m
4469758864720616,Sat Feb 08 18:16:59 +0800 2020,"<span class=""url-icon""><img alt=[给你小心心] src=""https://h5.sinaimg.cn/m/emoticon/icon/others/qixi2018_xiaoxinxin-afb8c6ea83.png"" style=""width:1em; height:1em;"" /></span><span class=""url-icon""><img alt=[给你小心心] src=""https://h5.sinaimg.cn/m/emoticon/icon/others/qixi2018_xiaoxinxin-afb8c6ea83.png"" style=""width:1em; height:1em;"" /></span><span class=""url-icon""><img alt=[给你小心心] src=""https://h5.sinaimg.cn/m/emoticon/icon/others/qixi2018_xiaoxinxin-afb8c6ea83.png"" style=""width:1em; height:1em;"" /></span>",6014288815,0,幽雅_34380,13,36,f
4469757237563120,Sat Feb 08 18:10:32 +0800 2020,贵州新冠肺炎发病少，与其多雨的气候有关，常言＂天无三日晴＂雨水破坏气溶胶，建议武汉实行人工降雨。,2504240843,0,微型花园,157,128,f
4469756424072746,Sat Feb 08 18:07:18 +0800 2020,愿世界充满爱。,5900713620,1,请你抽雾霾呀,7,193,m
4469969636697810,Sun Feb 09 08:14:32 +0800 2020,所以的医护人员一定要平安,7380964877,0,天秤座王果果,205,96,f
4469948690842442,Sun Feb 09 06:51:17 +0800 2020,火神送温暖 爱心动人间……,5818560135,0,一骑飞雪,956,2167,m
4469913593246879,Sun Feb 09 04:31:49 +0800 2020,回复<a href='/n/性为艺术bo'>@性为艺术bo</a>:虽然你的名字比较奇葩，但说的还是人话。,1257942655,0,偶是拜仁球迷,327,494,m
4469796496714868,Sat Feb 08 20:46:32 +0800 2020,"几千万个云监工这下没得监了<span class=""url-icon""><img alt=[允悲] src=""https://h5.sinaimg.cn/m/emoticon/icon/default/d_yunbei-9aa3c436a4.png"" style=""width:1em; height:1em;"" /></span>",2988435980,0,二逼的生活最近多,344,56,f
4469788388588226,Sat Feb 08 20:14:19 +0800 2020,"书上没讲的，这场战疫看到了，也感受到了，什么叫竭尽全力？！敬佩你<span class=""url-icon""><img alt=[心] src=""https://h5.sinaimg.cn/m/emoticon/icon/others/l_xin-6912791858.png"" style=""width:1em; height:1em;"" /></span><span class=""url-icon""><img alt=[中国赞] src=""https://h5.sinaimg.cn/m/emoticon/icon/others/d_chnlike-2c6f482dac.png"" style=""width:1em; height:1em;"" /></span>",6861551882,1,许昌爱心群,894,576,f
4469780273135627,Sat Feb 08 19:42:04 +0800 2020,全国都是呆在家里，整天都是卧室客厅厨房厕所一日游，我不想有这样的旅游了。。。,6123087585,1,已欠费的智商,1063,236,f
4469775109550167,Sat Feb 08 19:21:32 +0800 2020,加油加油！会好起来的！,3708404275,0,酸奶不想睡,418,1235,f
4469772446244063,Sat Feb 08 19:10:57 +0800 2020,//<a href='/n/北岛哥哥'>@北岛哥哥</a>:其实我真的觉得国家已经做的很好了。几千个亿免费给治疗 不需要你花一分钱  每天不重样的给医护和病患搭配三餐   全国加一起已经开除700多个 监督不到位的🐶官  还有很多为人民做事的 我们本来什么忙都帮不上 这个时候就不要再跟风起哄， 给国家添乱了。,3153392224,0,稻牌轮椅,2456,2047,m
4469772387143207,Sat Feb 08 19:10:44 +0800 2020,//<a href='/n/贺奇'>@贺奇</a>:冲在最前面的永远是医护人员，你永远不知道口罩后面藏着多少恐惧与疲惫，但是他们是救死扶伤的医生，为了对得起他们的称号他们必须假装云淡风轻的冲在最前面。因为他的患者他的国家需要他们。我只是希望不要寒了医护人员的心。最后也向守在政府机关单位和每个社区和村口的平民英雄致敬。,3153392224,0,稻牌轮椅,2456,2047,m
4469772336880683,Sat Feb 08 19:10:32 +0800 2020,//<a href='/n/与孙先生异地恋的倒数呀'>@与孙先生异地恋的倒数呀</a>:今天已经是正月十五了，祝愿所有一线医务人员、政府机关人员、社区和村口等防疫人员，元宵节快乐！你们拼命守护着每座城市辛苦了！目前最想看到的一条新闻：新型冠状病毒成功得到控制，再无人员感染，保护好自己和家人，我们共渡难关！中国加油！🇨🇳,3153392224,0,稻牌轮椅,2456,2047,m
4469762891703827,Sat Feb 08 18:33:00 +0800 2020,雾霾这么大我都没带过口罩，等疫情过去了，我先屯1000个口罩，我都计划好了：100个N95，400个KN95，500个一次性医疗口罩。,2623980461,1,喜爱手乱摸,48,573,m
4469761113403265,Sat Feb 08 18:25:55 +0800 2020,武汉加油,5506300230,0,通山找对象,462,585,m
4469759053252750,Sat Feb 08 18:17:45 +0800 2020,前一个14天是打鬼子，很明确谁是鬼子；现在新的14天是抓特务，根本就不知道谁是特务，万一被特务盯上就麻烦了。所以现在出门更危险了，要求更严格了，宁可裤子坐破，也决不出门闯祸。,6355628501,0,玩社群用群脉,11,5,m
4469758755545966,Sat Feb 08 18:16:34 +0800 2020,我们的祖国好伟大，我们的人民好崇高，危难之时，才能彰显出一个民族不屈不挠的拼搏精神，关键时刻才能彰显出一个民族强大的凝聚力！,7387162514,1,金丝楠木1920,53,0,f
4469758394767020,Sat Feb 08 18:15:08 +0800 2020,"疫情什么时候能结束啊<span class=""url-icon""><img alt=[晕] src=""https://h5.sinaimg.cn/m/emoticon/icon/default/d_yun-8746541994.png"" style=""width:1em; height:1em;"" /></span><span class=""url-icon""><img alt=[晕] src=""https://h5.sinaimg.cn/m/emoticon/icon/default/d_yun-8746541994.png"" style=""width:1em; height:1em;"" /></span><span class=""url-icon""><img alt=[晕] src=""https://h5.sinaimg.cn/m/emoticon/icon/default/d_yun-8746541994.png"" style=""width:1em; height:1em;"" /></span>",1901606913,0,NOForget微笑,327,159,f
4469757094427917,Sat Feb 08 18:09:57 +0800 2020,把下辈子吧,6469521616,0,Lucky欧皇,1919,169,f
4469756725696685,Sat Feb 08 18:08:30 +0800 2020,中国加油！,5730107354,1,都曾拥有过梦,387,233,m
4469756495639867,Sat Feb 08 18:07:34 +0800 2020,<a href='/n/麻瓜女孩丶'>@麻瓜女孩丶</a>: 其实我真的觉得国家已经做的很好了。几千个亿免费给治疗 不需要你花一分钱  每天不重样的给医护和病患搭配三餐   还有很多为人民做事的 我们本来什么忙都帮不上 这个时候就不要再跟风起哄 给国家添乱了,6424219660,1,麻瓜女孩丶,133,61,f
