﻿4464695551391940,Sat Jan 25 18:57:12 +0800 2020,万众一心，很快就会过去！,3164327023,63,拥有梦想的种花兔,261,49,f
4464695245192496,Sat Jan 25 18:55:58 +0800 2020,做得好！,5667778948,57,人生有一成果足矣,234,32,m
4464695173573590,Sat Jan 25 18:55:42 +0800 2020,"国企担当<span class=""url-icon""><img alt=[good] src=""https://h5.sinaimg.cn/m/emoticon/icon/others/h_good-644bcfa993.png"" style=""width:1em; height:1em;"" /></span>",2428985841,52,今天我无聊了吗,469,137,f
4464695308286960,Sat Jan 25 18:56:14 +0800 2020,武汉加油！！！兄弟们得扛住啊。,6896839664,26,幺幺幺12138,24,0,f
4464731849327491,Sat Jan 25 21:21:25 +0800 2020,医务工作者你们辛苦了,3046636982,90,HANXIAOBAO1985,127,51,m
4464731756664867,Sat Jan 25 21:21:04 +0800 2020,顺境逆境，不论荣辱，都愿意与我所爱的城市站在一起，与你们一起。,5160718452,89,不敢在这取名字,264,162,m
