﻿4464018758135946,Thu Jan 23 22:07:51 +0800 2020,你们要平安啊[加油][加油],6228599558,97,俣亦凡旁边那个亻,1405,12146,f
4464018858961792,Thu Jan 23 22:08:16 +0800 2020,注意身体！！中国一直在,5774592979,79,颖颖小战的小婊贝,342,60,f
4464018804980445,Thu Jan 23 22:08:02 +0800 2020,"加油啊！平安回来！<span class=""url-icon""><img alt=[爱你] src=""https://h5.sinaimg.cn/m/emoticon/icon/default/d_aini-4a23c0524a.png"" style=""width:1em; height:1em;"" /></span><span class=""url-icon""><img alt=[爱你] src=""https://h5.sinaimg.cn/m/emoticon/icon/default/d_aini-4a23c0524a.png"" style=""width:1em; height:1em;"" /></span>",6793929413,65,时时留心呀,215,55,m
4464018859511881,Thu Jan 23 22:08:16 +0800 2020,好好,6470995616,23,BrianOcanar,54,39,m
4464018795794819,Thu Jan 23 22:08:01 +0800 2020,别再增了别再增了别再增了别再增了别再增了别再增了别再增了别再增了别再增了别再增了别再增了别再增了别再增了别再增了别再增了别再增了别再增了别再增了别再增了别再增了别再增了别再增了别再增了别再增了别再增了别再增了别再增了别再增了别再增了别再增了,5888878461,17,啊思要开心呀,33,15,f
4464025502914423,Thu Jan 23 22:34:40 +0800 2020,向那些奔赴在前线的医务人员和工作人员致敬，辛苦了,2955852687,13,伊哇酱,166,661,f
4464025511694871,Thu Jan 23 22:34:41 +0800 2020,希望每一个医护人员在救助别人的同时，也可以保护好自己,5635996151,9,这是另一个小朋友哦,113,30,m
4464025561232111,Thu Jan 23 22:34:54 +0800 2020,一定要平平安安,6251425647,7,噼里啪啦碰笑嘻嘻,131,15,f
4464025423725988,Thu Jan 23 22:34:21 +0800 2020,希望所有医护人员平平安安的回家过个好年🙏🙏🙏,6737617163,7,张温暖今天又快乐了,66,43,f
4464025414786237,Thu Jan 23 22:34:19 +0800 2020,一定要注意身体，向奋战在一线的护士致敬。,6877026480,4,蓝胖妞69939,591,167,f
4464018670475179,Thu Jan 23 22:07:31 +0800 2020,"加油<span class=""url-icon""><img alt=[话筒] src=""https://h5.sinaimg.cn/m/emoticon/icon/others/o_huatong-a3c5f9bcc2.png"" style=""width:1em; height:1em;"" /></span>",5340110269,3,芜湖好网友,66,622,m
