﻿4467280203209991,Sat Feb 01 22:07:41 +0800 2020,"中央纪委国家监委：对失职渎职挪用救援款物坚决调查处理！<span class=""url-icon""><img alt=[怒] src=""https://h5.sinaimg.cn/m/emoticon/icon/default/d_nu-54e54e160b.png"" style=""width:1em; height:1em;"" /></span>】对不担当、不作为、乱作为，推诿扯皮、消极应付等形式主义官僚主义问题，严肃查处、推动整改；对在疫情防控工作中失职渎职、挪用救援款物等违纪违法问题，坚决依纪依法调查处理",1198951411,441,仗剑走天涯之山东人,9731,114900,m
4467280434151105,Sat Feb 01 22:08:35 +0800 2020,"追责之前是否应该先把一线医生所需物资送达到位呢？<span class=""url-icon""><img alt=[微笑] src=""https://h5.sinaimg.cn/m/emoticon/icon/default/d_hehe-039d0a6a8a.png"" style=""width:1em; height:1em;"" /></span>等着救命啊",6880784779,341,今天想吃麻辣烫啊啊,332,70,f
4467280198706339,Sat Feb 01 22:07:40 +0800 2020,必须查！,5543686982,94,oMar5th,381,240,f
4467282422148561,Sat Feb 01 22:16:29 +0800 2020,必须查，查到底,2104491321,67,eva飘飘,353,109,f
4467280135779655,Sat Feb 01 22:07:25 +0800 2020,武汉加油！,6148177354,30,木茗烊,384,173,f
4467280362458734,Sat Feb 01 22:08:19 +0800 2020,坐等,3840415192,31,桃夭不放弃,307,321,m
4467280148940303,Sat Feb 01 22:07:27 +0800 2020,"wow<span class=""url-icon""><img alt=[doge] src=""https://h5.sinaimg.cn/m/emoticon/icon/others/d_doge-861403219c.png"" style=""width:1em; height:1em;"" /></span>",5856589767,9,孩子气的神www,325,15,f
4467280698024500,Sat Feb 01 22:09:38 +0800 2020,应让他们在本分上记得“在其位，谋其政”,7251910566,18,好孩子66513,13,0,m
