﻿4466416352384226,Thu Jan 30 12:55:03 +0800 2020,"国企担当<span class=""url-icon""><img alt=[good] src=""https://h5.sinaimg.cn/m/emoticon/icon/others/h_good-644bcfa993.png"" style=""width:1em; height:1em;"" /></span>",2112509750,68,HACM_林,55,657,m
4466416336067349,Thu Jan 30 12:54:59 +0800 2020,"快点好起来吧<span class=""url-icon""><img alt=[悲伤] src=""https://h5.sinaimg.cn/m/emoticon/icon/default/d_beishang-f8d6de06c8.png"" style=""width:1em; height:1em;"" /></span><span class=""url-icon""><img alt=[悲伤] src=""https://h5.sinaimg.cn/m/emoticon/icon/default/d_beishang-f8d6de06c8.png"" style=""width:1em; height:1em;"" /></span><span class=""url-icon""><img alt=[悲伤] src=""https://h5.sinaimg.cn/m/emoticon/icon/default/d_beishang-f8d6de06c8.png"" style=""width:1em; height:1em;"" /></span>",7025226468,59,油葱饼的天真,216,10,f
4466419095366587,Thu Jan 30 13:05:57 +0800 2020,我们一定要相信我们的祖国，一定可以度过这次的疫情,6784913517,34,火星弟弟是地球的哈哈,237,470,f
4466416059501735,Thu Jan 30 12:53:53 +0800 2020,敢开评论吗,1751914783,41,xk8310,398,236,f
4466415996003492,Thu Jan 30 12:53:38 +0800 2020,病毒追人咬，你能往哪逃？  是谁不学好，逼我躲猫猫？,3149076640,21,小闪客姚翔,53,1208,m
4466418806887260,Thu Jan 30 13:04:48 +0800 2020,在这样的情况下，我们越是要团结起来一起加油,6517473116,8,岚裳nn,404,526,f
4466418835805441,Thu Jan 30 13:04:55 +0800 2020,"真的是太感动了，捐了这么多钱<span class=""url-icon""><img alt=[good] src=""https://h5.sinaimg.cn/m/emoticon/icon/others/h_good-644bcfa993.png"" style=""width:1em; height:1em;"" /></span><span class=""url-icon""><img alt=[good] src=""https://h5.sinaimg.cn/m/emoticon/icon/others/h_good-644bcfa993.png"" style=""width:1em; height:1em;"" /></span>干的great",6155017253,5,阿离的小团子,671,632,f
4466418756093364,Thu Jan 30 13:04:36 +0800 2020,希望大家都要加油，我们一起度过这个难关[加油][加油],3856700161,6,碎碎念的李少女,495,416,f
4466419871404386,Thu Jan 30 13:09:02 +0800 2020,武汉加油！！一定可以挺过去的🙏🙏🙏🙏,6561236806,5,我会忘了你慧华,1739,511,f
4466417149410680,Thu Jan 30 12:58:12 +0800 2020,嗯,6489598685,9,星阑夜语时,65,12,m
4466419637081217,Thu Jan 30 13:08:06 +0800 2020,中铁真的是闷声干大事的企业呀,6562574868,8,桃桃多胖胖,519,338,f
4466420605697779,Thu Jan 30 13:11:57 +0800 2020,"越来越多的企业都在捐助钱物给武汉，一定能打赢<span class=""url-icon""><img alt=[鲜花] src=""https://h5.sinaimg.cn/m/emoticon/icon/others/w_xianhua-6efa26efdf.png"" style=""width:1em; height:1em;"" /></span><span class=""url-icon""><img alt=[鲜花] src=""https://h5.sinaimg.cn/m/emoticon/icon/others/w_xianhua-6efa26efdf.png"" style=""width:1em; height:1em;"" /></span>",7300755437,4,今天不打烊LL,500,463,m
4466418386918435,Thu Jan 30 13:03:08 +0800 2020,希望我们能够早日战胜这场没有硝烟的战争。,6329143967,3,草莓味的Man,360,16,f
4466419603081226,Thu Jan 30 13:07:58 +0800 2020,捐了这么多可谓是有心❤️ ，为这样的担当和大气点赞,6155017252,3,我们都是小清新呐,759,632,f
4466420723581486,Thu Jan 30 13:12:25 +0800 2020,有钱出钱有力出力大家同心协力一定可以的！,7008253686,2,喜欢汉服的小姑凉,251,590,f
4466422791287644,Thu Jan 30 13:20:38 +0800 2020,个大企业都对武汉援助了，武汉要快点好起来,5738283319,1,超级无敌小仙女佩琦,1632,433,f
4466421297613915,Thu Jan 30 13:14:42 +0800 2020,国企担当！🙏在这么多人的帮助下，武汉这个宝贝一定会好起来的,7210654131,1,猪猪佩琦嗯,1304,120,f
4466418944615312,Thu Jan 30 13:05:21 +0800 2020,眼罩一定要带上大家一起加油一定会过去的,6973010771,2,今冰火,504,371,f
4466416294250321,Thu Jan 30 12:54:49 +0800 2020,"<a  href=""https://m.weibo.cn/search?containerid=231522type%3D1%26t%3D10%26q%3D%23%E6%96%B0%E5%9E%8B%E5%86%A0%E7%8A%B6%E7%97%85%E6%AF%92%E6%84%9F%E6%9F%93%E8%82%BA%E7%82%8E%23&extparam=%23%E6%96%B0%E5%9E%8B%E5%86%A0%E7%8A%B6%E7%97%85%E6%AF%92%E6%84%9F%E6%9F%93%E8%82%BA%E7%82%8E%23"" data-hide=""""><span class=""surl-text"">#新型冠状病毒感染肺炎#</span></a>众志成城、严控疫情、早日康复、再创辉煌【最高法有关诉讼服务和接访场所暂时关闭】最高人民法院30日发布通告，即日起，最高人民法院本部、第一、第二、第三、第四、第五、第六巡回法庭和知识产权法庭诉讼服务和群众来访接待场所暂时关闭，恢复接待时间视疫情形势变化另行通知。",1823406507,4,信托周刊,408,111245,f
4466422283951213,Thu Jan 30 13:18:36 +0800 2020,中铁真是个好企业！！这个必须给个赞,7210631172,0,认真搬砖的小猪,1318,111,f
4466421922594222,Thu Jan 30 13:17:11 +0800 2020,"现在最紧缺的就是医疗物资了，很多企业开足了马力<span class=""url-icon""><img alt=[爱你] src=""https://h5.sinaimg.cn/m/emoticon/icon/default/d_aini-4a23c0524a.png"" style=""width:1em; height:1em;"" /></span><span class=""url-icon""><img alt=[爱你] src=""https://h5.sinaimg.cn/m/emoticon/icon/default/d_aini-4a23c0524a.png"" style=""width:1em; height:1em;"" /></span>",6039826802,0,范特西喜欢晴天,648,555,m
4466421167519306,Thu Jan 30 13:14:11 +0800 2020,相信我们的祖国能够很快地度过这次的疫情的,6519120363,0,莹颖盈zy,297,497,f
4466420874466348,Thu Jan 30 13:13:00 +0800 2020,看到我们祖国如此团结，真的很欣慰啊！,6533442272,1,蓝莓味的茜哥,658,1027,m
4466420488098609,Thu Jan 30 13:11:28 +0800 2020,国企做出了表率，向你们点赞，你们是最可爱的人😊,6745230751,1,澈为,758,417,f
4466420055892350,Thu Jan 30 13:09:45 +0800 2020,物资比钱重要吧，医院不缺钱缺物资,2242563244,0,56Ruri,184,409,f
4466418567461657,Thu Jan 30 13:03:50 +0800 2020,中铁厉害了，不忘初心牢记使命,6973663416,1,第一粉粉原理,430,320,f
4466418374604401,Thu Jan 30 13:03:05 +0800 2020,真的是全国上下一条心都献出自己的一份力量，为祖国为武汉加油💪,6645268262,1,枝子音音,688,158,f
4466418273520113,Thu Jan 30 13:02:41 +0800 2020,所以我们在家呆着节省点资源给前线吧,5830741065,0,法考必过dddddd,678,404,f
4466419901132767,Thu Jan 30 13:09:09 +0800 2020,"我感觉现在只要人人献出一点爱其实病毒并不可怕<span class=""url-icon""><img alt=[心] src=""https://h5.sinaimg.cn/m/emoticon/icon/others/l_xin-6912791858.png"" style=""width:1em; height:1em;"" /></span><span class=""url-icon""><img alt=[心] src=""https://h5.sinaimg.cn/m/emoticon/icon/others/l_xin-6912791858.png"" style=""width:1em; height:1em;"" /></span><span class=""url-icon""><img alt=[心] src=""https://h5.sinaimg.cn/m/emoticon/icon/others/l_xin-6912791858.png"" style=""width:1em; height:1em;"" /></span>",6486281727,2,大哥讨厌吃榴莲,475,177,m
4466419519841799,Thu Jan 30 13:07:37 +0800 2020,"捐款的无论多少都是爱的一种表现是正能量加油<span class=""url-icon""><img alt=[心] src=""https://h5.sinaimg.cn/m/emoticon/icon/others/l_xin-6912791858.png"" style=""width:1em; height:1em;"" /></span><span class=""url-icon""><img alt=[心] src=""https://h5.sinaimg.cn/m/emoticon/icon/others/l_xin-6912791858.png"" style=""width:1em; height:1em;"" /></span>",6893579666,2,迪迪不吃鱼,462,71,m
4466424481198416,Thu Jan 30 13:27:21 +0800 2020,13亿中国人捐赠,6758680590,0,撒悠噜啦类,218,200,m
4466422501513382,Thu Jan 30 13:19:28 +0800 2020,真的太棒了，我们一定可以胜利的，加油加油！,5019541537,0,永爱我麦Angel,411,741,f
4466422308158816,Thu Jan 30 13:18:43 +0800 2020,不愧为大国企业，中国中铁为这次抗击疫情做出了很大的贡献，你们的贡献太及时啦！,5447430442,0,如果可以是天才,556,73,m
4466421666673381,Thu Jan 30 13:16:10 +0800 2020,特别感谢这些企业的捐赠，一定会好起来的,7299544099,0,爱探险的小刀,413,69,m
4466421205638188,Thu Jan 30 13:14:19 +0800 2020,你这钱直接给需要帮助的人和家庭，给没有钱治病的人们不好吗？,1182316924,0,别惹事儿了,576,264,m
4466420287234964,Thu Jan 30 13:10:41 +0800 2020,希望好消息快点来，我们一定可以胜利的！,6436095412,0,AAAyuAngel,726,874,f
4466420076946604,Thu Jan 30 13:09:51 +0800 2020,感谢所有的捐款，大家能帮一点是一点，相信我们国家，一定可以打败这次病毒。,7244401395,1,可爱的瓜瓜思宇,91,20,m
4466419703821966,Thu Jan 30 13:08:21 +0800 2020,真的是全国上下拧成一条绳，在关注武汉疫情，武汉加油，中国加油💪,6588753561,1,刘明喻,250,21,f
4466419242770162,Thu Jan 30 13:06:32 +0800 2020,请问华南海鲜市场的余氏家族和官商勾结问题什么时候处理?,1993477513,0,行知在心,146,137,m
4466418906995929,Thu Jan 30 13:05:12 +0800 2020,中国中铁很棒啊我就喜欢你们这个样子,5821852974,1,P克切,80,25,f
4466418768624578,Thu Jan 30 13:04:39 +0800 2020,还是老老实实的呆在家不要出门吧  中国加油,5399270650,0,mm别偷我的甜,447,51,f
4466418722674721,Thu Jan 30 13:04:28 +0800 2020,好多企业都在捐赠，他们都是好心人呀,2843791590,0,Zhao2806,493,746,m
4466418605342275,Thu Jan 30 13:04:00 +0800 2020,现在是一方有难八方支援，而我们也要尽自己的能力去捐助。,7133505089,1,黎曼-积分,598,561,f
4466418340923711,Thu Jan 30 13:02:56 +0800 2020,众人拾柴火焰高，大家一起抗击疫情！,6400415117,1,我的昵称是何叔,182,126,m
4466417473036292,Thu Jan 30 12:59:30 +0800 2020,谢谢爱心企业和人士，国难当前，众志成城！,5462391624,1,元宝妹妹701,340,53,f
4466421642022276,Thu Jan 30 13:16:03 +0800 2020,中铁真的是太赞了，必须点一个赞啊！,6644097793,0,可乐不加冰淇淋蛋糕,662,566,f
4466421113754534,Thu Jan 30 13:13:58 +0800 2020,"这么多的心意，相信我们一定能打赢这场狙击战<span class=""url-icon""><img alt=[鲜花] src=""https://h5.sinaimg.cn/m/emoticon/icon/others/w_xianhua-6efa26efdf.png"" style=""width:1em; height:1em;"" /></span><span class=""url-icon""><img alt=[鲜花] src=""https://h5.sinaimg.cn/m/emoticon/icon/others/w_xianhua-6efa26efdf.png"" style=""width:1em; height:1em;"" /></span>",2437114527,0,西特影视汇,1011,652,m
4466420413364975,Thu Jan 30 13:11:11 +0800 2020,"国企好样的，但是红十字会值得信任吗？<span class=""url-icon""><img alt=[疑问] src=""https://h5.sinaimg.cn/m/emoticon/icon/default/d_yiwen-40a816d206.png"" style=""width:1em; height:1em;"" /></span>",5241549488,0,咯娜路ottoman,156,57,f
4466419938509425,Thu Jan 30 13:09:17 +0800 2020,在我们中国人共同努力下，我们一定会取得胜利的。,3864622319,0,小椰奶梦,427,36,f
4466419293316406,Thu Jan 30 13:06:43 +0800 2020,"为中铁打call，真可谓是国企中的典范<span class=""url-icon""><img alt=[good] src=""https://h5.sinaimg.cn/m/emoticon/icon/others/h_good-644bcfa993.png"" style=""width:1em; height:1em;"" /></span><span class=""url-icon""><img alt=[good] src=""https://h5.sinaimg.cn/m/emoticon/icon/others/h_good-644bcfa993.png"" style=""width:1em; height:1em;"" /></span>",5869625608,1,magicGH,97,62,f
4466419243066415,Thu Jan 30 13:06:31 +0800 2020,国企真的很棒 捐款真的特别救人无水火中 特殊时期 真的对他们疫区很重要,7012082423,1,兔子酱爱睡觉,149,342,f
4466419230447545,Thu Jan 30 13:06:29 +0800 2020,武汉加油，全国人民加油，我们一定会迎来胜利的。,7264955106,1,程哥哥的仙女baby,302,6,f
4466418752162168,Thu Jan 30 13:04:34 +0800 2020,中国企业真的让人感动，希望疫情快点控制住，大家都好起来,3197529524,1,喵喵的夏时梦长啊,199,1172,f
4466418651668791,Thu Jan 30 13:04:11 +0800 2020,相信我们一定能够打赢这场防疫战，全国人民加油。,5935806086,1,wsn草莓姑娘,143,59,f
4466418588171536,Thu Jan 30 13:03:55 +0800 2020,谢谢你们的热心支持，这场战役我们一定会胜利。,7068382903,0,天下帅哥是一家吖,343,41,f
4466418483537267,Thu Jan 30 13:03:31 +0800 2020,我们现在能做的就是呆在家里面，不添乱,5997977576,0,森虞yy,763,637,f
4466418344820589,Thu Jan 30 13:02:58 +0800 2020,全国都在以不同的方式支持着祖国！加油。,5221399214,0,JMMyyyy,476,709,m
4466418256462306,Thu Jan 30 13:02:37 +0800 2020,希望大家都能为这次贡献出自己的力量,5829106077,0,猫七姑娘zyzn,608,1084,m
4466418139037101,Thu Jan 30 13:02:09 +0800 2020,中铁真的是特别棒 这样可以缓解疫情的经济需求 棒,3564351497,0,王糯米会发光,514,367,f
4466417812231324,Thu Jan 30 13:00:51 +0800 2020,希望能赶紧好起来，现在连出门都不敢出,6558254020,0,胡同小巷鸭,560,955,m
4466422212373869,Thu Jan 30 13:18:20 +0800 2020,现在一有物资，应该首先向武汉输送，确保武汉物资供应的上。,6749690118,0,钟情唯硕baby,290,83,f
4466422078251778,Thu Jan 30 13:17:48 +0800 2020,一定要快点好起来啊，疫情一定要控制好，中国加油,6901562038,0,小熊呢2002,128,44,m
4466420924859264,Thu Jan 30 13:13:13 +0800 2020,在现在武汉物资非常急缺的时候，中铁能够做出这样的反应，真的很不错。,6748749672,0,小锐锐的小向向,320,122,m
4466420841183877,Thu Jan 30 13:12:52 +0800 2020,中国铁路局的识大体顾大局的态度值得表扬的。,7336182021,0,笑看天下哈,590,66,m
4466420617855394,Thu Jan 30 13:12:00 +0800 2020,众志成城，一起加油，冲！！一定会成功的,6763747869,0,十八岁的天空yes,149,103,f
4466420420816254,Thu Jan 30 13:11:13 +0800 2020,中国一定要赶紧好起来，因为这个事情年过的都不开心,6468261390,0,被虞书欣蛊到了,610,159,f
4466420018498993,Thu Jan 30 13:09:37 +0800 2020,一方有难八方支援！太棒了，一起努力对抗,6081492707,0,冲浪雪儿,173,322,m
4466419733296875,Thu Jan 30 13:08:29 +0800 2020,中国各铁路局做出的贡献有目共睹，为这次抗击疫情做出了贡献。,7336177735,0,老鹰展翅666,590,21,f
4466419524057083,Thu Jan 30 13:07:39 +0800 2020,物资充足一定会好的！！我相信，全国各地一起众志成城,6763744303,0,小可爱最可爱yeah,175,124,f
4466419519416679,Thu Jan 30 13:07:37 +0800 2020,现在就希望能够快点的好起来[加油][加油][加油][加油],5882615153,0,予你Gypsophila,394,45,m
4466419200366029,Thu Jan 30 13:06:22 +0800 2020,每个人都是一份力量谢谢你这个大力量,5281199624,0,花心乌龙院,403,57,f
4466419037318523,Thu Jan 30 13:05:43 +0800 2020,现在这个危急时刻，正是需要各方各界支援的时候。,7018608158,0,冠逸家小甜心,186,5,f
4466418911205893,Thu Jan 30 13:05:13 +0800 2020,每天都在祈祷疫情能早日过去！中国中铁好样的！,6140029940,0,悠悠space3,403,37,f
4466419397965432,Thu Jan 30 13:07:09 +0800 2020,希望大家都尽量呆在家里面，不要出去乱跑一起加油,6569972692,1,西蓝花之谜,740,623,f
4466421947967137,Thu Jan 30 13:17:17 +0800 2020,国企做的很棒，希望众志成城可以打败病毒🦠,6428765321,0,亚米离鹿,178,183,m
4466425366590571,Thu Jan 30 13:30:51 +0800 2020,一批批的捐款，一批批的物资都送到了重疫区，相信我们很快就要胜利了。,7264965034,1,新一海棠,882,146,f
4466419280389421,Thu Jan 30 13:06:41 +0800 2020,国企真的很优秀了，谢谢你们相信这场战役我们一定能赢。,7336385535,0,韶光是我啊,213,74,m
4466417678502568,Thu Jan 30 13:00:19 +0800 2020,如果感觉不舒服的时候就一定要去医院看一看了，保护好身边的人,5280026295,0,L周科科,417,149,f
4466424162429527,Thu Jan 30 13:26:05 +0800 2020,我们都会加油的,6776317786,0,我赦免一切的人,150,96,f
4466424158052221,Thu Jan 30 13:26:04 +0800 2020,飞沫传染速度真的太快了，必须得时刻注意安全啊,5243515805,0,LNXOMN_,552,76,m
4466423617502167,Thu Jan 30 13:23:54 +0800 2020,我们一定要团结起来,5990940846,0,摇摆小古,221,132,f
4466422157950087,Thu Jan 30 13:18:07 +0800 2020,快点好起来啊,6730774054,0,小猪妹妹lemno,179,100,f
4466421113756192,Thu Jan 30 13:13:58 +0800 2020,我们这些普通人能够做的也就是好好待在家里面吧,6651583379,0,柠檬的柠aa,503,826,m
4466420576013962,Thu Jan 30 13:11:49 +0800 2020,真的是一方有难八方支援，相信一定会过去的,7110657753,0,贺贺的小猴子q,485,580,f
4466420450279922,Thu Jan 30 13:11:20 +0800 2020,"加油只要我们团结一心，就一定会好起来的<span class=""url-icon""><img alt=[嘻嘻] src=""https://h5.sinaimg.cn/m/emoticon/icon/default/d_xixi-813ededea2.png"" style=""width:1em; height:1em;"" /></span><span class=""url-icon""><img alt=[嘻嘻] src=""https://h5.sinaimg.cn/m/emoticon/icon/default/d_xixi-813ededea2.png"" style=""width:1em; height:1em;"" /></span><span class=""url-icon""><img alt=[嘻嘻] src=""https://h5.sinaimg.cn/m/emoticon/icon/default/d_xixi-813ededea2.png"" style=""width:1em; height:1em;"" /></span>",6871037716,0,小豆丁嚒,391,133,f
4466420358545298,Thu Jan 30 13:10:58 +0800 2020,现在只要我们每一个人，都做好措施，保护自己和他人，一定会好的,7111818930,0,咬一口可爱多丫,104,220,m
4466420194869960,Thu Jan 30 13:10:19 +0800 2020,"真的是好样的呢，相信这个疫情很快就会过去的<span class=""url-icon""><img alt=[嘻嘻] src=""https://h5.sinaimg.cn/m/emoticon/icon/default/d_xixi-813ededea2.png"" style=""width:1em; height:1em;"" /></span><span class=""url-icon""><img alt=[嘻嘻] src=""https://h5.sinaimg.cn/m/emoticon/icon/default/d_xixi-813ededea2.png"" style=""width:1em; height:1em;"" /></span>",7317129014,0,小可爱没人爱的,287,77,f
4466419800087258,Thu Jan 30 13:08:45 +0800 2020,真的是好样的呢，从中就能体现出这些都是良心企业啊,6306416626,0,啦啦汐汐,561,28,f
4466419721107696,Thu Jan 30 13:08:25 +0800 2020,感谢为疫情捐款的中国中铁！加油武汉！加油广州！,2692913991,0,敢猪横跨撒哈拉,486,70,f
4466418794269878,Thu Jan 30 13:04:45 +0800 2020,"这是国企吧，挺好的，做得非常的棒[加油]<span class=""url-icon""><img alt=[赞] src=""https://h5.sinaimg.cn/m/emoticon/icon/others/h_zan-e3d1e596da.png"" style=""width:1em; height:1em;"" /></span>",5547239121,0,人间朝暮-Littleluck-,485,79,f
4466418738842091,Thu Jan 30 13:04:32 +0800 2020,一起克服困难啊大家一起加油中国最棒！,6490636448,0,菜菜小垃圾,209,379,m
4466418626062599,Thu Jan 30 13:04:05 +0800 2020,大家一定要万众一心，团结一致度过困难。,6850569826,0,呦呦的大太阳,86,91,f
4466418513010492,Thu Jan 30 13:03:38 +0800 2020,中国加油大家一起努力克服这次困难！,5686032192,0,今天减肥了八,209,116,f
4466418408015013,Thu Jan 30 13:03:12 +0800 2020,这几天一定要照顾好身边的人也不要让家人出去了，好好呆在家里吧！,6576257372,0,S陈等等的小宝贝,263,258,m
4466418285939652,Thu Jan 30 13:02:44 +0800 2020,这个时候如果身边的人有一点不舒服，一定要劝她去医院检查。,6850562832,0,美腻的小丹丹,101,64,f
4466418000852056,Thu Jan 30 13:01:36 +0800 2020,我们平常一定要多注意卫生呀，然后好好的不要出去玩了,6574257682,0,W刘南南,410,103,f
4466417950617725,Thu Jan 30 13:01:24 +0800 2020,希望这个疫情可以尽快的得到控制，现在真的是人心惶惶。,5782435951,0,孙可爱呀呀呀呀呀呀,157,105,f
