﻿4471958332399532,Fri Feb 14 19:56:54 +0800 2020,有道理，不要光盯着慈善组织，捐赠人和被捐赠人也要监督一下。,7317041137,157,狠人儿,1015,53861,m
4471958210811227,Fri Feb 14 19:56:25 +0800 2020,这政策属于查漏补缺吧，很好,6611332214,119,火神跟雷神倒闭了么,126,10,f
4471962862704951,Fri Feb 14 20:14:54 +0800 2020,就是为了治理那些借捐赠名义逃税漏税的不法分子,5953478584,121,爱恨无由丶,107,2,m
4471965610006305,Fri Feb 14 20:25:48 +0800 2020,说的很透彻，让我明白了，这样是最好的,7081931441,39,小丸子的小团子哇咔咔,193,261,f
4471962564546664,Fri Feb 14 20:13:43 +0800 2020,嗯,3057520813,12,西门_佳人,502,437,m
4471965073011985,Fri Feb 14 20:23:41 +0800 2020,真的感谢那些默默为我们付出的人，我相信很快就好起来的,6992119990,15,吃成大猪头了呢,207,110,m
4471964997132786,Fri Feb 14 20:23:23 +0800 2020,真的希望所有捐赠的物资款项都能落到实处,7196456488,9,琪琪是小魔女,311,209,f
4471964271698497,Fri Feb 14 20:20:30 +0800 2020,现在物资这么紧张 捐赠的款物千万不要再积压了,7231434482,7,长歌怀采薇1,278,95,f
4471964527806868,Fri Feb 14 20:21:31 +0800 2020,一定会好好遵守的，大家一起加油,7118481384,4,小朱要暴富鸭,943,315,f
4471965647269822,Fri Feb 14 20:25:58 +0800 2020,所有的善良的人都在行动 但是也希望物尽其用,6786939114,4,一碗甜豆腐脑,694,127,f
4471965677150880,Fri Feb 14 20:26:05 +0800 2020,希望捐赠的款物都能得到合理的分配 不要被挪为他用了,5584665915,5,咕咕咕鸽鸽咕,255,65,f
4471964854998140,Fri Feb 14 20:22:49 +0800 2020,相信一定会更完善不断的发现问题并且解决问题,5330231916,2,追梦的豆花,701,138,m
4471964934596560,Fri Feb 14 20:23:08 +0800 2020,能不能把之前捐献的物资分发出去呀,6592025595,2,瓜呱瓜呱瓜呱,1027,173,m
4471964540781986,Fri Feb 14 20:21:33 +0800 2020,救援物资一定要第一时间发到一线人员的手中的,5284911658,2,2019爱哭的小猪,579,223,m
4471965609385217,Fri Feb 14 20:25:49 +0800 2020,尽我们的所能去支援武汉，希望快一点好起来,7121696473,1,咖喱小鱼丸miss,443,261,f
4471964632827528,Fri Feb 14 20:21:55 +0800 2020,"希望捐款的爱心人士们能直接把物资送到一线<span class=""url-icon""><img alt=[鼓掌] src=""https://h5.sinaimg.cn/m/emoticon/icon/default/d_guzhang-a35dfd4d70.png"" style=""width:1em; height:1em;"" /></span>",6062307192,0,会飞的西红柿牛腩,476,4492,f
4471958454440213,Fri Feb 14 19:57:23 +0800 2020,"嗯嗯嗯，就是这样<span class=""url-icon""><img alt=[赞] src=""https://h5.sinaimg.cn/m/emoticon/icon/others/h_zan-e3d1e596da.png"" style=""width:1em; height:1em;"" /></span>",5774357462,0,小珞先生,388,232,m
4471958286565629,Fri Feb 14 19:56:42 +0800 2020,哦,7074566246,0,一一·华裔先生,861,29846,m
4471964611780469,Fri Feb 14 20:21:51 +0800 2020,"跟着党和国家的脚步走绝对没错<span class=""url-icon""><img alt=[赞] src=""https://h5.sinaimg.cn/m/emoticon/icon/others/h_zan-e3d1e596da.png"" style=""width:1em; height:1em;"" /></span>",7273031509,0,Happy王可人,262,27,f
4471965673224246,Fri Feb 14 20:26:04 +0800 2020,"第一时间将捐赠物资送到疫情防控工作一线<span class=""url-icon""><img alt=[good] src=""https://h5.sinaimg.cn/m/emoticon/icon/others/h_good-644bcfa993.png"" style=""width:1em; height:1em;"" /></span>",6484434080,0,Lynsi林恕,405,74,f
4471964863419192,Fri Feb 14 20:22:51 +0800 2020,真的是考验人心的时候到了。中国加油，武汉加油！,7124739219,0,紫了葡萄ly,410,242,f
4471964796175241,Fri Feb 14 20:22:35 +0800 2020,万众一心一定很快战胜疫情中国最棒,6528553345,0,是你的小七叭,159,111,m
4471964531711026,Fri Feb 14 20:21:32 +0800 2020,捐款这些人真的是很伟大的真的值得敬佩,6571809636,0,poisonwdx,211,153,m
4471964402344644,Fri Feb 14 20:21:01 +0800 2020,这个时候我们就老老实实的，不要做一些过分的事情,7120772866,0,满目山河gy,433,260,f
4471962280109432,Fri Feb 14 20:12:35 +0800 2020,也不知道这样的政策能不能落实到位,5016088066,4,小狐狸的小骆驼,62,7,m
4471965315768693,Fri Feb 14 20:24:39 +0800 2020,武汉仁爱老板 左手到红会过右手  名利双收 是不是这意思？,5489764887,6,等一个大神,108,331,m
4471965316473548,Fri Feb 14 20:24:39 +0800 2020,一定要严惩这些红十字会和慈善机构真的是太过分了。,6850569826,0,呦呦的大太阳,86,91,f
4471965312547894,Fri Feb 14 20:24:37 +0800 2020,希望以后没有医闹，没有恶意伤医，大家多体谅体谅医生，护士,5342613047,2,-熊CC,671,355,m
4471964829272044,Fri Feb 14 20:22:43 +0800 2020,封一座城，护一国人，没有被禁锢的城，只有离不开的爱！武汉加油！湖北加油！中国加油！致敬英雄，平安健康，凯旋归来！,7132406439,0,醉笔写秋风,405,217,m
4471964758661648,Fri Feb 14 20:22:26 +0800 2020,他们都是我们华夏的英雄儿女，当之无愧的明星,5407076693,1,慢了个拍O,484,333,m
4471964594859203,Fri Feb 14 20:21:46 +0800 2020,必须对物资进行严格把关，相信疫情会胜利的过去的👍👍,6070881273,0,喜欢鸭脖的小赞,1068,301,f
4471964544344762,Fri Feb 14 20:21:35 +0800 2020,希望能够落实到位。这政策真的很好！支持,5677709014,0,张张努力呀,264,34,f
4471964464595254,Fri Feb 14 20:21:16 +0800 2020,希望我们可以早日战胜疫情呀中国加油,5686032192,0,今天减肥了八,209,116,f
4471964385397178,Fri Feb 14 20:20:57 +0800 2020,"希望我们所有的家长都能得到合理的分配。 <a data-url=""http://t.cn/A6htbad6"" href=""https://wx4.sinaimg.cn/large/b10c1bc2ly1gbw3x5bzj1j206o06ojrm.jpg"" data-hide=""""><span class='url-icon'><img style='width: 1rem;height: 1rem' src='https://h5.sinaimg.cn/upload/2015/01/21/20/timeline_card_small_photo_default.png'></span><span class=""surl-text"">评论配图</span></a>",5737302115,0,付小雨Y,103,67,f
4471964196181799,Fri Feb 14 20:20:12 +0800 2020,一定会慢慢好起来的呢早日战胜疫情,6490636448,1,菜菜小垃圾,209,379,m
