﻿4463920519878052,Thu Jan 23 15:37:30 +0800 2020,"武汉加油！！一定可以！<span class=""url-icon""><img alt=[心] src=""https://h5.sinaimg.cn/m/emoticon/icon/others/l_xin-6912791858.png"" style=""width:1em; height:1em;"" /></span>",7359254755,54,易安小草莓,61,0,f
4463919781796892,Thu Jan 23 15:34:34 +0800 2020,士兵 : 前方有两个人 肉眼不能确定是否被感染 请上级指示 军长 : 射杀吧 ---- 《釜山行》,5761781915,35,范德彪钓,564,73,f
4463920061874580,Thu Jan 23 15:35:41 +0800 2020,武汉加油！等疫情过去，我们一起看樱花🌸！,5198680145,37,_Jessica_Sue,97,434,f
4463922411144625,Thu Jan 23 15:45:01 +0800 2020,"支援武汉，我们在一起<span class=""url-icon""><img alt=[拳头] src=""https://h5.sinaimg.cn/m/emoticon/icon/others/h_quantou-0a4441543d.png"" style=""width:1em; height:1em;"" /></span>",1358639244,15,苏玮,336,1013,f
4463920838751592,Thu Jan 23 15:38:46 +0800 2020,做好防护！保护自己，同时也保护了他人！,1682725431,12,见证复兴PYL,96,64,m
4463919827770631,Thu Jan 23 15:34:45 +0800 2020,武汉加油！全国在背后帮你们,6334175577,9,TFBOYS的女孩a,486,75,f
4463919718928840,Thu Jan 23 15:34:19 +0800 2020,公共交通停了，医护人员上班怎么解决,2836112045,6,扁舟泛5湖,974,238,m
4463921274252269,Thu Jan 23 15:40:29 +0800 2020,重点是物质紧缺！,2242754912,4,卖它萌2333,2365,2324,f
4463921249631049,Thu Jan 23 15:40:24 +0800 2020,供经过西医专家教授治疗无效的武汉患者参考！ 如果已经得了武汉肺炎患者。 银翘散加人参败毒散。二个药方合在一起煮！ 二者合方对传染疾病效果神效。 如果服用合方效果不好。可以另外加服中成药紫金锭。 如果被西药教授治疗武汉肺炎无效，走投无路后，可以试用这个治疗方案。请转发扩散！,5454979837,0,晨林雾阳,233,197,m
4463919806723458,Thu Jan 23 15:34:39 +0800 2020,武汉加油！,2422726550,0,referredU,29,1192,f
4463919672340018,Thu Jan 23 15:34:08 +0800 2020,武汉加油,6484010744,0,胡yhhhhhhh,166,15,f
4463922637387175,Thu Jan 23 15:45:55 +0800 2020,中国人一定行。,1624414374,3,michael_february,50,351,m
