﻿4465092609114312,Sun Jan 26 21:14:58 +0800 2020,感谢社会各界的捐赠，虽然有些医务人员无法使用，但是还是非常感动,6914443791,16,我自己呀_,695,595,f
4465092789355349,Sun Jan 26 21:15:40 +0800 2020,标准都看好，要不有那个好心，运过去用不了,5123313045,7,Ym灬云梦,500,458,m
4465092324113598,Sun Jan 26 21:13:50 +0800 2020,希望过两天物资什么都到位了 治疗方案也出来了 一切都能好起来,5336653998,4,小寿司卷Yue,859,518,f
4465091502100453,Sun Jan 26 21:10:34 +0800 2020,如果捐赠了没有用的东西，也是不值得的，大家在捐赠之前可以自行先查一下,7010372705,2,肤白貌美的如花,536,378,f
4465092785156389,Sun Jan 26 21:15:40 +0800 2020,一,2876132694,0,熊猫咪酱,288,101,f
4465091821083280,Sun Jan 26 21:11:49 +0800 2020,捐赠物品可一定看好标准，要不太浪费,3896618303,0,山竹猫爪爪,622,368,f
4465092403558748,Sun Jan 26 21:14:09 +0800 2020,一定要加油啊，我们一定可以扛过去吧,6023602736,0,今夜南風起-,323,216,m
4465091691107948,Sun Jan 26 21:11:19 +0800 2020,尽量送符合标准的医疗器械 不然派不上用场啊,6780921847,0,马赛克1800,717,115,m
4465091632177636,Sun Jan 26 21:11:05 +0800 2020,转发微博,5028104457,0,安馨3021曾佳萍,1004,427373,f
4465091422395167,Sun Jan 26 21:10:15 +0800 2020,医用口罩医用物资都要好好利用 医务人员辛苦了[加油][加油][加油],6897853124,0,姿为朵,614,682,f
4465092239865592,Sun Jan 26 21:13:30 +0800 2020,一定不能掉以轻心，这个真的太重要了,7016075889,0,今天要加油呀2,143,273,f
4465091657100180,Sun Jan 26 21:11:11 +0800 2020,真的希望疫情能够控制住，相信大家，加油,2381304667,0,草莓蛋糕xxxxxxxx,499,298,f
4465091414303611,Sun Jan 26 21:10:13 +0800 2020,目前前线非常的缺少物资呢，我也要贡献出自己的一份力量,7337909422,0,梦耀新君,244,95,f
4465093251228405,Sun Jan 26 21:17:31 +0800 2020,虽然捐赠不了真正需要的，但是都是大家的一片心意，还是要感谢社会,6314712964,0,要安稳咦,1044,594,f
4465092819451658,Sun Jan 26 21:15:48 +0800 2020,"其实我现在看了这些标准，也不是很懂<span class=""url-icon""><img alt=[悲伤] src=""https://h5.sinaimg.cn/m/emoticon/icon/default/d_beishang-f8d6de06c8.png"" style=""width:1em; height:1em;"" /></span><span class=""url-icon""><img alt=[悲伤] src=""https://h5.sinaimg.cn/m/emoticon/icon/default/d_beishang-f8d6de06c8.png"" style=""width:1em; height:1em;"" /></span>也只是想尽一份自己的力量",6086514241,0,孝牙套妹Aimee,846,244,f
4465092231750462,Sun Jan 26 21:13:28 +0800 2020,大家很多人都不懂标准之类的，捐赠的东西就需要二次分类，其实可以大家提前把标准发出来的,6575975722,1,子文超甜,1128,529,f
4465092131632785,Sun Jan 26 21:13:04 +0800 2020,希望病情早日得到控制吧，真的是辛苦白衣天使们了,7317129014,1,小可爱没人爱的,287,77,f
4465091916964352,Sun Jan 26 21:12:13 +0800 2020,"还是非常感谢这些捐赠者的，非常的感谢你们<span class=""url-icon""><img alt=[心] src=""https://h5.sinaimg.cn/m/emoticon/icon/others/l_xin-6912791858.png"" style=""width:1em; height:1em;"" /></span><span class=""url-icon""><img alt=[心] src=""https://h5.sinaimg.cn/m/emoticon/icon/others/l_xin-6912791858.png"" style=""width:1em; height:1em;"" /></span>",6871037716,1,小豆丁嚒,391,133,f
4465091766623577,Sun Jan 26 21:11:36 +0800 2020,不管怎么样还是要谢谢社会各界的捐赠,6573995553,1,炸毛徐x,1129,681,f
4465091665349144,Sun Jan 26 21:11:13 +0800 2020,武汉加油💪，你一定会挺过去的，春天在向你招手,6306416626,0,啦啦汐汐,561,28,f
