﻿4464035648907110,Thu Jan 23 23:14:59 +0800 2020,武汉加油，一定要挺住呀！,6000950124,84,凉雨今天又凉了,89,29,f
4464035259460601,Thu Jan 23 23:13:26 +0800 2020,"已截图发朋友圈<span class=""url-icon""><img alt=[作揖] src=""https://h5.sinaimg.cn/m/emoticon/icon/others/h_zuoyi-cb12e18fd5.png"" style=""width:1em; height:1em;"" /></span>",5887734592,66,吃野味的人biss,92,110,f
4464035070587838,Thu Jan 23 23:12:41 +0800 2020,加油,5518826934,54,六月克村,309,198,m
4464035284095934,Thu Jan 23 23:13:32 +0800 2020,武汉加油💪,2185294963,25,影响力湖北,1916,358,f
4464035468604725,Thu Jan 23 23:14:15 +0800 2020,医护人员加油,6512211175,15,小菩提小小,77,101,m
4464040388433546,Thu Jan 23 23:33:48 +0800 2020,加油。全国人民都在关注你们。一定会好的,7304108936,10,小鱼遇到大海,554,59,f
4464035266857806,Thu Jan 23 23:13:27 +0800 2020,"<a  href=""https://m.weibo.cn/search?containerid=231522type%3D1%26t%3D10%26q%3D%23%E6%AD%A6%E6%B1%89%E5%8A%A0%E6%B2%B9%23"" data-hide=""""><span class=""surl-text"">#武汉加油#</span></a>",6377813883,4,深圳视窗,1564,250073,f
4464039763276158,Thu Jan 23 23:31:20 +0800 2020,"这种时候大家一定要团结一致，武汉加油！<span class=""url-icon""><img alt=[心] src=""https://h5.sinaimg.cn/m/emoticon/icon/others/l_xin-6912791858.png"" style=""width:1em; height:1em;"" /></span>",5379681456,5,V张三疯_,216,67,f
4464040640595612,Thu Jan 23 23:34:49 +0800 2020,希望大家能够一起帮助武汉早日渡过难关。,7214182116,1,粒狸粒狸狸,199,68,f
4464040430242890,Thu Jan 23 23:33:59 +0800 2020,中国加油武汉加油！相信我们一定可以,5584665915,2,咕咕咕鸽鸽咕,255,65,f
4464039855643150,Thu Jan 23 23:31:42 +0800 2020,武汉加油武汉加油武汉加油武汉加油！天佑中华，一定会很快就好的！,7135359486,1,十三十三十一,732,104,m
4464040498133987,Thu Jan 23 23:34:15 +0800 2020,希望有能力的人能够多多捐赠一下，帮助武汉度过难关。,6877003250,3,甜度与酒窝,56,15,f
4464039965399114,Thu Jan 23 23:32:07 +0800 2020,大家一定要一起挺过来啊，一定会越来越好的,6670320533,2,抹茶皮肤殷实权,375,231,f
4464040115699028,Thu Jan 23 23:32:44 +0800 2020,大家行动起来，帮助武汉人吧！他们很不容易！,6570126705,2,铜锣烧铜锣,581,53,f
4464040477067285,Thu Jan 23 23:34:10 +0800 2020,武汉加油！大家一起行动起来！团结就是力量,7192614139,2,红烧茄子贼好吃_,239,91,f
4464040179243852,Thu Jan 23 23:32:58 +0800 2020,武汉人民加油！各位医护人员加油！你们辛苦了,6022131999,2,糖霜兀,522,55,f
4464039956471973,Thu Jan 23 23:32:05 +0800 2020,一方有难八方支援，大家一定能共度难关的[加油][加油][加油],6044770597,1,不酷却爱笑丶,442,33,f
4464039508059126,Thu Jan 23 23:30:19 +0800 2020,武汉加油！中国加油！我们一起挺过去！,6623833020,0,相逢人海,436,37,f
4464040481122807,Thu Jan 23 23:34:11 +0800 2020,让我们一起帮助武汉，武汉加油啊,7276803127,1,应该有趣和可爱,170,17,f
4464040170723535,Thu Jan 23 23:32:57 +0800 2020,武汉加油,5523453079,0,魏夫人陈,235,356,f
4464039851472398,Thu Jan 23 23:31:41 +0800 2020,这时候就需要大家的力量了，大家一起行动起来,5440669666,0,小白兔炖萝卜丶,672,80,f
4464035007220948,Thu Jan 23 23:12:26 +0800 2020,武汉加油！,6050839121,0,JackhaoChen,0,183,m
4464040421818667,Thu Jan 23 23:33:57 +0800 2020,谢谢各位捐赠物资的人啊，一定会好起来的,6670321826,0,奶油松塔味的你,372,235,f
4464039750937200,Thu Jan 23 23:31:17 +0800 2020,武汉加油啊，一定要挺住，我们等你们好消息,6663895214,1,爱吃小辣椒呀,35,285,f
4464039570611993,Thu Jan 23 23:30:34 +0800 2020,相信我们一定能够挺过这个难关 加油,7231434482,0,长歌怀采薇1,278,95,f
4464039448730332,Thu Jan 23 23:30:04 +0800 2020,武汉加油 全国人民都是你们坚强的后盾！,7196456488,0,琪琪是小魔女,311,209,f
4464039608262535,Thu Jan 23 23:30:43 +0800 2020,"还有湖北的其他城市！！！要关注！！<span class=""url-icon""><img alt=[拳头] src=""https://h5.sinaimg.cn/m/emoticon/icon/others/h_quantou-0a4441543d.png"" style=""width:1em; height:1em;"" /></span><span class=""url-icon""><img alt=[拳头] src=""https://h5.sinaimg.cn/m/emoticon/icon/others/h_quantou-0a4441543d.png"" style=""width:1em; height:1em;"" /></span>",3737432572,1,pz604,657,244,f
4464039897777681,Thu Jan 23 23:31:52 +0800 2020,武汉加油！让我们一起加油，熬过这个难关,6499922271,0,广州张子枫姐,303,14,f
4464039851424612,Thu Jan 23 23:31:40 +0800 2020,"加油武汉<span class=""url-icon""><img alt=[haha] src=""https://h5.sinaimg.cn/m/emoticon/icon/others/h_haha-62cacecd90.png"" style=""width:1em; height:1em;"" /></span>",6422754692,0,Cu妮妮可可儿,328,565,f
4464039851885621,Thu Jan 23 23:31:41 +0800 2020,武汉加油,6704174269,0,走掉的猪,536,360,f
4464039805410389,Thu Jan 23 23:31:30 +0800 2020,希望大家帮忙武汉啊，一起为武汉为我们同胞加油,2689654192,0,叽斯,78,15,f
4464039696168131,Thu Jan 23 23:31:04 +0800 2020,这次全中国都要团结起来啊，加油吧,2694299483,0,奶糖味窝窝头,201,122,f
4464039536909982,Thu Jan 23 23:30:26 +0800 2020,希望大家都好好的，今年过个好年。,2338276817,0,怀抱糖炒栗子,175,28,f
4464040527350914,Thu Jan 23 23:34:21 +0800 2020,疫情防控还需继续努力，希望都可以平平安安,3435865954,1,迷鹿的笑容,124,102,f
4464040363442194,Thu Jan 23 23:33:43 +0800 2020,一定可以坚持过去的,6730774054,0,小猪妹妹lemno,179,100,f
4464040254429765,Thu Jan 23 23:33:16 +0800 2020,武汉加油一定可以挺过去的,5990940846,0,摇摆小古,221,132,f
4464040128380995,Thu Jan 23 23:32:47 +0800 2020,一定要挺住啊,6776317786,0,我赦免一切的人,150,96,f
4464039491470931,Thu Jan 23 23:30:15 +0800 2020,好的我们这次一定要一起共渡难关啊,3772008572,1,旺仔味喔喔奶糖,106,975,m
