﻿4467151434253678,Sat Feb 01 13:36:00 +0800 2020,现在最紧急的就是前方很需要物资！加快速度吧！！！！！,2867272420,190,桃汽森林,66,2754,f
4467151261701916,Sat Feb 01 13:35:19 +0800 2020,赶紧改。时间不等人。,1171133520,145,此刻梦幻岛,3575,750,f
4467151471330170,Sat Feb 01 13:36:09 +0800 2020,疫情就是命令，请深刻领会！,6400415117,116,我的昵称是何叔,182,126,m
4467154684912920,Sat Feb 01 13:48:55 +0800 2020,我们关心的不是接收多少，而是你派发多少到医院，多少到有需要的人手上,5583449489,107,v52771,39,68,m
4467153753492188,Sat Feb 01 13:45:13 +0800 2020,关键是调哪里去去了,5933919448,62,奔跑的五花肉am,143,413,m
4467156777931541,Sat Feb 01 13:57:14 +0800 2020,物资那么紧缺，我们已经要最大程度地使用，不要浪费,5476493971,21,伐小叽,422,271,m
4467156916227858,Sat Feb 01 13:57:47 +0800 2020,这些东西一定要赶紧送到需要的医院呢！,7326736507,16,憨憨的啦,144,12,f
4467156714048246,Sat Feb 01 13:56:58 +0800 2020,希望能早些及时的供所需物资，国家需要一定要及时的给予,6262061409,13,水煮蛋白的豆子,158,84,m
4467158245542235,Sat Feb 01 14:03:04 +0800 2020,"快点调度吧～需求不等人啊<span class=""url-icon""><img alt=[可怜] src=""https://h5.sinaimg.cn/m/emoticon/icon/default/d_kelian-3e00ccdc26.png"" style=""width:1em; height:1em;"" /></span>，大家一起加油",7118033959,11,魏无羡哇咔咔,574,54,f
4467158052242117,Sat Feb 01 14:02:17 +0800 2020,希望物资都能优先给到医护人员，他们太辛苦了,6575551590,11,包装袋装,123,76,m
4467157498871507,Sat Feb 01 14:00:06 +0800 2020,不要伤了捐赠者的心,2101228755,11,宸华妈咪,36,65,f
4467156672562903,Sat Feb 01 13:56:49 +0800 2020,疫情面前，人人都担心，互相体谅,6317751617,5,车尧仐,361,131,f
4467158232418540,Sat Feb 01 14:03:01 +0800 2020,请列明细,2684135141,7,nightwish开学打怪升级ing,169,282,f
4467158061405113,Sat Feb 01 14:02:20 +0800 2020,关键时刻委以重托，就应担当尽责！,1039798071,4,思乡的思,147,571,m
4467157498608708,Sat Feb 01 14:00:06 +0800 2020,现在物资非常紧缺，希望能尽快有多点口罩供应,6854858931,3,叶向荣XR,137,36,m
4467157439824069,Sat Feb 01 13:59:52 +0800 2020,送到需要的地方去,2812074213,2,侃子倪,276,88,m
4467153912677067,Sat Feb 01 13:45:51 +0800 2020,立马改进啊,5912626298,7,F_urTruelov,795,971,f
4467158338011647,Sat Feb 01 14:03:26 +0800 2020,这次难关我们一定能度过的，因为我们都是中国人,6620475767,2,锁定你的眼,115,56,m
4467156723246465,Sat Feb 01 13:57:01 +0800 2020,这个问题得及时处理，不能拖,6330804875,4,一个可爱的宝贝啦,505,93,f
4467158261863644,Sat Feb 01 14:03:08 +0800 2020,现在前线正在战斗，我们后方的物资一定要到位,1903372473,2,林翠华XR,708,596,f
4467157427574210,Sat Feb 01 13:59:49 +0800 2020,这个问题必须及时处理，拖不得,6389491609,3,可爱的一个恣恣,426,121,m
4467156550782003,Sat Feb 01 13:56:20 +0800 2020,前方很需要物资，希望加快速度,6643932312,2,大力woman,173,20,f
4467156558890937,Sat Feb 01 13:56:21 +0800 2020,"我们一定要努力供应好前方所需要的物资，让他们安心！<span class=""url-icon""><img alt=[good] src=""https://h5.sinaimg.cn/m/emoticon/icon/others/h_good-644bcfa993.png"" style=""width:1em; height:1em;"" /></span><span class=""url-icon""><img alt=[good] src=""https://h5.sinaimg.cn/m/emoticon/icon/others/h_good-644bcfa993.png"" style=""width:1em; height:1em;"" /></span>",6579058908,1,赵小懒猪dl,17,9,f
4467157452825047,Sat Feb 01 13:59:54 +0800 2020,加油加油，我们一定要打赢这场战争呀！,5809772212,1,吟风飘扬哟,365,151,f
4467157439955199,Sat Feb 01 13:59:51 +0800 2020,最主要是要确保每一个物质到最需要的地方,6837117149,2,雅婷哎呀呀,587,19,f
4467156899112674,Sat Feb 01 13:57:43 +0800 2020,希望能够有更多的物资运往武汉参与救援,6303333458,3,如影随形呀1,602,22,f
4467156811324775,Sat Feb 01 13:57:22 +0800 2020,希望赶紧改进，也希望公开透明的处理物资,6976753136,4,啊南699,103,25,f
4467156605963939,Sat Feb 01 13:56:32 +0800 2020,希望我们尽快可以度过这次难关，我们一定会挺过来。,5655369387,1,橙茗cdy,618,212,f
4467156555488248,Sat Feb 01 13:56:21 +0800 2020,物资一定不能缺，眼下紧急时刻，一定要保证物资的供应,5737302115,2,付小雨Y,103,66,f
