﻿4466431112278281,Thu Jan 30 13:53:42 +0800 2020,郭美美影响太深了,1949450835,118,失控的李,589,475,m
4466434359395839,Thu Jan 30 14:06:35 +0800 2020,希望这次疫情赶紧过去 我相信我们的祖国,6517473116,50,岚裳nn,404,526,f
4466431128859898,Thu Jan 30 13:53:46 +0800 2020,打开的是福临门；、看到的是福禄寿；、收到的是福五娃；、撞到的是福星运；、盼到的是福满仓；、快到的是福鼠年。祝家家新春快乐！,6178695697,51,债务重组阿信,2773,548249,m
4466434555567505,Thu Jan 30 14:07:23 +0800 2020,不造谣，不传谣，不信谣，跟着国家跟着党走，相信一定能够成功[加油],6155017252,46,我们都是小清新呐,759,632,f
4466430936065899,Thu Jan 30 13:53:00 +0800 2020,吼,2470507755,17,獭吃四条鱼,466,1056,f
4466435146975931,Thu Jan 30 14:09:44 +0800 2020,全员做好，有问题及时就诊，没事的好好在家不出去，会过去的,5883589168,16,iconsbaby,1230,691,f
4466431721013064,Thu Jan 30 13:56:06 +0800 2020,建议加大对散播谣言的人的处罚力度，最近谣言实在是太多太多了,2694161647,13,Joeupup,85,190,m
4466434010750552,Thu Jan 30 14:05:13 +0800 2020,那这几百吨蔬菜到哪里去了？直接捐助了,6784913517,14,火星弟弟是地球的哈哈,237,470,f
4466431175825883,Thu Jan 30 13:53:57 +0800 2020,#强烈要求北京延长复工时间#,6154031342,10,陆巡长安,319,168,m
4466434950715671,Thu Jan 30 14:08:57 +0800 2020,这种时候就不要传谣造谣了，只认准官方就好了,5822856264,9,焦玄玄,367,164,f
4466434535375160,Thu Jan 30 14:07:18 +0800 2020,希望能做到公开透明点,5573643694,10,宇新大帝,269,53,m
4466436682097396,Thu Jan 30 14:15:50 +0800 2020,希望以后捐款什么的都能公开透明,6519120363,5,莹颖盈zy,297,497,f
4466436808655446,Thu Jan 30 14:16:20 +0800 2020,一定要注意安全，这次疫情我们一定可以挺过去,7172411586,3,嗜钓非鱼,473,101,f
4466435118565106,Thu Jan 30 14:09:37 +0800 2020,只要我们不造谣就行了 我们默默的支持,5997977576,4,森虞yy,763,637,f
4466434434037965,Thu Jan 30 14:06:54 +0800 2020,我们一直在支援武汉,6634020961,6,小萌猫一起菲,741,453,f
4466435168392178,Thu Jan 30 14:09:49 +0800 2020,我们都要做到不造谣，不信谣，不传谣,2757585107,4,七戚哥,255,22,f
4466434795533143,Thu Jan 30 14:08:20 +0800 2020,希望大家在这段时间不要传播谣言，也不要发布谣言。,7133505089,4,黎曼-积分,598,561,f
4466436493462310,Thu Jan 30 14:15:04 +0800 2020,只要团结一心，都做好，就一定会很快的过去的，加油,7218137524,2,花花会飞哇,685,251,f
4466436463999167,Thu Jan 30 14:14:57 +0800 2020,我们不信谣，也不传谣,5840410525,2,菲菲恋萌,976,215,f
4466435395314268,Thu Jan 30 14:10:43 +0800 2020,大家不要造谣了，希望我们的武汉能早日成功,6914443791,2,我自己呀_,695,595,f
4466436875727221,Thu Jan 30 14:16:35 +0800 2020,加油吧，全国人民团结一心，谁做好谁自己的事情,3004165497,2,糖小美icon,1156,339,f
4466435345070979,Thu Jan 30 14:10:31 +0800 2020,不属实还是别信了🙏🙏希望武汉能够早点度过难关,6155017253,1,阿离的小团子,671,632,f
4466435168440180,Thu Jan 30 14:09:49 +0800 2020,希望大家不信谣不传谣，一起度过难关！,6436095412,2,AAAyuAngel,726,874,f
4466433364802875,Thu Jan 30 14:02:39 +0800 2020,也没有人相信十字会了,5543382653,3,Haggi_Ling,1352,976,m
4466436192070237,Thu Jan 30 14:13:53 +0800 2020,"真的希望别谣言了消停在家呆着吧别添乱好不好<span class=""url-icon""><img alt=[心] src=""https://h5.sinaimg.cn/m/emoticon/icon/others/l_xin-6912791858.png"" style=""width:1em; height:1em;"" /></span><span class=""url-icon""><img alt=[心] src=""https://h5.sinaimg.cn/m/emoticon/icon/others/l_xin-6912791858.png"" style=""width:1em; height:1em;"" /></span><span class=""url-icon""><img alt=[心] src=""https://h5.sinaimg.cn/m/emoticon/icon/others/l_xin-6912791858.png"" style=""width:1em; height:1em;"" /></span>",6486281727,2,大哥讨厌吃榴莲,475,177,m
4466436242579767,Thu Jan 30 14:14:05 +0800 2020,希望大家可以一起加油，不要听信谣言！,7008253686,1,喜欢汉服的小姑凉,251,590,f
4466435869374430,Thu Jan 30 14:12:36 +0800 2020,不信谣，不传谣，相信政府,6499323522,1,观音菩萨A8,356,93,m
4466435826963522,Thu Jan 30 14:12:25 +0800 2020,这个时候还有能出来造谣的，我觉得可以抓起来拘留起来了，太气人了。,7244401395,1,可爱的瓜瓜思宇,91,20,m
4466436535508741,Thu Jan 30 14:15:15 +0800 2020,不信谣不传谣不造谣，希望疫情赶紧过去！！！,5677709014,1,张张努力呀,264,34,f
4466436338852623,Thu Jan 30 14:14:28 +0800 2020,希望大家都不要乱造谣了，毕竟官方没有发布,6644097793,0,可乐不加冰淇淋蛋糕,662,566,f
4466435789346080,Thu Jan 30 14:12:16 +0800 2020,希望这场疫情早点过去，都要好起来啊,2790909907,0,二仪织,309,94,f
4466435718058634,Thu Jan 30 14:12:00 +0800 2020,全员都做好啊，加油一起团结度过吧，很快会过去的,5563216904,0,华华是英雄,556,34,f
4466435521076015,Thu Jan 30 14:11:13 +0800 2020,医务人员每天在奋战，可是有些人却闲的天天造谣,5869625608,1,magicGH,97,62,f
4466435281938357,Thu Jan 30 14:10:16 +0800 2020,影响的太深了，继续加油,7191045989,1,无情而又残忍,318,200,m
4466435806186461,Thu Jan 30 14:12:21 +0800 2020,那到底有没有捐助这些蔬菜呢，如果捐助的话那这些蔬菜去哪里了？,7158434649,2,快乐肥宅水-101,533,223,m
4466432840264484,Thu Jan 30 14:00:34 +0800 2020,我相信这次是谣言，但是红十字会是不是也该反思一下，为什么人民群众对你的信任度这么低？,5756896156,3,昵称不可用啊咋办,191,50,f
4466436824685001,Thu Jan 30 14:16:23 +0800 2020,"只希望我们现在老老实实在家呆着哪都别去别乱说最好<span class=""url-icon""><img alt=[心] src=""https://h5.sinaimg.cn/m/emoticon/icon/others/l_xin-6912791858.png"" style=""width:1em; height:1em;"" /></span><span class=""url-icon""><img alt=[心] src=""https://h5.sinaimg.cn/m/emoticon/icon/others/l_xin-6912791858.png"" style=""width:1em; height:1em;"" /></span><span class=""url-icon""><img alt=[心] src=""https://h5.sinaimg.cn/m/emoticon/icon/others/l_xin-6912791858.png"" style=""width:1em; height:1em;"" /></span>",6893579666,1,迪迪不吃鱼,462,71,m
4466432576259312,Thu Jan 30 13:59:31 +0800 2020,反正红十字的名声不咋好~没人监管~百姓根本不知道都捐了多少钱都用在哪了~,1088583954,1,山下青松01,249,265,m
4466432165705123,Thu Jan 30 13:57:52 +0800 2020,“信任”是一笔无价财富，之前的郭美美事件，让红十字会这个最纯粹和公益之地蒙上一层阴影，信任危机一旦形成，数年之后，依然挥之不去。,1984950133,1,一个叫枫的小姐姐,292,1342,f
4466436594801975,Thu Jan 30 14:15:29 +0800 2020,在这大难来临之际，还是有人闲的难受，造谣生事，无事生非可恶。,7336182021,1,笑看天下哈,590,66,m
4466436355353997,Thu Jan 30 14:14:32 +0800 2020,希望疫情赶紧过去吧，不要再传谣了,7320258273,0,芒果芒9,252,22,f
4466436082298346,Thu Jan 30 14:13:26 +0800 2020,我们一定不要随便的说，现在只祈祷病情能够赶快过去,3920206108,0,名画不圆的圈,446,102,f
4466435499267396,Thu Jan 30 14:11:07 +0800 2020,大难面前总会有一些个心怀不轨的人制造谣言。,7336177735,1,老鹰展翅666,590,21,f
4466435424009351,Thu Jan 30 14:10:50 +0800 2020,网络谣传真的是吓死个人希望励志对待,5821852974,0,P克切,80,25,f
4466434773912143,Thu Jan 30 14:08:15 +0800 2020,一定要全力支持的，这样才能更好的战胜过去,6645221483,0,飞跃梦想出发,379,28,f
4466433960908879,Thu Jan 30 14:05:01 +0800 2020,一朝失足，成千古恨！,1577103283,0,毋为cL,482,247,m
4466432915808475,Thu Jan 30 14:00:52 +0800 2020,可见啊！哎,5311847430,0,安徽黄百万,129,12802,m
4466431753912487,Thu Jan 30 13:56:15 +0800 2020,那个“之行”反正是真的呀，银行都是选择的，何来打错字一说,5661069543,0,愿你肩头扛的起清风明月草长莺飞,596,123,f
4466436057645376,Thu Jan 30 14:13:21 +0800 2020,"对打赢这场疫情防控阻击战要有足够的信心<span class=""url-icon""><img alt=[心] src=""https://h5.sinaimg.cn/m/emoticon/icon/others/l_xin-6912791858.png"" style=""width:1em; height:1em;"" /></span><span class=""url-icon""><img alt=[心] src=""https://h5.sinaimg.cn/m/emoticon/icon/others/l_xin-6912791858.png"" style=""width:1em; height:1em;"" /></span>",5712815991,0,liurui961010,155,17,f
4466435859987942,Thu Jan 30 14:12:34 +0800 2020,我也不相信这个是真的，怎么可能呢？,6558254020,0,胡同小巷鸭,560,955,m
4466435583952141,Thu Jan 30 14:11:28 +0800 2020,现在最好的就是能公开一点啊！感觉都没有保障了,5829106077,0,猫七姑娘zyzn,608,1084,m
4466434895659659,Thu Jan 30 14:08:43 +0800 2020,"希望都不要老是造谣了，真的是搞不懂呀，莫名其妙<span class=""url-icon""><img alt=[挖鼻] src=""https://h5.sinaimg.cn/m/emoticon/icon/default/d_wabishi-842338e697.png"" style=""width:1em; height:1em;"" /></span><span class=""url-icon""><img alt=[挖鼻] src=""https://h5.sinaimg.cn/m/emoticon/icon/default/d_wabishi-842338e697.png"" style=""width:1em; height:1em;"" /></span><span class=""url-icon""><img alt=[挖鼻] src=""https://h5.sinaimg.cn/m/emoticon/icon/default/d_wabishi-842338e697.png"" style=""width:1em; height:1em;"" /></span><span class=""url-icon""><img alt=[挖鼻] src=""https://h5.sinaimg.cn/m/emoticon/icon/default/d_wabishi-842338e697.png"" style=""width:1em; height:1em;"" /></span><span class=""url-icon""><img alt=[挖鼻] src=""https://h5.sinaimg.cn/m/emoticon/icon/default/d_wabishi-842338e697.png"" style=""width:1em; height:1em;"" /></span>",6605407661,0,小蓝本蓝的迷妹,66,23,f
4466436648692021,Thu Jan 30 14:15:42 +0800 2020,那我很好奇他这个蔬菜不属实，那么它的那个350吨蔬菜去了呢。,7246158458,1,无cannot,157,12,f
4466436670017960,Thu Jan 30 14:15:47 +0800 2020,每个人不出门，就算是为国家做贡献了。,6632582568,0,发一次顾,177,18,f
4466436510522749,Thu Jan 30 14:15:09 +0800 2020,一朝黑，洗白太难,1969506254,0,美丽Maxp1984,301,30,f
4466436158686129,Thu Jan 30 14:13:45 +0800 2020,红十字会厉害了,5306863820,0,晓溪123778,143,110,m
4466436036910448,Thu Jan 30 14:13:16 +0800 2020,不管怎么样，我们也要辟谣不属实的情况。,6021063093,0,情之所至1伊人,110,185,m
4466435810089213,Thu Jan 30 14:12:22 +0800 2020,这些个人呆在家里确实是无聊至极吧,5281199624,0,花心乌龙院,403,57,f
4466435625716618,Thu Jan 30 14:11:38 +0800 2020,那些造谣的别再造谣了，减值的该打。,7331670090,0,自己想不得不说,60,62,m
4466434996395142,Thu Jan 30 14:09:08 +0800 2020,真的是造谣的人能不能停止毫无意义。,7204966531,0,杏子小娇,37,9,f
4466434627181210,Thu Jan 30 14:07:40 +0800 2020,现在外面很多东西的价格都在变化，因为病情的影响,3448220960,0,PGE王,643,357,f
4466434333302585,Thu Jan 30 14:06:30 +0800 2020,不管怎么样，我们也要辟谣这种不属实的情况，,7226863528,0,丧0920,124,10,f
4466433583169491,Thu Jan 30 14:03:31 +0800 2020,你的任务就是”辟谣”,6131316577,0,武王买公寓,649,208,m
4466433079870216,Thu Jan 30 14:01:31 +0800 2020,怎么只能看到四五条评论,5360651791,0,打油诗公子,14,38,m
4466432429629081,Thu Jan 30 13:58:56 +0800 2020,说真的  红十字会的信誉是真的差,3200669782,0,微辣的蛋黄酱,29,117,m
4466432396229198,Thu Jan 30 13:58:48 +0800 2020,造谣一张嘴辟谣跑断腿啊,1286957763,0,常州州长,87,58,m
4466432161312232,Thu Jan 30 13:57:51 +0800 2020,不信,1776908431,0,橘子公舍,202,191,f
4466431560812505,Thu Jan 30 13:55:29 +0800 2020,"红十字会<span class=""url-icon""><img alt=[doge] src=""https://h5.sinaimg.cn/m/emoticon/icon/others/d_doge-861403219c.png"" style=""width:1em; height:1em;"" /></span><span class=""url-icon""><img alt=[doge] src=""https://h5.sinaimg.cn/m/emoticon/icon/others/d_doge-861403219c.png"" style=""width:1em; height:1em;"" /></span><span class=""url-icon""><img alt=[doge] src=""https://h5.sinaimg.cn/m/emoticon/icon/others/d_doge-861403219c.png"" style=""width:1em; height:1em;"" /></span><span class=""url-icon""><img alt=[doge] src=""https://h5.sinaimg.cn/m/emoticon/icon/others/d_doge-861403219c.png"" style=""width:1em; height:1em;"" /></span>",5562308279,0,追风小霸王,161,98,m
4466435764421397,Thu Jan 30 14:12:11 +0800 2020,"疫情严重，搞不懂那些蹭热点的心里都在想什么，蹭热点一时爽，然后全家乱坟岗<span class=""url-icon""><img alt=[怒] src=""https://h5.sinaimg.cn/m/emoticon/icon/default/d_nu-54e54e160b.png"" style=""width:1em; height:1em;"" /></span><span class=""url-icon""><img alt=[怒] src=""https://h5.sinaimg.cn/m/emoticon/icon/default/d_nu-54e54e160b.png"" style=""width:1em; height:1em;"" /></span><span class=""url-icon""><img alt=[怒] src=""https://h5.sinaimg.cn/m/emoticon/icon/default/d_nu-54e54e160b.png"" style=""width:1em; height:1em;"" /></span>",7298940644,0,慢两拍的,56,115,m
4466435646091066,Thu Jan 30 14:11:43 +0800 2020,已经失信于民了,5902255718,0,粤良好市民,16,53,m
4466435382196757,Thu Jan 30 14:10:40 +0800 2020,所有人都要挺住呀，要相信我们一定会扛过去的,5280026295,0,L周科科,417,149,f
4466434304697769,Thu Jan 30 14:06:23 +0800 2020,只有透明才没有谣言啊,7350121731,0,朋友就是朋友86,20,0,m
4466434182497227,Thu Jan 30 14:05:53 +0800 2020,武汉红十字会出来走两步啊，收了多少捐赠，发放多少，库存多少。为什么发放,7350121731,0,朋友就是朋友86,20,0,m
4466431712106327,Thu Jan 30 13:56:05 +0800 2020,我其实一直觉得各地都在捐钱，几千万几亿，我就不懂那些钱都去哪里，拿去干嘛的，搞得我一包一次性口罩要100块钱，还供不应求，钱去哪里了？,6522026398,0,F_天上月,35,11,m
4466431624499332,Thu Jan 30 13:55:44 +0800 2020,那到底捐还是没捐啊？要是捐了去哪了？,7255940502,0,一步之遥_-,240,115,m
4466436837846769,Thu Jan 30 14:16:27 +0800 2020,中国人民一起克服就一定会过去。中国加油啊,6490636448,0,菜菜小垃圾,209,379,m
4466436661886276,Thu Jan 30 14:15:45 +0800 2020,一起加油打赢这场疫情防控阻击战，我们可以的[加油][加油][加油],3221532811,0,薄雾若霜,169,74,f
4466436653466393,Thu Jan 30 14:15:43 +0800 2020,一定会好起来的中国人民一起克服就一定会过去。,5686032192,0,今天减肥了八,209,116,f
4466436598631442,Thu Jan 30 14:15:30 +0800 2020,希望大家不要再随便造谣了，真的是太过分了，一切都是为了武汉,6575975722,0,子文超甜,1128,529,f
4466436448018316,Thu Jan 30 14:14:54 +0800 2020,相信我们的祖国会越来越棒的,6776317786,0,我赦免一切的人,150,96,f
4466436351479985,Thu Jan 30 14:14:31 +0800 2020,"坚决打赢抗击冠状病毒战役，我们一起加油<span class=""url-icon""><img alt=[心] src=""https://h5.sinaimg.cn/m/emoticon/icon/others/l_xin-6912791858.png"" style=""width:1em; height:1em;"" /></span><span class=""url-icon""><img alt=[心] src=""https://h5.sinaimg.cn/m/emoticon/icon/others/l_xin-6912791858.png"" style=""width:1em; height:1em;"" /></span><span class=""url-icon""><img alt=[心] src=""https://h5.sinaimg.cn/m/emoticon/icon/others/l_xin-6912791858.png"" style=""width:1em; height:1em;"" /></span>",5627130813,0,惠爱杨,108,23,f
4466435940034790,Thu Jan 30 14:12:53 +0800 2020,希望大家不要再随便传播谣言了,6314712964,0,要安稳咦,1044,594,f
4466435797463174,Thu Jan 30 14:12:19 +0800 2020,相信我们的祖国,6730774054,0,小猪妹妹lemno,179,100,f
4466435730745801,Thu Jan 30 14:12:03 +0800 2020,一起加油打赢这场疫情防控阻击战，加油[加油][加油][加油],5666002853,0,咕噜噜小小熊,250,527,m
4466435474282549,Thu Jan 30 14:11:02 +0800 2020,"要相信祖国的力量，让我们一起共渡此次难关<span class=""url-icon""><img alt=[心] src=""https://h5.sinaimg.cn/m/emoticon/icon/others/l_xin-6912791858.png"" style=""width:1em; height:1em;"" /></span><span class=""url-icon""><img alt=[心] src=""https://h5.sinaimg.cn/m/emoticon/icon/others/l_xin-6912791858.png"" style=""width:1em; height:1em;"" /></span>",5823104307,0,盖世Wong,414,520,m
4466435436388035,Thu Jan 30 14:10:52 +0800 2020,相信一定会成功的,5990940846,0,摇摆小古,221,132,f
4466435382357115,Thu Jan 30 14:10:39 +0800 2020,希望这次以前赶快过去网友们，请不要在造谣了。,6850569826,0,呦呦的大太阳,86,91,f
4466435223164934,Thu Jan 30 14:10:02 +0800 2020,风雨之后终会见到彩虹的，一起加油🙏🙏🙏,6352626288,0,猪猪橙晨,269,69,f
4466435184871296,Thu Jan 30 14:09:53 +0800 2020,希望这个期间大家不传谣言，好好的全力以赴战胜困难。,6850562832,1,美腻的小丹丹,101,64,f
4466435067929617,Thu Jan 30 14:09:24 +0800 2020,我希望所有人都好好的，这个病情过去之后都会团圆的,6576257372,0,S陈等等的小宝贝,263,258,m
4466434979923009,Thu Jan 30 14:09:04 +0800 2020,"相信一切都会过去的，一切都会好起来的<span class=""url-icon""><img alt=[心] src=""https://h5.sinaimg.cn/m/emoticon/icon/others/l_xin-6912791858.png"" style=""width:1em; height:1em;"" /></span><span class=""url-icon""><img alt=[心] src=""https://h5.sinaimg.cn/m/emoticon/icon/others/l_xin-6912791858.png"" style=""width:1em; height:1em;"" /></span>",5797534420,0,Blingfairly,310,65,f
4466434791140209,Thu Jan 30 14:08:19 +0800 2020,大家能不能不要造谣了？现在假消息真的太多了,6573995553,0,炸毛徐x,1129,681,f
4466434765878410,Thu Jan 30 14:08:13 +0800 2020,看完这个我真的是很感动了，所有人都在为这个病情努力呀,6574257682,0,W刘南南,410,103,f
4466434334153339,Thu Jan 30 14:06:30 +0800 2020,前几天一直以为这个是真的，原来是假的,6086514241,0,孝牙套妹Aimee,846,244,f
4466432613866857,Thu Jan 30 13:59:39 +0800 2020,"捐赠连手续都没有吗，呼吁走正常捐赠渠道，同时媒体证实后再如实报道。<a  href=""https://m.weibo.cn/p/index?extparam=%E9%BB%91%E9%BE%99%E6%B1%9F%E7%BD%91%E4%BA%8B&containerid=1008087af0962e46746e7e62738c11ec09abf1"" data-hide=""""><span class='url-icon'><img style='width: 1rem;height: 1rem' src='https://n.sinaimg.cn/photo/5213b46e/20180926/timeline_card_small_super_default.png'></span><span class=""surl-text"">黑龙江网事</span></a><a  href=""https://m.weibo.cn/p/index?extparam=%E6%9E%97%E4%BA%91%E7%BD%91%E4%BA%8B&containerid=100808b114640fe305ba36f82dade52616e10e"" data-hide=""""><span class='url-icon'><img style='width: 1rem;height: 1rem' src='https://n.sinaimg.cn/photo/5213b46e/20180926/timeline_card_small_super_default.png'></span><span class=""surl-text"">林云网事</span></a><a  href=""https://m.weibo.cn/search?containerid=231522type%3D1%26t%3D10%26q%3D%23%E5%AF%BF%E5%85%89%E6%8D%90%E8%B5%A0350%E5%90%A8%E8%94%AC%E8%8F%9C%E6%8A%B5%E8%BE%BE%E6%AD%A6%E6%B1%89%23&extparam=%23%E5%AF%BF%E5%85%89%E6%8D%90%E8%B5%A0350%E5%90%A8%E8%94%AC%E8%8F%9C%E6%8A%B5%E8%BE%BE%E6%AD%A6%E6%B1%89%23"" data-hide=""""><span class=""surl-text"">#寿光捐赠350吨蔬菜抵达武汉#</span></a> <a  href=""https://m.weibo.cn/search?containerid=231522type%3D1%26t%3D10%26q%3D%23%E5%B1%B1%E4%B8%9C%E5%AF%BF%E5%85%89350%E5%90%A8%E8%94%AC%E8%8F%9C%E9%A9%B0%E6%8F%B4%E6%AD%A6%E6%B1%89%23&extparam=%23%E5%B1%B1%E4%B8%9C%E5%AF%BF%E5%85%89350%E5%90%A8%E8%94%AC%E8%8F%9C%E9%A9%B0%E6%8F%B4%E6%AD%A6%E6%B1%89%23"" data-hide=""""><span class=""surl-text"">#山东寿光350吨蔬菜驰援武汉#</span></a>",1764406347,0,智趣威虎山,5969,11041,m
