﻿4466062433663795,Wed Jan 29 13:28:42 +0800 2020,要加强监管，防止他用，让暖心之举真正惠及武汉人民。,6146388060,55,动静齐观,78,48,m
4466069672477365,Wed Jan 29 13:57:28 +0800 2020,"<a  href=""https://m.weibo.cn/search?containerid=231522type%3D1%26t%3D10%26q%3D%23%E6%96%B0%E5%9E%8B%E5%86%A0%E7%8A%B6%E7%97%85%E6%AF%92%E6%84%9F%E6%9F%93%E8%82%BA%E7%82%8E%23&extparam=%23%E6%96%B0%E5%9E%8B%E5%86%A0%E7%8A%B6%E7%97%85%E6%AF%92%E6%84%9F%E6%9F%93%E8%82%BA%E7%82%8E%23"" data-hide=""""><span class=""surl-text"">#新型冠状病毒感染肺炎#</span></a>【中国邮政增开捐赠物资寄递服务在线受理渠道】从1月29日起，中国邮政增开武汉防疫捐赠物资寄递服务在线受理渠道，义务寄递全国寄往武汉市政府指定接收的红十字会机构的捐赠物资。",5983324736,34,娄底车务段,330,9356,m
4466065339961376,Wed Jan 29 13:40:14 +0800 2020,"<span class=""url-icon""><img alt=[心] src=""https://h5.sinaimg.cn/m/emoticon/icon/others/l_xin-6912791858.png"" style=""width:1em; height:1em;"" /></span><span class=""url-icon""><img alt=[心] src=""https://h5.sinaimg.cn/m/emoticon/icon/others/l_xin-6912791858.png"" style=""width:1em; height:1em;"" /></span>",5880842507,32,绘里圆舞曲,1574,230708,f
4466061229663012,Wed Jan 29 13:23:55 +0800 2020,转发微博,1841843221,2,飞天6317,887,1224,f
4466063414953308,Wed Jan 29 13:32:36 +0800 2020,老法师常说，慈悲(爱心)能把病毒细胞变成好细胞。信心(不疑)是真正的免疫系统，最好的抵抗力。,6654030290,34,如善妙音,17019,28243,f
